image_id,p_180
test_00000,0.0131450
test_00001,0.5695327
test_00002,0.9765571
test_00003,0.0071411
test_00004,0.9749085
test_00005,0.0477144
test_00006,0.9943619
test_00007,0.9953613
test_00008,0.9828696
test_00009,0.0154401
test_00010,0.9896656
test_00011,0.0092518
test_00012,0.0141478
test_00013,0.9917371
test_00014,0.9505985
test_00015,0.9947667
test_00016,0.9622688
test_00017,0.0648651
test_00018,0.4580940
test_00019,0.0122705
test_00020,0.0051576
test_00021,0.0214561
test_00022,0.9852201
test_00023,0.0245726
test_00024,0.0143771
test_00025,0.8987564
test_00026,0.9936298
test_00027,0.0328762
test_00028,0.3267813
test_00029,0.9975489
test_00030,0.0181428
test_00031,0.9914418
test_00032,0.9277772
test_00033,0.9792973
test_00034,0.9640671
test_00035,0.9739114
test_00036,0.0835806
test_00037,0.0484648
test_00038,0.0214999
test_00039,0.0052523
test_00040,0.4919355
test_00041,0.0193876
test_00042,0.9731833
test_00043,0.0029138
test_00044,0.0045910
test_00045,0.9897895
test_00046,0.0539668
test_00047,0.9973413
test_00048,0.9894016
test_00049,0.9355391
test_00050,0.9817204
test_00051,0.0022574
test_00052,0.0088276
test_00053,0.9360098
test_00054,0.1793526
test_00055,0.9892180
test_00056,0.0262744
test_00057,0.9911431
test_00058,0.0234607
test_00059,0.0140649
test_00060,0.8354704
test_00061,0.0169283
test_00062,0.1115020
test_00063,0.0437449
test_00064,0.0210680
test_00065,0.9822257
test_00066,0.3281386
test_00067,0.0197412
test_00068,0.0725605
test_00069,0.0874548
test_00070,0.9558547
test_00071,0.9480814
test_00072,0.9899998
test_00073,0.1067939
test_00074,0.9490557
test_00075,0.8009793
test_00076,0.0348629
test_00077,0.9963139
test_00078,0.6327905
test_00079,0.4207571
test_00080,0.0604248
test_00081,0.9886078
test_00082,0.8937221
test_00083,0.0233308
test_00084,0.9996229
test_00085,0.7943440
test_00086,0.4959242
test_00087,0.7315069
test_00088,0.0020139
test_00089,0.9728763
test_00090,0.0359472
test_00091,0.0724135
test_00092,0.8969421
test_00093,0.0121583
test_00094,0.9943354
test_00095,0.8810819
test_00096,0.0268555
test_00097,0.0564920
test_00098,0.0008997
test_00099,0.0451792
test_00100,0.0228132
test_00101,0.4413247
test_00102,0.0305549
test_00103,0.9385275
test_00104,0.9876031
test_00105,0.0003750
test_00106,0.0099025
test_00107,0.9679430
test_00108,0.0084289
test_00109,0.0115461
test_00110,0.9982051
test_00111,0.1030964
test_00112,0.9779653
test_00113,0.0060554
test_00114,0.9412144
test_00115,0.5773503
test_00116,0.0291744
test_00117,0.9817019
test_00118,0.9343079
test_00119,0.2418615
test_00120,0.0040599
test_00121,0.9601307
test_00122,0.9944007
test_00123,0.9327638
test_00124,0.0396786
test_00125,0.0769399
test_00126,0.0392533
test_00127,0.9882341
test_00128,0.0044435
test_00129,0.0806869
test_00130,0.9743113
test_00131,0.0094430
test_00132,0.0225345
test_00133,0.9874970
test_00134,0.0104973
test_00135,0.9395201
test_00136,0.0748157
test_00137,0.9871573
test_00138,0.9985384
test_00139,0.2185547
test_00140,0.9447231
test_00141,0.0430428
test_00142,0.9698696
test_00143,0.9563362
test_00144,0.0111849
test_00145,0.5254275
test_00146,0.1127445
test_00147,0.9929394
test_00148,0.0803590
test_00149,0.0250687
test_00150,0.0183857
test_00151,0.5356880
test_00152,0.0451474
test_00153,0.0423983
test_00154,0.9321020
test_00155,0.9774188
test_00156,0.9807373
test_00157,0.0122169
test_00158,0.9914601
test_00159,0.8307083
test_00160,0.9571797
test_00161,0.0609457
test_00162,0.0411113
test_00163,0.9753752
test_00164,0.0354497
test_00165,0.9869923
test_00166,0.9314346
test_00167,0.2571661
test_00168,0.0388230
test_00169,0.0043534
test_00170,0.9558651
test_00171,0.7823217
test_00172,0.7975475
test_00173,0.0333755
test_00174,0.0015611
test_00175,0.9974849
test_00176,0.9950688
test_00177,0.3364958
test_00178,0.0142056
test_00179,0.9354938
test_00180,0.0042117
test_00181,0.5785892
test_00182,0.8960831
test_00183,0.3845878
test_00184,0.7979289
test_00185,0.9660362
test_00186,0.0091907
test_00187,0.9798035
test_00188,0.9871745
test_00189,0.7333642
test_00190,0.0418101
test_00191,0.9601797
test_00192,0.0289420
test_00193,0.2343391
test_00194,0.0016214
test_00195,0.0760410
test_00196,0.0559603
test_00197,0.8032356
test_00198,0.0830045
test_00199,0.9919772
test_00200,0.9826916
test_00201,0.9822786
test_00202,0.9557325
test_00203,0.4153774
test_00204,0.9606750
test_00205,0.0073214
test_00206,0.0184126
test_00207,0.0012375
test_00208,0.0272846
test_00209,0.0094783
test_00210,0.0051312
test_00211,0.9590173
test_00212,0.9739195
test_00213,0.9823423
test_00214,0.8338934
test_00215,0.0007346
test_00216,0.0123319
test_00217,0.0463984
test_00218,0.0167706
test_00219,0.9927944
test_00220,0.9780862
test_00221,0.9590179
test_00222,0.0009172
test_00223,0.9879121
test_00224,0.8522613
test_00225,0.9007740
test_00226,0.0183505
test_00227,0.0205071
test_00228,0.2038680
test_00229,0.0008068
test_00230,0.0056385
test_00231,0.9661682
test_00232,0.9849179
test_00233,0.9423447
test_00234,0.0544992
test_00235,0.9797754
test_00236,0.0038683
test_00237,0.0065657
test_00238,0.8326576
test_00239,0.0505517
test_00240,0.0048431
test_00241,0.0068786
test_00242,0.0292661
test_00243,0.9601094
test_00244,0.9972305
test_00245,0.8483322
test_00246,0.0178313
test_00247,0.9500827
test_00248,0.9816648
test_00249,0.9839842
test_00250,0.0638070
test_00251,0.5766305
test_00252,0.0085191
test_00253,0.9995235
test_00254,0.0116961
test_00255,0.0095948
test_00256,0.0331526
test_00257,0.0072938
test_00258,0.2940821
test_00259,0.0728427
test_00260,0.0075246
test_00261,0.4905483
test_00262,0.9912542
test_00263,0.9757305
test_00264,0.9797500
test_00265,0.6776968
test_00266,0.0253617
test_00267,0.5315037
test_00268,0.0210199
test_00269,0.9855936
test_00270,0.9447506
test_00271,0.2174993
test_00272,0.9159199
test_00273,0.0223322
test_00274,0.2374774
test_00275,0.0029400
test_00276,0.1520239
test_00277,0.9697469
test_00278,0.2786373
test_00279,0.0793102
test_00280,0.9820696
test_00281,0.4700239
test_00282,0.9819415
test_00283,0.0258780
test_00284,0.1615656
test_00285,0.0375658
test_00286,0.0057445
test_00287,0.6641632
test_00288,0.9938049
test_00289,0.9270328
test_00290,0.8555076
test_00291,0.9971820
test_00292,0.9792861
test_00293,0.0076003
test_00294,0.9587908
test_00295,0.5525676
test_00296,0.0186547
test_00297,0.9621608
test_00298,0.1682276
test_00299,0.9742765
test_00300,0.1053710
test_00301,0.3894484
test_00302,0.1697273
test_00303,0.0154708
test_00304,0.0039307
test_00305,0.9762267
test_00306,0.9757528
test_00307,0.2655336
test_00308,0.3955929
test_00309,0.9951379
test_00310,0.9592925
test_00311,0.8683692
test_00312,0.2179174
test_00313,0.9425905
test_00314,0.0162275
test_00315,0.9305406
test_00316,0.9069128
test_00317,0.0181670
test_00318,0.9826094
test_00319,0.5307107
test_00320,0.9748582
test_00321,0.0351852
test_00322,0.8939751
test_00323,0.9118243
test_00324,0.8133961
test_00325,0.9745597
test_00326,0.0919588
test_00327,0.3889961
test_00328,0.5336895
test_00329,0.9163316
test_00330,0.9778909
test_00331,0.9857318
test_00332,0.9933171
test_00333,0.9567493
test_00334,0.9985209
test_00335,0.0220794
test_00336,0.0291141
test_00337,0.7979302
test_00338,0.0437168
test_00339,0.9919429
test_00340,0.7234316
test_00341,0.0128590
test_00342,0.9948847
test_00343,0.9952961
test_00344,0.8204163
test_00345,0.9837059
test_00346,0.0251990
test_00347,0.0167795
test_00348,0.9841838
test_00349,0.1232730
test_00350,0.9919323
test_00351,0.0658923
test_00352,0.8857872
test_00353,0.9640266
test_00354,0.0247990
test_00355,0.9982052
test_00356,0.2537887
test_00357,0.0311973
test_00358,0.9779276
test_00359,0.9427183
test_00360,0.9886878
test_00361,0.9944553
test_00362,0.8551477
test_00363,0.9989558
test_00364,0.9948155
test_00365,0.9784727
test_00366,0.9867545
test_00367,0.1114638
test_00368,0.0126197
test_00369,0.8086994
test_00370,0.1825810
test_00371,0.0095319
test_00372,0.9519813
test_00373,0.1322322
test_00374,0.9692835
test_00375,0.7831056
test_00376,0.0235633
test_00377,0.0008110
test_00378,0.9373644
test_00379,0.0024690
test_00380,0.0426396
test_00381,0.9927084
test_00382,0.5425237
test_00383,0.0118608
test_00384,0.9991333
test_00385,0.0535327
test_00386,0.9918670
test_00387,0.9627151
test_00388,0.0936515
test_00389,0.9899465
test_00390,0.7245809
test_00391,0.0021111
test_00392,0.4991390
test_00393,0.7541950
test_00394,0.1310590
test_00395,0.0143510
test_00396,0.0227469
test_00397,0.9777610
test_00398,0.0032138
test_00399,0.9135458
test_00400,0.9996686
test_00401,0.7289648
test_00402,0.9009027
test_00403,0.0065989
test_00404,0.0113699
test_00405,0.5904306
test_00406,0.9644879
test_00407,0.5671552
test_00408,0.9350320
test_00409,0.9739116
test_00410,0.0021828
test_00411,0.0057579
test_00412,0.0381823
test_00413,0.0601161
test_00414,0.3077258
test_00415,0.9590837
test_00416,0.0063955
test_00417,0.0620637
test_00418,0.9927611
test_00419,0.9988172
test_00420,0.0702586
test_00421,0.9834117
test_00422,0.6537734
test_00423,0.0049053
test_00424,0.0128054
test_00425,0.0227741
test_00426,0.9859211
test_00427,0.0110323
test_00428,0.0280840
test_00429,0.5238369
test_00430,0.9934446
test_00431,0.9899099
test_00432,0.9798298
test_00433,0.0749506
test_00434,0.9150855
test_00435,0.0830694
test_00436,0.9622545
test_00437,0.3038982
test_00438,0.9009685
test_00439,0.9687072
test_00440,0.0281583
test_00441,0.0030117
test_00442,0.9214031
test_00443,0.9419950
test_00444,0.9530852
test_00445,0.0060496
test_00446,0.0033535
test_00447,0.0093016
test_00448,0.9678215
test_00449,0.0019633
test_00450,0.0923747
test_00451,0.9932222
test_00452,0.9724836
test_00453,0.0125545
test_00454,0.7986388
test_00455,0.9938353
test_00456,0.0566736
test_00457,0.0018459
test_00458,0.6621230
test_00459,0.9750288
test_00460,0.0092587
test_00461,0.9964107
test_00462,0.0456458
test_00463,0.9371079
test_00464,0.0044650
test_00465,0.0073975
test_00466,0.9869401
test_00467,0.1672227
test_00468,0.9901402
test_00469,0.0294142
test_00470,0.1302974
test_00471,0.0641588
test_00472,0.0053292
test_00473,0.0349858
test_00474,0.0050564
test_00475,0.0044314
test_00476,0.4096377
test_00477,0.0142321
test_00478,0.3658581
test_00479,0.7993518
test_00480,0.9727775
test_00481,0.0011546
test_00482,0.0362972
test_00483,0.9914420
test_00484,0.2369685
test_00485,0.0056459
test_00486,0.0303060
test_00487,0.3935311
test_00488,0.0070477
test_00489,0.9224014
test_00490,0.9632547
test_00491,0.0182465
test_00492,0.8513346
test_00493,0.9843514
test_00494,0.8980119
test_00495,0.9876933
test_00496,0.3360780
test_00497,0.9362279
test_00498,0.0717262
test_00499,0.1366945
test_00500,0.9873598
test_00501,0.0053443
test_00502,0.9691512
test_00503,0.0269203
test_00504,0.9985150
test_00505,0.9061980
test_00506,0.9928674
test_00507,0.0068033
test_00508,0.9791881
test_00509,0.5259764
test_00510,0.9766949
test_00511,0.9755557
test_00512,0.9853250
test_00513,0.9790534
test_00514,0.0021663
test_00515,0.0121938
test_00516,0.1573378
test_00517,0.0203869
test_00518,0.0342586
test_00519,0.9850393
test_00520,0.0063418
test_00521,0.7866422
test_00522,0.4462852
test_00523,0.6522064
test_00524,0.9892393
test_00525,0.3869515
test_00526,0.0590180
test_00527,0.0158472
test_00528,0.0364235
test_00529,0.1001203
test_00530,0.0093421
test_00531,0.2186989
test_00532,0.4476117
test_00533,0.0084015
test_00534,0.9962609
test_00535,0.0165479
test_00536,0.0192541
test_00537,0.0639841
test_00538,0.9645666
test_00539,0.0728469
test_00540,0.9819925
test_00541,0.0288456
test_00542,0.0149003
test_00543,0.7581838
test_00544,0.9970760
test_00545,0.0497390
test_00546,0.0061121
test_00547,0.9988991
test_00548,0.0160958
test_00549,0.9974085
test_00550,0.0127436
test_00551,0.0117871
test_00552,0.9364936
test_00553,0.9560945
test_00554,0.2381155
test_00555,0.0362842
test_00556,0.8961143
test_00557,0.9810401
test_00558,0.0239867
test_00559,0.0087037
test_00560,0.7669275
test_00561,0.0190156
test_00562,0.8535489
test_00563,0.0009799
test_00564,0.9903286
test_00565,0.8462251
test_00566,0.0012071
test_00567,0.9066876
test_00568,0.0153174
test_00569,0.4514215
test_00570,0.0315363
test_00571,0.1096882
test_00572,0.0061230
test_00573,0.0153034
test_00574,0.0107561
test_00575,0.5749357
test_00576,0.9865458
test_00577,0.8809147
test_00578,0.0029092
test_00579,0.9702439
test_00580,0.9910053
test_00581,0.9976071
test_00582,0.0390612
test_00583,0.9538498
test_00584,0.0699514
test_00585,0.0599264
test_00586,0.9794903
test_00587,0.9989269
test_00588,0.1426873
test_00589,0.0114162
test_00590,0.0037694
test_00591,0.0109284
test_00592,0.0215871
test_00593,0.8358716
test_00594,0.9402244
test_00595,0.0992588
test_00596,0.2631726
test_00597,0.0088417
test_00598,0.9976166
test_00599,0.0422355
test_00600,0.7148449
test_00601,0.9045556
test_00602,0.9954997
test_00603,0.2225499
test_00604,0.4178092
test_00605,0.9751914
test_00606,0.9881567
test_00607,0.0566316
test_00608,0.0259666
test_00609,0.0017074
test_00610,0.9962413
test_00611,0.0219643
test_00612,0.5091794
test_00613,0.0798638
test_00614,0.8770168
test_00615,0.9812204
test_00616,0.0008932
test_00617,0.9256514
test_00618,0.2330315
test_00619,0.9956048
test_00620,0.9967954
test_00621,0.0379849
test_00622,0.9948130
test_00623,0.9560588
test_00624,0.2131196
test_00625,0.0108344
test_00626,0.9794499
test_00627,0.0063243
test_00628,0.0469411
test_00629,0.2457038
test_00630,0.9955715
test_00631,0.8055434
test_00632,0.9419024
test_00633,0.9691173
test_00634,0.9931700
test_00635,0.0576197
test_00636,0.9941820
test_00637,0.0681477
test_00638,0.0085075
test_00639,0.9856730
test_00640,0.0120621
test_00641,0.9705930
test_00642,0.8402468
test_00643,0.0011773
test_00644,0.9885488
test_00645,0.9353480
test_00646,0.4858544
test_00647,0.0071949
test_00648,0.9870551
test_00649,0.9923127
test_00650,0.0009734
test_00651,0.0254769
test_00652,0.1734825
test_00653,0.8998268
test_00654,0.6197951
test_00655,0.9802299
test_00656,0.0215882
test_00657,0.1578428
test_00658,0.9952000
test_00659,0.0103672
test_00660,0.0430584
test_00661,0.0014372
test_00662,0.9121591
test_00663,0.3860348
test_00664,0.0085313
test_00665,0.0182419
test_00666,0.9547267
test_00667,0.1678961
test_00668,0.1500995
test_00669,0.1875439
test_00670,0.3308749
test_00671,0.9666374
test_00672,0.9974110
test_00673,0.9305890
test_00674,0.9392885
test_00675,0.9457708
test_00676,0.4700855
test_00677,0.0372341
test_00678,0.9273895
test_00679,0.8440332
test_00680,0.1464951
test_00681,0.9964232
test_00682,0.9972737
test_00683,0.5114025
test_00684,0.9981280
test_00685,0.9373995
test_00686,0.9996712
test_00687,0.0108492
test_00688,0.0123587
test_00689,0.9972896
test_00690,0.1445892
test_00691,0.9905121
test_00692,0.9899204
test_00693,0.9669953
test_00694,0.0006321
test_00695,0.0837468
test_00696,0.0796665
test_00697,0.9955358
test_00698,0.0122172
test_00699,0.0228313
test_00700,0.9884896
test_00701,0.9944550
test_00702,0.9900859
test_00703,0.0191981
test_00704,0.0074238
test_00705,0.9929329
test_00706,0.0088093
test_00707,0.9029992
test_00708,0.0053327
test_00709,0.5681443
test_00710,0.0238268
test_00711,0.9475774
test_00712,0.5036494
test_00713,0.0159247
test_00714,0.0290952
test_00715,0.9997119
test_00716,0.9505746
test_00717,0.9378867
test_00718,0.2587138
test_00719,0.0193782
test_00720,0.9715090
test_00721,0.0047677
test_00722,0.0074021
test_00723,0.9881511
test_00724,0.9693502
test_00725,0.9892569
test_00726,0.0061008
test_00727,0.2055109
test_00728,0.9954462
test_00729,0.7776583
test_00730,0.6230659
test_00731,0.3313967
test_00732,0.0024158
test_00733,0.0830583
test_00734,0.9971418
test_00735,0.0301335
test_00736,0.9733679
test_00737,0.1359920
test_00738,0.0130138
test_00739,0.9927030
test_00740,0.0041095
test_00741,0.6951153
test_00742,0.8159204
test_00743,0.8693206
test_00744,0.0820935
test_00745,0.9800768
test_00746,0.1451524
test_00747,0.0188114
test_00748,0.9546012
test_00749,0.0131932
test_00750,0.0393347
test_00751,0.9859610
test_00752,0.0155096
test_00753,0.0043355
test_00754,0.0101375
test_00755,0.9892474
test_00756,0.5463700
test_00757,0.2419229
test_00758,0.1183746
test_00759,0.0663906
test_00760,0.9584244
test_00761,0.8982849
test_00762,0.0012698
test_00763,0.9033675
test_00764,0.0822227
test_00765,0.9712849
test_00766,0.0087328
test_00767,0.9805424
test_00768,0.1702350
test_00769,0.4615462
test_00770,0.9878762
test_00771,0.1082524
test_00772,0.0019050
test_00773,0.9571618
test_00774,0.9819960
test_00775,0.9997686
test_00776,0.9780482
test_00777,0.0087789
test_00778,0.0517944
test_00779,0.0112536
test_00780,0.9845486
test_00781,0.0103972
test_00782,0.0319162
test_00783,0.5632505
test_00784,0.9674244
test_00785,0.9740860
test_00786,0.9992036
test_00787,0.3090192
test_00788,0.9553618
test_00789,0.0761891
test_00790,0.9861067
test_00791,0.9937735
test_00792,0.9901096
test_00793,0.0472050
test_00794,0.9874435
test_00795,0.0096616
test_00796,0.0036833
test_00797,0.0035956
test_00798,0.9798278
test_00799,0.9263321
test_00800,0.0062264
test_00801,0.1287826
test_00802,0.0170767
test_00803,0.0170337
test_00804,0.2166893
test_00805,0.3645839
test_00806,0.9958449
test_00807,0.6135626
test_00808,0.0192214
test_00809,0.3578092
test_00810,0.8232325
test_00811,0.9941794
test_00812,0.9794339
test_00813,0.0297703
test_00814,0.9819964
test_00815,0.0400462
test_00816,0.0356571
test_00817,0.4520029
test_00818,0.1318727
test_00819,0.9019951
test_00820,0.1620913
test_00821,0.3811967
test_00822,0.9475453
test_00823,0.0202844
test_00824,0.0009616
test_00825,0.9976311
test_00826,0.8155389
test_00827,0.9872164
test_00828,0.9930791
test_00829,0.9846393
test_00830,0.8779571
test_00831,0.9884384
test_00832,0.4617119
test_00833,0.0400130
test_00834,0.0072324
test_00835,0.0160003
test_00836,0.6336073
test_00837,0.4288832
test_00838,0.0206600
test_00839,0.0003276
test_00840,0.0128722
test_00841,0.3490214
test_00842,0.9812888
test_00843,0.5118914
test_00844,0.1735814
test_00845,0.0030409
test_00846,0.9595709
test_00847,0.2136225
test_00848,0.0013762
test_00849,0.0150716
test_00850,0.0742897
test_00851,0.5253875
test_00852,0.9796430
test_00853,0.6479161
test_00854,0.9109825
test_00855,0.0568204
test_00856,0.9635238
test_00857,0.0224082
test_00858,0.3813334
test_00859,0.9861909
test_00860,0.0318485
test_00861,0.8466365
test_00862,0.0552379
test_00863,0.9603813
test_00864,0.2260760
test_00865,0.0060970
test_00866,0.0319304
test_00867,0.0123254
test_00868,0.9450234
test_00869,0.6154076
test_00870,0.5253946
test_00871,0.0037581
test_00872,0.0204817
test_00873,0.9858452
test_00874,0.0155261
test_00875,0.8263296
test_00876,0.2067220
test_00877,0.0366967
test_00878,0.0018473
test_00879,0.9736056
test_00880,0.0450837
test_00881,0.9385598
test_00882,0.9714679
test_00883,0.9931597
test_00884,0.9964836
test_00885,0.7854411
test_00886,0.0715164
test_00887,0.0958129
test_00888,0.0628132
test_00889,0.7414374
test_00890,0.5720291
test_00891,0.9950306
test_00892,0.0120456
test_00893,0.9943762
test_00894,0.6728216
test_00895,0.8904544
test_00896,0.1446446
test_00897,0.4690508
test_00898,0.9932913
test_00899,0.0313238
test_00900,0.0216587
test_00901,0.9834790
test_00902,0.1056608
test_00903,0.9911148
test_00904,0.9958474
test_00905,0.4291415
test_00906,0.2056554
test_00907,0.4866806
test_00908,0.0262775
test_00909,0.9924591
test_00910,0.0055642
test_00911,0.8523265
test_00912,0.8375674
test_00913,0.0035289
test_00914,0.0107726
test_00915,0.7184050
test_00916,0.0069617
test_00917,0.6610125
test_00918,0.0034604
test_00919,0.6852147
test_00920,0.0041567
test_00921,0.0068751
test_00922,0.7625143
test_00923,0.0039593
test_00924,0.5349625
test_00925,0.9986071
test_00926,0.9498917
test_00927,0.0067142
test_00928,0.9235539
test_00929,0.4258611
test_00930,0.0004747
test_00931,0.9881402
test_00932,0.0867038
test_00933,0.9684627
test_00934,0.9694251
test_00935,0.0568449
test_00936,0.9716369
test_00937,0.9985213
test_00938,0.0156697
test_00939,0.9964758
test_00940,0.9847764
test_00941,0.9790941
test_00942,0.5014654
test_00943,0.0086165
test_00944,0.3913834
test_00945,0.9868500
test_00946,0.9668698
test_00947,0.1492475
test_00948,0.0030508
test_00949,0.2676883
test_00950,0.0160133
test_00951,0.7940456
test_00952,0.9509420
test_00953,0.9929646
test_00954,0.8475407
test_00955,0.9959173
test_00956,0.0345986
test_00957,0.1062466
test_00958,0.0585134
test_00959,0.9717196
test_00960,0.0532589
test_00961,0.9972515
test_00962,0.0745899
test_00963,0.9831245
test_00964,0.9691687
test_00965,0.9195663
test_00966,0.9808960
test_00967,0.0040320
test_00968,0.0219536
test_00969,0.9576508
test_00970,0.9752643
test_00971,0.9378029
test_00972,0.3781192
test_00973,0.5525179
test_00974,0.0175666
test_00975,0.9646633
test_00976,0.9973496
test_00977,0.9858093
test_00978,0.0003721
test_00979,0.0256363
test_00980,0.9781609
test_00981,0.7263880
test_00982,0.2391706
test_00983,0.0388058
test_00984,0.1405108
test_00985,0.9673259
test_00986,0.0125961
test_00987,0.0056764
test_00988,0.1226766
test_00989,0.9740329
test_00990,0.0698805
test_00991,0.7681346
test_00992,0.0078288
test_00993,0.0068999
test_00994,0.0036264
test_00995,0.0875173
test_00996,0.9482774
test_00997,0.9970139
test_00998,0.0019592
test_00999,0.0384824
test_01000,0.0165119
test_01001,0.9860057
test_01002,0.0221768
test_01003,0.9521344
test_01004,0.0618954
test_01005,0.0122839
test_01006,0.0144746
test_01007,0.0166891
test_01008,0.7154279
test_01009,0.9950055
test_01010,0.9806570
test_01011,0.9527543
test_01012,0.1484537
test_01013,0.0034356
test_01014,0.0024084
test_01015,0.9379065
test_01016,0.7389910
test_01017,0.0131637
test_01018,0.9987854
test_01019,0.8407307
test_01020,0.9803483
test_01021,0.9937766
test_01022,0.0236836
test_01023,0.9557313
test_01024,0.0198846
test_01025,0.0145710
test_01026,0.4878551
test_01027,0.0240449
test_01028,0.0033717
test_01029,0.9596143
test_01030,0.9952435
test_01031,0.0404003
test_01032,0.7016221
test_01033,0.9985362
test_01034,0.2910398
test_01035,0.0019318
test_01036,0.8199874
test_01037,0.3819112
test_01038,0.9476569
test_01039,0.9560633
test_01040,0.9274243
test_01041,0.6699463
test_01042,0.9891472
test_01043,0.6118826
test_01044,0.9920726
test_01045,0.9583302
test_01046,0.0463822
test_01047,0.9929067
test_01048,0.9325872
test_01049,0.0106576
test_01050,0.0083948
test_01051,0.8856201
test_01052,0.9334434
test_01053,0.0034836
test_01054,0.5312400
test_01055,0.4674686
test_01056,0.0139520
test_01057,0.0218978
test_01058,0.7342330
test_01059,0.4059652
test_01060,0.9954084
test_01061,0.9752430
test_01062,0.0740657
test_01063,0.0859119
test_01064,0.0055804
test_01065,0.0705393
test_01066,0.9684033
test_01067,0.4904060
test_01068,0.8595482
test_01069,0.1460787
test_01070,0.9218694
test_01071,0.6020032
test_01072,0.9874787
test_01073,0.9858560
test_01074,0.9829991
test_01075,0.0140037
test_01076,0.0076301
test_01077,0.9538968
test_01078,0.0566362
test_01079,0.6409927
test_01080,0.9994327
test_01081,0.9651750
test_01082,0.9519489
test_01083,0.9947085
test_01084,0.0585567
test_01085,0.9852178
test_01086,0.9200253
test_01087,0.0452735
test_01088,0.2220512
test_01089,0.9895847
test_01090,0.9850802
test_01091,0.9946600
test_01092,0.2896443
test_01093,0.2603455
test_01094,0.0175567
test_01095,0.9988148
test_01096,0.3791297
test_01097,0.9947594
test_01098,0.9882455
test_01099,0.3680513
test_01100,0.5101843
test_01101,0.7174976
test_01102,0.9812088
test_01103,0.0159189
test_01104,0.2415806
test_01105,0.9750400
test_01106,0.4287376
test_01107,0.9113145
test_01108,0.8797973
test_01109,0.0969877
test_01110,0.7963137
test_01111,0.0044745
test_01112,0.0051022
test_01113,0.9858324
test_01114,0.1345281
test_01115,0.0247518
test_01116,0.9919520
test_01117,0.6672972
test_01118,0.0090077
test_01119,0.0091693
test_01120,0.0418884
test_01121,0.9944233
test_01122,0.0198286
test_01123,0.9844338
test_01124,0.0093315
test_01125,0.9713710
test_01126,0.9919738
test_01127,0.0017267
test_01128,0.9516337
test_01129,0.6790667
test_01130,0.9990832
test_01131,0.9440863
test_01132,0.0368638
test_01133,0.1086999
test_01134,0.0155576
test_01135,0.9882482
test_01136,0.7439154
test_01137,0.9943053
test_01138,0.9833103
test_01139,0.0211616
test_01140,0.0676101
test_01141,0.9358799
test_01142,0.9912415
test_01143,0.9951228
test_01144,0.9971704
test_01145,0.7796894
test_01146,0.9433821
test_01147,0.0164777
test_01148,0.8079649
test_01149,0.0713376
test_01150,0.3010274
test_01151,0.0064060
test_01152,0.0603544
test_01153,0.9941373
test_01154,0.6057885
test_01155,0.0353699
test_01156,0.0652166
test_01157,0.0219838
test_01158,0.0433235
test_01159,0.0438802
test_01160,0.0005848
test_01161,0.0063777
test_01162,0.2303299
test_01163,0.9972643
test_01164,0.0012261
test_01165,0.0072890
test_01166,0.9972758
test_01167,0.9727269
test_01168,0.7121251
test_01169,0.0109947
test_01170,0.0910340
test_01171,0.9725687
test_01172,0.9925185
test_01173,0.0671827
test_01174,0.5582867
test_01175,0.1996332
test_01176,0.0087003
test_01177,0.7140602
test_01178,0.9274141
test_01179,0.0021992
test_01180,0.0048388
test_01181,0.0046238
test_01182,0.9698249
test_01183,0.9874116
test_01184,0.8377698
test_01185,0.0040622
test_01186,0.0270344
test_01187,0.0083894
test_01188,0.0005127
test_01189,0.0029103
test_01190,0.0074092
test_01191,0.2794467
test_01192,0.9033163
test_01193,0.0804783
test_01194,0.8375183
test_01195,0.9570093
test_01196,0.5526839
test_01197,0.7248302
test_01198,0.0546274
test_01199,0.0119117
test_01200,0.4578798
test_01201,0.0396781
test_01202,0.9960327
test_01203,0.9735107
test_01204,0.0087713
test_01205,0.0003025
test_01206,0.8633558
test_01207,0.0318366
test_01208,0.8326279
test_01209,0.1790942
test_01210,0.9810660
test_01211,0.9193733
test_01212,0.0468594
test_01213,0.8638699
test_01214,0.7839735
test_01215,0.3711096
test_01216,0.9937885
test_01217,0.0509371
test_01218,0.3322323
test_01219,0.1388422
test_01220,0.9982393
test_01221,0.9988999
test_01222,0.7269537
test_01223,0.8685423
test_01224,0.9916040
test_01225,0.9845506
test_01226,0.1123896
test_01227,0.9542269
test_01228,0.0025033
test_01229,0.9896893
test_01230,0.8828206
test_01231,0.9357390
test_01232,0.0464479
test_01233,0.9573215
test_01234,0.0708390
test_01235,0.9983779
test_01236,0.9893690
test_01237,0.0038127
test_01238,0.0052055
test_01239,0.9885139
test_01240,0.9924298
test_01241,0.9861855
test_01242,0.0153015
test_01243,0.0294254
test_01244,0.0016271
test_01245,0.9974318
test_01246,0.8510799
test_01247,0.9136493
test_01248,0.0285890
test_01249,0.9911690
test_01250,0.5089041
test_01251,0.8531181
test_01252,0.0762231
test_01253,0.0128863
test_01254,0.9552433
test_01255,0.9739849
test_01256,0.9944323
test_01257,0.5420166
test_01258,0.0007825
test_01259,0.0214795
test_01260,0.0039448
test_01261,0.8995021
test_01262,0.4428822
test_01263,0.4439280
test_01264,0.1388090
test_01265,0.9148317
test_01266,0.0266440
test_01267,0.0762936
test_01268,0.0054709
test_01269,0.9749860
test_01270,0.9830744
test_01271,0.0007110
test_01272,0.0025839
test_01273,0.0706681
test_01274,0.0285352
test_01275,0.9974844
test_01276,0.0304067
test_01277,0.0576558
test_01278,0.5318284
test_01279,0.0343204
test_01280,0.8465411
test_01281,0.8185796
test_01282,0.9977226
test_01283,0.9891332
test_01284,0.0094077
test_01285,0.3989465
test_01286,0.9888012
test_01287,0.9954598
test_01288,0.0819809
test_01289,0.9851272
test_01290,0.9809983
test_01291,0.0116290
test_01292,0.8512760
test_01293,0.3562458
test_01294,0.9342108
test_01295,0.9779600
test_01296,0.7077119
test_01297,0.9903736
test_01298,0.1430896
test_01299,0.9959059
test_01300,0.0526922
test_01301,0.9799806
test_01302,0.8994698
test_01303,0.0307659
test_01304,0.0078237
test_01305,0.0221933
test_01306,0.1797154
test_01307,0.9980801
test_01308,0.9832563
test_01309,0.0133720
test_01310,0.4883275
test_01311,0.0031420
test_01312,0.9814761
test_01313,0.9334596
test_01314,0.9905757
test_01315,0.0075343
test_01316,0.5784308
test_01317,0.9517053
test_01318,0.0134213
test_01319,0.0635614
test_01320,0.7967340
test_01321,0.0070711
test_01322,0.9634773
test_01323,0.7293764
test_01324,0.0074870
test_01325,0.9786008
test_01326,0.0036779
test_01327,0.9826211
test_01328,0.9903887
test_01329,0.9986855
test_01330,0.9914250
test_01331,0.0334361
test_01332,0.9840568
test_01333,0.9814103
test_01334,0.3728135
test_01335,0.5122068
test_01336,0.7482744
test_01337,0.9864585
test_01338,0.9891896
test_01339,0.7558784
test_01340,0.0014472
test_01341,0.9907776
test_01342,0.9800747
test_01343,0.9342313
test_01344,0.9333735
test_01345,0.7409089
test_01346,0.0217200
test_01347,0.9905911
test_01348,0.0213133
test_01349,0.0262706
test_01350,0.8462452
test_01351,0.9965686
test_01352,0.9753721
test_01353,0.4411628
test_01354,0.9962139
test_01355,0.9615046
test_01356,0.0697225
test_01357,0.0065519
test_01358,0.9925671
test_01359,0.2992329
test_01360,0.0012546
test_01361,0.9737534
test_01362,0.0035260
test_01363,0.9976705
test_01364,0.8882422
test_01365,0.0277473
test_01366,0.0959926
test_01367,0.9600840
test_01368,0.2402477
test_01369,0.0138615
test_01370,0.5296221
test_01371,0.0012352
test_01372,0.0347239
test_01373,0.9108907
test_01374,0.9750721
test_01375,0.0073999
test_01376,0.0207553
test_01377,0.0353291
test_01378,0.0120135
test_01379,0.0052336
test_01380,0.2953037
test_01381,0.0031250
test_01382,0.9775878
test_01383,0.9848476
test_01384,0.9249738
test_01385,0.9726232
test_01386,0.1007256
test_01387,0.2534157
test_01388,0.0112142
test_01389,0.0307015
test_01390,0.0021389
test_01391,0.5265396
test_01392,0.9778875
test_01393,0.9876861
test_01394,0.0012790
test_01395,0.9926776
test_01396,0.9976292
test_01397,0.8608544
test_01398,0.0117796
test_01399,0.0124541
test_01400,0.1111707
test_01401,0.0192832
test_01402,0.0206426
test_01403,0.6008477
test_01404,0.8002187
test_01405,0.9900966
test_01406,0.0396324
test_01407,0.9934373
test_01408,0.9978060
test_01409,0.9958588
test_01410,0.9831949
test_01411,0.0050903
test_01412,0.0142781
test_01413,0.0139430
test_01414,0.0153831
test_01415,0.8734798
test_01416,0.4940747
test_01417,0.0209050
test_01418,0.9839184
test_01419,0.0243576
test_01420,0.0017173
test_01421,0.0036365
test_01422,0.0803030
test_01423,0.6800119
test_01424,0.9992503
test_01425,0.9989809
test_01426,0.9782777
test_01427,0.0095177
test_01428,0.9817892
test_01429,0.9602978
test_01430,0.3663925
test_01431,0.0111571
test_01432,0.9815193
test_01433,0.7052897
test_01434,0.9449040
test_01435,0.0351689
test_01436,0.0058511
test_01437,0.1381896
test_01438,0.2956331
test_01439,0.7393740
test_01440,0.9785608
test_01441,0.0231722
test_01442,0.6844405
test_01443,0.0175592
test_01444,0.1217105
test_01445,0.8357630
test_01446,0.0138566
test_01447,0.9539562
test_01448,0.9861935
test_01449,0.9183479
test_01450,0.9840585
test_01451,0.0779966
test_01452,0.9900769
test_01453,0.9938837
test_01454,0.9582829
test_01455,0.9858499
test_01456,0.9854465
test_01457,0.9369175
test_01458,0.9775729
test_01459,0.9930555
test_01460,0.0008881
test_01461,0.0056965
test_01462,0.0429020
test_01463,0.9539287
test_01464,0.0066322
test_01465,0.9751320
test_01466,0.7048931
test_01467,0.9883792
test_01468,0.9831737
test_01469,0.0100507
test_01470,0.0237125
test_01471,0.3250701
test_01472,0.9813471
test_01473,0.0603819
test_01474,0.9040215
test_01475,0.0029871
test_01476,0.0137019
test_01477,0.9874696
test_01478,0.0213141
test_01479,0.9126999
test_01480,0.8592784
test_01481,0.9284897
test_01482,0.0049260
test_01483,0.8445771
test_01484,0.0014634
test_01485,0.9691445
test_01486,0.8778847
test_01487,0.3080341
test_01488,0.9992074
test_01489,0.2909346
test_01490,0.9617136
test_01491,0.0023005
test_01492,0.0089794
test_01493,0.1544013
test_01494,0.0064211
test_01495,0.0036260
test_01496,0.9754458
test_01497,0.8263829
test_01498,0.9906245
test_01499,0.0928800
test_01500,0.0224170
test_01501,0.3044464
test_01502,0.0087456
test_01503,0.4148227
test_01504,0.9954766
test_01505,0.2405379
test_01506,0.9637131
test_01507,0.9403191
test_01508,0.9909738
test_01509,0.9929091
test_01510,0.8811759
test_01511,0.9390291
test_01512,0.9960147
test_01513,0.9266588
test_01514,0.1560928
test_01515,0.8927718
test_01516,0.0162384
test_01517,0.1074784
test_01518,0.9974780
test_01519,0.8780748
test_01520,0.9965740
test_01521,0.6544124
test_01522,0.7146540
test_01523,0.3882159
test_01524,0.7299308
test_01525,0.9904039
test_01526,0.0008774
test_01527,0.9721742
test_01528,0.9561448
test_01529,0.0021571
test_01530,0.9854696
test_01531,0.2201803
test_01532,0.9946972
test_01533,0.9948979
test_01534,0.1402808
test_01535,0.1526760
test_01536,0.0011024
test_01537,0.9996945
test_01538,0.0083596
test_01539,0.9945863
test_01540,0.6303945
test_01541,0.2237304
test_01542,0.6339536
test_01543,0.9940348
test_01544,0.0109939
test_01545,0.9965205
test_01546,0.9918754
test_01547,0.7076838
test_01548,0.4090801
test_01549,0.0098772
test_01550,0.9840251
test_01551,0.0230412
test_01552,0.9899088
test_01553,0.9618419
test_01554,0.0176406
test_01555,0.7517374
test_01556,0.9959186
test_01557,0.8620498
test_01558,0.9934167
test_01559,0.0837345
test_01560,0.9410504
test_01561,0.0105362
test_01562,0.0024537
test_01563,0.9782957
test_01564,0.0037305
test_01565,0.3312844
test_01566,0.9923348
test_01567,0.0114451
test_01568,0.0022780
test_01569,0.1347671
test_01570,0.0031563
test_01571,0.9791034
test_01572,0.9699076
test_01573,0.6619747
test_01574,0.1095873
test_01575,0.0453680
test_01576,0.9752647
test_01577,0.0683448
test_01578,0.9809829
test_01579,0.9215204
test_01580,0.1162023
test_01581,0.9986688
test_01582,0.0027184
test_01583,0.0177475
test_01584,0.1717675
test_01585,0.5164022
test_01586,0.9970438
test_01587,0.9498274
test_01588,0.0092917
test_01589,0.0785900
test_01590,0.8804964
test_01591,0.9894896
test_01592,0.0230691
test_01593,0.0646020
test_01594,0.9915109
test_01595,0.9962512
test_01596,0.0291618
test_01597,0.4671637
test_01598,0.0455428
test_01599,0.9769952
test_01600,0.0023771
test_01601,0.9877366
test_01602,0.0127824
test_01603,0.9920514
test_01604,0.9945642
test_01605,0.1484855
test_01606,0.0268497
test_01607,0.9250082
test_01608,0.9951835
test_01609,0.6756265
test_01610,0.9820846
test_01611,0.0221222
test_01612,0.9464627
test_01613,0.4286640
test_01614,0.0151860
test_01615,0.9869806
test_01616,0.0092739
test_01617,0.9329078
test_01618,0.9678007
test_01619,0.0225853
test_01620,0.0010711
test_01621,0.0083858
test_01622,0.8150818
test_01623,0.9902052
test_01624,0.3833418
test_01625,0.8963578
test_01626,0.9792567
test_01627,0.9895371
test_01628,0.1481549
test_01629,0.9837094
test_01630,0.9856082
test_01631,0.7644092
test_01632,0.0046939
test_01633,0.9883806
test_01634,0.0202624
test_01635,0.9165567
test_01636,0.9885613
test_01637,0.0436375
test_01638,0.4731353
test_01639,0.3341102
test_01640,0.0073935
test_01641,0.0106516
test_01642,0.7850686
test_01643,0.0298808
test_01644,0.9815832
test_01645,0.9927807
test_01646,0.1849863
test_01647,0.9905443
test_01648,0.9956125
test_01649,0.0440206
test_01650,0.0121362
test_01651,0.0203588
test_01652,0.9926088
test_01653,0.0036279
test_01654,0.8869013
test_01655,0.9037821
test_01656,0.9709808
test_01657,0.0058787
test_01658,0.0362518
test_01659,0.0076145
test_01660,0.9839815
test_01661,0.0810402
test_01662,0.8364348
test_01663,0.0050929
test_01664,0.0016014
test_01665,0.9842987
test_01666,0.0121757
test_01667,0.0021250
test_01668,0.9295726
test_01669,0.0031377
test_01670,0.9773088
test_01671,0.9823351
test_01672,0.9046421
test_01673,0.1581409
test_01674,0.1903317
test_01675,0.0148830
test_01676,0.9833233
test_01677,0.5634110
test_01678,0.9832972
test_01679,0.9553056
test_01680,0.0020834
test_01681,0.9753392
test_01682,0.9937729
test_01683,0.0457009
test_01684,0.9952103
test_01685,0.8968957
test_01686,0.9884679
test_01687,0.9507358
test_01688,0.1595887
test_01689,0.0236393
test_01690,0.9980183
test_01691,0.0220729
test_01692,0.2370966
test_01693,0.0811880
test_01694,0.0021817
test_01695,0.1425506
test_01696,0.9705949
test_01697,0.9074843
test_01698,0.9535397
test_01699,0.0048609
test_01700,0.9961374
test_01701,0.0385388
test_01702,0.0207935
test_01703,0.9836002
test_01704,0.0035711
test_01705,0.1848859
test_01706,0.9781499
test_01707,0.9255381
test_01708,0.9879249
test_01709,0.9396589
test_01710,0.9882013
test_01711,0.0684522
test_01712,0.0033042
test_01713,0.0079350
test_01714,0.0460510
test_01715,0.9869522
test_01716,0.9979386
test_01717,0.9973154
test_01718,0.0080137
test_01719,0.0014488
test_01720,0.9456162
test_01721,0.0031384
test_01722,0.9935183
test_01723,0.0224967
test_01724,0.0356875
test_01725,0.0335015
test_01726,0.0679685
test_01727,0.9805735
test_01728,0.0436020
test_01729,0.9847206
test_01730,0.0224496
test_01731,0.4357310
test_01732,0.0213625
test_01733,0.9118565
test_01734,0.9227361
test_01735,0.9839138
test_01736,0.9827556
test_01737,0.9693660
test_01738,0.9748321
test_01739,0.1297264
test_01740,0.2677560
test_01741,0.0010257
test_01742,0.0109741
test_01743,0.9897481
test_01744,0.9508468
test_01745,0.0278429
test_01746,0.0177894
test_01747,0.9521195
test_01748,0.2010521
test_01749,0.6609484
test_01750,0.9611974
test_01751,0.2585144
test_01752,0.0784152
test_01753,0.7773177
test_01754,0.1263364
test_01755,0.7971212
test_01756,0.8919786
test_01757,0.9594390
test_01758,0.0149510
test_01759,0.0305635
test_01760,0.9407699
test_01761,0.0902329
test_01762,0.0142998
test_01763,0.0191762
test_01764,0.8949539
test_01765,0.9833968
test_01766,0.3427230
test_01767,0.0055676
test_01768,0.0747955
test_01769,0.9615951
test_01770,0.9806768
test_01771,0.0522872
test_01772,0.3320667
test_01773,0.9202977
test_01774,0.9834940
test_01775,0.9752604
test_01776,0.9988424
test_01777,0.9810152
test_01778,0.9986761
test_01779,0.0413938
test_01780,0.0056373
test_01781,0.9349759
test_01782,0.0020523
test_01783,0.9826975
test_01784,0.9222332
test_01785,0.9859216
test_01786,0.6967617
test_01787,0.2328070
test_01788,0.9325620
test_01789,0.3988576
test_01790,0.0131972
test_01791,0.7774691
test_01792,0.2626859
test_01793,0.0871899
test_01794,0.6685440
test_01795,0.0129151
test_01796,0.0232228
test_01797,0.4804401
test_01798,0.9477519
test_01799,0.3481680
test_01800,0.8806334
test_01801,0.9989775
test_01802,0.0301360
test_01803,0.9936305
test_01804,0.9625812
test_01805,0.0027041
test_01806,0.1337063
test_01807,0.9970454
test_01808,0.9667810
test_01809,0.9978619
test_01810,0.9832611
test_01811,0.9783358
test_01812,0.7093006
test_01813,0.0638289
test_01814,0.0043873
test_01815,0.9844849
test_01816,0.4839616
test_01817,0.0088241
test_01818,0.9875942
test_01819,0.9809093
test_01820,0.0294511
test_01821,0.9309192
test_01822,0.5139384
test_01823,0.0036747
test_01824,0.5897450
test_01825,0.0470828
test_01826,0.6046244
test_01827,0.0124077
test_01828,0.9832502
test_01829,0.0208417
test_01830,0.9938669
test_01831,0.0126332
test_01832,0.0272206
test_01833,0.0031532
test_01834,0.9020138
test_01835,0.5692631
test_01836,0.0060635
test_01837,0.8446729
test_01838,0.1895337
test_01839,0.9949634
test_01840,0.0154859
test_01841,0.6730092
test_01842,0.1649333
test_01843,0.0013097
test_01844,0.8979163
test_01845,0.0589347
test_01846,0.9980704
test_01847,0.9883550
test_01848,0.0085104
test_01849,0.9776790
test_01850,0.9846480
test_01851,0.9871764
test_01852,0.0024967
test_01853,0.0122658
test_01854,0.0040949
test_01855,0.0165254
test_01856,0.9961887
test_01857,0.0020263
test_01858,0.9943516
test_01859,0.6643001
test_01860,0.9935991
test_01861,0.0294877
test_01862,0.0659434
test_01863,0.9838623
test_01864,0.0084710
test_01865,0.9986296
test_01866,0.0148369
test_01867,0.0154042
test_01868,0.0564723
test_01869,0.9798007
test_01870,0.0046688
test_01871,0.9949505
test_01872,0.0429196
test_01873,0.9834983
test_01874,0.0522642
test_01875,0.0018559
test_01876,0.9898384
test_01877,0.9937391
test_01878,0.0428035
test_01879,0.9867274
test_01880,0.5313047
test_01881,0.8844860
test_01882,0.0191320
test_01883,0.2429177
test_01884,0.0439573
test_01885,0.1207101
test_01886,0.0118606
test_01887,0.9028366
test_01888,0.0271365
test_01889,0.0083623
test_01890,0.9968281
test_01891,0.0526547
test_01892,0.0327113
test_01893,0.9814673
test_01894,0.1586766
test_01895,0.2234380
test_01896,0.9900666
test_01897,0.0181299
test_01898,0.9635099
test_01899,0.0686474
test_01900,0.9345905
test_01901,0.0180032
test_01902,0.9986311
test_01903,0.1666138
test_01904,0.0127034
test_01905,0.9814070
test_01906,0.1571925
test_01907,0.9770792
test_01908,0.9609243
test_01909,0.0134044
test_01910,0.0173024
test_01911,0.0012802
test_01912,0.9737604
test_01913,0.2509263
test_01914,0.9985150
test_01915,0.5356460
test_01916,0.9953457
test_01917,0.9974585
test_01918,0.9923503
test_01919,0.0666555
test_01920,0.9980966
test_01921,0.0569542
test_01922,0.9587861
test_01923,0.6674014
test_01924,0.0208454
test_01925,0.9822426
test_01926,0.0191852
test_01927,0.9834020
test_01928,0.9370335
test_01929,0.9968976
test_01930,0.9552346
test_01931,0.0162792
test_01932,0.9998227
test_01933,0.2835761
test_01934,0.9651431
test_01935,0.0087995
test_01936,0.0036725
test_01937,0.9980623
test_01938,0.0526434
test_01939,0.8931524
test_01940,0.0009289
test_01941,0.9947695
test_01942,0.9760436
test_01943,0.3235683
test_01944,0.9909212
test_01945,0.0032292
test_01946,0.4642726
test_01947,0.0546474
test_01948,0.0145248
test_01949,0.5061156
test_01950,0.9499837
test_01951,0.0233243
test_01952,0.8860182
test_01953,0.0123552
test_01954,0.9855068
test_01955,0.0186394
test_01956,0.9965617
test_01957,0.9969542
test_01958,0.0153205
test_01959,0.0206133
test_01960,0.9627252
test_01961,0.9801484
test_01962,0.0051559
test_01963,0.0257447
test_01964,0.0108946
test_01965,0.9853492
test_01966,0.0032816
test_01967,0.0047387
test_01968,0.9229050
test_01969,0.0063964
test_01970,0.0115454
test_01971,0.9199354
test_01972,0.9655482
test_01973,0.0387484
test_01974,0.2028452
test_01975,0.9774240
test_01976,0.9183764
test_01977,0.0328103
test_01978,0.9447169
test_01979,0.0174650
test_01980,0.0142493
test_01981,0.0205142
test_01982,0.0366517
test_01983,0.1053764
test_01984,0.9438807
test_01985,0.9940351
test_01986,0.9043240
test_01987,0.0096560
test_01988,0.0059357
test_01989,0.6188473
test_01990,0.0746415
test_01991,0.9826453
test_01992,0.0225601
test_01993,0.9834403
test_01994,0.0184222
test_01995,0.9707587
test_01996,0.8433660
test_01997,0.9032686
test_01998,0.0095755
test_01999,0.5324419
test_02000,0.9249499
test_02001,0.0061271
test_02002,0.0030665
test_02003,0.9576787
test_02004,0.0067049
test_02005,0.8571121
test_02006,0.0188073
test_02007,0.1875665
test_02008,0.3681030
test_02009,0.9698501
test_02010,0.9548967
test_02011,0.9706313
test_02012,0.8986077
test_02013,0.9951605
test_02014,0.0018428
test_02015,0.0138822
test_02016,0.9914382
test_02017,0.0424688
test_02018,0.9051821
test_02019,0.9783583
test_02020,0.8246528
test_02021,0.9916979
test_02022,0.0650751
test_02023,0.0279481
test_02024,0.0313646
test_02025,0.9863991
test_02026,0.7495534
test_02027,0.1022638
test_02028,0.9983668
test_02029,0.9642454
test_02030,0.9004120
test_02031,0.7351705
test_02032,0.0333652
test_02033,0.0044491
test_02034,0.0259940
test_02035,0.7502885
test_02036,0.0157045
test_02037,0.0136282
test_02038,0.9821806
test_02039,0.9934261
test_02040,0.5973992
test_02041,0.9994901
test_02042,0.0590250
test_02043,0.0239275
test_02044,0.0191805
test_02045,0.2988329
test_02046,0.0062267
test_02047,0.0202882
test_02048,0.9717690
test_02049,0.0516312
test_02050,0.9467379
test_02051,0.9376038
test_02052,0.0438237
test_02053,0.9929995
test_02054,0.7877096
test_02055,0.9900452
test_02056,0.9513400
test_02057,0.9873103
test_02058,0.5419766
test_02059,0.9962686
test_02060,0.9135998
test_02061,0.9596995
test_02062,0.4508238
test_02063,0.0046172
test_02064,0.9688898
test_02065,0.9405132
test_02066,0.9823349
test_02067,0.0184984
test_02068,0.3512344
test_02069,0.6184610
test_02070,0.0336822
test_02071,0.0033819
test_02072,0.9935495
test_02073,0.0097686
test_02074,0.8463988
test_02075,0.9700717
test_02076,0.3002917
test_02077,0.0139719
test_02078,0.9917118
test_02079,0.0629351
test_02080,0.9998232
test_02081,0.0011909
test_02082,0.8991355
test_02083,0.1451215
test_02084,0.0226769
test_02085,0.0907315
test_02086,0.0030804
test_02087,0.0013517
test_02088,0.0024634
test_02089,0.0467957
test_02090,0.0254455
test_02091,0.5026908
test_02092,0.0733062
test_02093,0.0027160
test_02094,0.9965872
test_02095,0.0269324
test_02096,0.0208694
test_02097,0.0094097
test_02098,0.8525900
test_02099,0.9956307
test_02100,0.9975277
test_02101,0.9489551
test_02102,0.9649976
test_02103,0.0197351
test_02104,0.0182919
test_02105,0.8945153
test_02106,0.9941103
test_02107,0.0026270
test_02108,0.0045277
test_02109,0.0906490
test_02110,0.9746218
test_02111,0.0077307
test_02112,0.1397329
test_02113,0.9971967
test_02114,0.9806862
test_02115,0.1287227
test_02116,0.9887198
test_02117,0.1202933
test_02118,0.0107124
test_02119,0.9965019
test_02120,0.0160120
test_02121,0.9431564
test_02122,0.0052537
test_02123,0.0482114
test_02124,0.0477040
test_02125,0.9938712
test_02126,0.0738842
test_02127,0.0032577
test_02128,0.0459684
test_02129,0.9469931
test_02130,0.9626662
test_02131,0.9742756
test_02132,0.9916462
test_02133,0.5827591
test_02134,0.0018172
test_02135,0.9303189
test_02136,0.8707876
test_02137,0.9647848
test_02138,0.9830412
test_02139,0.9926983
test_02140,0.0122387
test_02141,0.8964341
test_02142,0.9845210
test_02143,0.0241013
test_02144,0.8645148
test_02145,0.0184044
test_02146,0.0588583
test_02147,0.4469662
test_02148,0.9540355
test_02149,0.3852547
test_02150,0.9677122
test_02151,0.0128557
test_02152,0.0397105
test_02153,0.9932519
test_02154,0.9905876
test_02155,0.9987156
test_02156,0.4151405
test_02157,0.0044631
test_02158,0.0085772
test_02159,0.9679196
test_02160,0.8618726
test_02161,0.5512023
test_02162,0.9914027
test_02163,0.0080889
test_02164,0.0027719
test_02165,0.2973358
test_02166,0.0511369
test_02167,0.4543072
test_02168,0.0092650
test_02169,0.0114349
test_02170,0.9828322
test_02171,0.0253850
test_02172,0.9824711
test_02173,0.0894105
test_02174,0.2936122
test_02175,0.9506392
test_02176,0.0448805
test_02177,0.9875609
test_02178,0.5547253
test_02179,0.9663008
test_02180,0.9996480
test_02181,0.4772963
test_02182,0.0283665
test_02183,0.0045904
test_02184,0.0118449
test_02185,0.9898279
test_02186,0.0007550
test_02187,0.9234896
test_02188,0.1183656
test_02189,0.9717087
test_02190,0.9965065
test_02191,0.9895799
test_02192,0.0186978
test_02193,0.0336546
test_02194,0.9969345
test_02195,0.9731701
test_02196,0.0199049
test_02197,0.9808352
test_02198,0.0185762
test_02199,0.3040105
test_02200,0.4653719
test_02201,0.1122926
test_02202,0.0122481
test_02203,0.0228121
test_02204,0.0461954
test_02205,0.0765406
test_02206,0.9596258
test_02207,0.0428686
test_02208,0.9942668
test_02209,0.9584590
test_02210,0.1842907
test_02211,0.7554809
test_02212,0.0238272
test_02213,0.9967926
test_02214,0.5159158
test_02215,0.0102755
test_02216,0.0433191
test_02217,0.0098736
test_02218,0.9893292
test_02219,0.0214006
test_02220,0.1730658
test_02221,0.0066488
test_02222,0.9950610
test_02223,0.3263516
test_02224,0.9921539
test_02225,0.0145240
test_02226,0.5866666
test_02227,0.0778763
test_02228,0.9955148
test_02229,0.9971943
test_02230,0.9030648
test_02231,0.0490612
test_02232,0.8777515
test_02233,0.9849485
test_02234,0.0035852
test_02235,0.7426939
test_02236,0.3495390
test_02237,0.9291075
test_02238,0.0187408
test_02239,0.9100001
test_02240,0.9602865
test_02241,0.9659232
test_02242,0.0095008
test_02243,0.0774274
test_02244,0.7907854
test_02245,0.0592621
test_02246,0.9977459
test_02247,0.9884714
test_02248,0.8359061
test_02249,0.9724823
test_02250,0.9266150
test_02251,0.0988192
test_02252,0.8984125
test_02253,0.9970090
test_02254,0.0108562
test_02255,0.9735759
test_02256,0.0247436
test_02257,0.9742987
test_02258,0.1241163
test_02259,0.9884544
test_02260,0.0724650
test_02261,0.0020590
test_02262,0.0327968
test_02263,0.9931199
test_02264,0.3432742
test_02265,0.9527337
test_02266,0.9616123
test_02267,0.1317607
test_02268,0.0215881
test_02269,0.9903447
test_02270,0.9979886
test_02271,0.3118668
test_02272,0.0748533
test_02273,0.3551256
test_02274,0.9715673
test_02275,0.9880512
test_02276,0.9821084
test_02277,0.9838394
test_02278,0.9897755
test_02279,0.7472625
test_02280,0.4505416
test_02281,0.9583088
test_02282,0.0321437
test_02283,0.4253494
test_02284,0.0076573
test_02285,0.9714822
test_02286,0.0034313
test_02287,0.0047124
test_02288,0.0662732
test_02289,0.0053926
test_02290,0.3853813
test_02291,0.0065160
test_02292,0.0120857
test_02293,0.0073779
test_02294,0.9990931
test_02295,0.9177998
test_02296,0.9982036
test_02297,0.9885361
test_02298,0.9735937
test_02299,0.9717375
test_02300,0.0054091
test_02301,0.5771333
test_02302,0.9237554
test_02303,0.9570972
test_02304,0.0014215
test_02305,0.9998697
test_02306,0.8886212
test_02307,0.0816348
test_02308,0.1005844
test_02309,0.0141315
test_02310,0.9919040
test_02311,0.8925480
test_02312,0.3757967
test_02313,0.7011423
test_02314,0.0582421
test_02315,0.9631795
test_02316,0.9191105
test_02317,0.0072264
test_02318,0.9775450
test_02319,0.9980318
test_02320,0.5532175
test_02321,0.8232272
test_02322,0.9771836
test_02323,0.1587853
test_02324,0.9915887
test_02325,0.4950878
test_02326,0.0059278
test_02327,0.6791810
test_02328,0.0828071
test_02329,0.0052781
test_02330,0.0039694
test_02331,0.1186261
test_02332,0.0160853
test_02333,0.0138977
test_02334,0.6922844
test_02335,0.9663447
test_02336,0.9925629
test_02337,0.2209336
test_02338,0.0809223
test_02339,0.9735336
test_02340,0.9977440
test_02341,0.7779313
test_02342,0.0152125
test_02343,0.9771181
test_02344,0.0017637
test_02345,0.0011548
test_02346,0.9834386
test_02347,0.6521761
test_02348,0.2378542
test_02349,0.9842975
test_02350,0.0072030
test_02351,0.0027108
test_02352,0.0194690
test_02353,0.3433155
test_02354,0.8205655
test_02355,0.9739946
test_02356,0.9909403
test_02357,0.3811499
test_02358,0.0428198
test_02359,0.9899962
test_02360,0.5701881
test_02361,0.8940518
test_02362,0.9941011
test_02363,0.6899843
test_02364,0.9949459
test_02365,0.9988133
test_02366,0.0035144
test_02367,0.9550286
test_02368,0.0027144
test_02369,0.0215990
test_02370,0.9876614
test_02371,0.9871594
test_02372,0.0457453
test_02373,0.0631773
test_02374,0.9895583
test_02375,0.9793257
test_02376,0.8144915
test_02377,0.2897038
test_02378,0.9731113
test_02379,0.0373642
test_02380,0.9829628
test_02381,0.9836388
test_02382,0.9753719
test_02383,0.2327049
test_02384,0.0320565
test_02385,0.7772050
test_02386,0.0056165
test_02387,0.9567783
test_02388,0.5108576
test_02389,0.0087555
test_02390,0.9005975
test_02391,0.0179224
test_02392,0.9273821
test_02393,0.5502486
test_02394,0.0177579
test_02395,0.9987313
test_02396,0.0033603
test_02397,0.9781212
test_02398,0.9950768
test_02399,0.0326503
test_02400,0.9997697
test_02401,0.9376197
test_02402,0.9939128
test_02403,0.0713790
test_02404,0.9893506
test_02405,0.8916972
test_02406,0.4646471
test_02407,0.9941923
test_02408,0.2836059
test_02409,0.0508946
test_02410,0.0023085
test_02411,0.9732512
test_02412,0.8036865
test_02413,0.9950313
test_02414,0.9718847
test_02415,0.9941397
test_02416,0.0119710
test_02417,0.8207350
test_02418,0.6053506
test_02419,0.0234692
test_02420,0.0010720
test_02421,0.9191368
test_02422,0.0558269
test_02423,0.9947169
test_02424,0.0019516
test_02425,0.0030638
test_02426,0.9200892
test_02427,0.9926604
test_02428,0.0022546
test_02429,0.2772753
test_02430,0.9570854
test_02431,0.0768527
test_02432,0.6359708
test_02433,0.9102420
test_02434,0.9922421
test_02435,0.8097770
test_02436,0.0157236
test_02437,0.9784223
test_02438,0.9402422
test_02439,0.9949262
test_02440,0.9925886
test_02441,0.9850799
test_02442,0.0157812
test_02443,0.9971062
test_02444,0.4874782
test_02445,0.1930622
test_02446,0.0063651
test_02447,0.9533993
test_02448,0.9782799
test_02449,0.0320437
test_02450,0.9209391
test_02451,0.8816471
test_02452,0.0442232
test_02453,0.8716028
test_02454,0.9777492
test_02455,0.0052376
test_02456,0.0073208
test_02457,0.0055058
test_02458,0.0058249
test_02459,0.0063492
test_02460,0.9809706
test_02461,0.9937198
test_02462,0.9246654
test_02463,0.1815263
test_02464,0.9952727
test_02465,0.0155950
test_02466,0.2401918
test_02467,0.0314272
test_02468,0.9947606
test_02469,0.0060734
test_02470,0.9949883
test_02471,0.9932217
test_02472,0.0045356
test_02473,0.9661349
test_02474,0.0100884
test_02475,0.0921704
test_02476,0.0183131
test_02477,0.6490259
test_02478,0.9711645
test_02479,0.9714850
test_02480,0.9852184
test_02481,0.9559904
test_02482,0.3396982
test_02483,0.0108643
test_02484,0.0354748
test_02485,0.0121569
test_02486,0.9758419
test_02487,0.9499775
test_02488,0.0182491
test_02489,0.9963790
test_02490,0.9931104
test_02491,0.2239027
test_02492,0.3923419
test_02493,0.0115870
test_02494,0.9709332
test_02495,0.1179664
test_02496,0.7394445
test_02497,0.5842094
test_02498,0.9837061
test_02499,0.6082801
test_02500,0.9949936
test_02501,0.0048432
test_02502,0.0335024
test_02503,0.8714699
test_02504,0.9861580
test_02505,0.0207698
test_02506,0.0073987
test_02507,0.9535741
test_02508,0.0213586
test_02509,0.9550790
test_02510,0.0821434
test_02511,0.9930984
test_02512,0.9952257
test_02513,0.9912278
test_02514,0.0262848
test_02515,0.9963536
test_02516,0.7566514
test_02517,0.0445978
test_02518,0.0011971
test_02519,0.9563172
test_02520,0.0749782
test_02521,0.0087255
test_02522,0.9863487
test_02523,0.0086152
test_02524,0.9802196
test_02525,0.9435952
test_02526,0.0024561
test_02527,0.0435663
test_02528,0.9476749
test_02529,0.9118420
test_02530,0.9912424
test_02531,0.9950393
test_02532,0.0180448
test_02533,0.9434204
test_02534,0.0100398
test_02535,0.5207775
test_02536,0.8689053
test_02537,0.9293326
test_02538,0.0500686
test_02539,0.9991188
test_02540,0.1043789
test_02541,0.1253957
test_02542,0.9921771
test_02543,0.7927340
test_02544,0.9259349
test_02545,0.2111029
test_02546,0.0668091
test_02547,0.9794865
test_02548,0.4786652
test_02549,0.9984870
test_02550,0.9994839
test_02551,0.2623989
test_02552,0.8773555
test_02553,0.9719604
test_02554,0.6434755
test_02555,0.0428667
test_02556,0.2871844
test_02557,0.8927971
test_02558,0.9812734
test_02559,0.0204895
test_02560,0.1055993
test_02561,0.9983391
test_02562,0.2860565
test_02563,0.9077665
test_02564,0.9481352
test_02565,0.9008227
test_02566,0.5122165
test_02567,0.0770935
test_02568,0.0100202
test_02569,0.0130281
test_02570,0.9589966
test_02571,0.0293709
test_02572,0.5632894
test_02573,0.0226086
test_02574,0.8592796
test_02575,0.1122012
test_02576,0.9846805
test_02577,0.5292606
test_02578,0.8910168
test_02579,0.0334212
test_02580,0.1076069
test_02581,0.6160202
test_02582,0.0066115
test_02583,0.5060132
test_02584,0.9932711
test_02585,0.0073664
test_02586,0.2261656
test_02587,0.0161641
test_02588,0.0359793
test_02589,0.0114686
test_02590,0.9397319
test_02591,0.8619494
test_02592,0.9878079
test_02593,0.9693342
test_02594,0.9987723
test_02595,0.8153836
test_02596,0.2558091
test_02597,0.9659368
test_02598,0.9613540
test_02599,0.0649396
test_02600,0.9415102
test_02601,0.0727067
test_02602,0.0540728
test_02603,0.0043376
test_02604,0.0050680
test_02605,0.4060552
test_02606,0.9416699
test_02607,0.9689097
test_02608,0.9501142
test_02609,0.9987400
test_02610,0.0004703
test_02611,0.9704943
test_02612,0.0130830
test_02613,0.0022095
test_02614,0.0056735
test_02615,0.0076800
test_02616,0.5978021
test_02617,0.8640492
test_02618,0.3376583
test_02619,0.7758669
test_02620,0.0030245
test_02621,0.7452815
test_02622,0.0620452
test_02623,0.7686265
test_02624,0.9117736
test_02625,0.1104906
test_02626,0.9762319
test_02627,0.9875842
test_02628,0.0016289
test_02629,0.0184264
test_02630,0.9949148
test_02631,0.0422871
test_02632,0.0551684
test_02633,0.9294888
test_02634,0.0059802
test_02635,0.0069796
test_02636,0.0289445
test_02637,0.9825605
test_02638,0.9548042
test_02639,0.3383996
test_02640,0.9976404
test_02641,0.7651521
test_02642,0.1021160
test_02643,0.9705172
test_02644,0.0008960
test_02645,0.0680614
test_02646,0.0167624
test_02647,0.0410998
test_02648,0.0215791
test_02649,0.9762279
test_02650,0.0218917
test_02651,0.9738485
test_02652,0.0732939
test_02653,0.9105864
test_02654,0.9110487
test_02655,0.0175719
test_02656,0.5794628
test_02657,0.0194601
test_02658,0.9884205
test_02659,0.9962593
test_02660,0.3771615
test_02661,0.9639995
test_02662,0.9419273
test_02663,0.1443117
test_02664,0.9970924
test_02665,0.9872103
test_02666,0.9806423
test_02667,0.8054591
test_02668,0.9848762
test_02669,0.0940720
test_02670,0.7349071
test_02671,0.4541675
test_02672,0.9182529
test_02673,0.9902292
test_02674,0.5302157
test_02675,0.7134341
test_02676,0.9422983
test_02677,0.1149042
test_02678,0.9560667
test_02679,0.9597443
test_02680,0.0929331
test_02681,0.0201099
test_02682,0.0261749
test_02683,0.9687470
test_02684,0.0065220
test_02685,0.0710082
test_02686,0.9800006
test_02687,0.2798901
test_02688,0.8725942
test_02689,0.9894747
test_02690,0.5065726
test_02691,0.0122918
test_02692,0.9991797
test_02693,0.1478299
test_02694,0.5831997
test_02695,0.8087304
test_02696,0.9409351
test_02697,0.0161976
test_02698,0.0153925
test_02699,0.9769197
test_02700,0.2848483
test_02701,0.0115440
test_02702,0.9576699
test_02703,0.0413524
test_02704,0.0226856
test_02705,0.9761126
test_02706,0.0076612
test_02707,0.9868221
test_02708,0.9864136
test_02709,0.6509607
test_02710,0.9877607
test_02711,0.0196698
test_02712,0.8858241
test_02713,0.0688930
test_02714,0.0021154
test_02715,0.9826266
test_02716,0.4384767
test_02717,0.4697796
test_02718,0.0158687
test_02719,0.9416898
test_02720,0.0104440
test_02721,0.0077801
test_02722,0.0172927
test_02723,0.9990167
test_02724,0.7362689
test_02725,0.1585335
test_02726,0.9662566
test_02727,0.0571685
test_02728,0.0913565
test_02729,0.0173411
test_02730,0.9898630
test_02731,0.0563191
test_02732,0.9920212
test_02733,0.9817951
test_02734,0.0012667
test_02735,0.9987020
test_02736,0.7585908
test_02737,0.9958962
test_02738,0.9885807
test_02739,0.9699089
test_02740,0.9734552
test_02741,0.4048916
test_02742,0.6577955
test_02743,0.1760845
test_02744,0.0094205
test_02745,0.9981274
test_02746,0.4572914
test_02747,0.0302681
test_02748,0.0017467
test_02749,0.9618673
test_02750,0.9949203
test_02751,0.5886835
test_02752,0.9088110
test_02753,0.8999156
test_02754,0.2660247
test_02755,0.9535207
test_02756,0.9051836
test_02757,0.0495078
test_02758,0.5178761
test_02759,0.7739763
test_02760,0.0853609
test_02761,0.9910339
test_02762,0.0140440
test_02763,0.0549123
test_02764,0.9682494
test_02765,0.0284784
test_02766,0.9552248
test_02767,0.0149901
test_02768,0.2341702
test_02769,0.0115387
test_02770,0.0099868
test_02771,0.9849408
test_02772,0.9804305
test_02773,0.0792735
test_02774,0.9941541
test_02775,0.5796753
test_02776,0.9885949
test_02777,0.9888816
test_02778,0.0296310
test_02779,0.2485384
test_02780,0.4885394
test_02781,0.8818098
test_02782,0.6732981
test_02783,0.0097741
test_02784,0.1057257
test_02785,0.9750618
test_02786,0.0155776
test_02787,0.0027105
test_02788,0.8718399
test_02789,0.0215352
test_02790,0.0057179
test_02791,0.0593293
test_02792,0.2816930
test_02793,0.0162146
test_02794,0.0096032
test_02795,0.9416509
test_02796,0.9661204
test_02797,0.0162674
test_02798,0.9848436
test_02799,0.2701780
test_02800,0.0469418
test_02801,0.1707251
test_02802,0.0013538
test_02803,0.1319555
test_02804,0.1580496
test_02805,0.0435460
test_02806,0.9992619
test_02807,0.0023321
test_02808,0.3415898
test_02809,0.1759141
test_02810,0.0477560
test_02811,0.0050714
test_02812,0.0777394
test_02813,0.8867263
test_02814,0.8822901
test_02815,0.0188411
test_02816,0.4879062
test_02817,0.0215588
test_02818,0.0288122
test_02819,0.9888335
test_02820,0.0055089
test_02821,0.9976311
test_02822,0.8379756
test_02823,0.9639828
test_02824,0.0070119
test_02825,0.9931655
test_02826,0.9902439
test_02827,0.8472583
test_02828,0.9972892
test_02829,0.9993981
test_02830,0.9669063
test_02831,0.9962772
test_02832,0.1413738
test_02833,0.0439152
test_02834,0.9254525
test_02835,0.1065429
test_02836,0.9992358
test_02837,0.9862757
test_02838,0.0542887
test_02839,0.8963606
test_02840,0.6590989
test_02841,0.9886833
test_02842,0.9942704
test_02843,0.0845057
test_02844,0.0116833
test_02845,0.0020816
test_02846,0.9873318
test_02847,0.9301049
test_02848,0.0458549
test_02849,0.1683176
test_02850,0.0009630
test_02851,0.9979256
test_02852,0.0044468
test_02853,0.0200922
test_02854,0.2066819
test_02855,0.9947818
test_02856,0.0477388
test_02857,0.9165010
test_02858,0.9918803
test_02859,0.9781141
test_02860,0.8662708
test_02861,0.9807433
test_02862,0.0450571
test_02863,0.3203302
test_02864,0.1450286
test_02865,0.9986105
test_02866,0.5498094
test_02867,0.9641834
test_02868,0.0202128
test_02869,0.9957275
test_02870,0.5335242
test_02871,0.8726324
test_02872,0.0214171
test_02873,0.9965002
test_02874,0.9660580
test_02875,0.9345072
test_02876,0.9919642
test_02877,0.0266621
test_02878,0.1081443
test_02879,0.0284984
test_02880,0.9899842
test_02881,0.0281224
test_02882,0.0511961
test_02883,0.9918570
test_02884,0.3149303
test_02885,0.9260598
test_02886,0.0093074
test_02887,0.0109732
test_02888,0.0470596
test_02889,0.0143573
test_02890,0.3364969
test_02891,0.0250290
test_02892,0.0474016
test_02893,0.0014910
test_02894,0.0176093
test_02895,0.0361621
test_02896,0.9792890
test_02897,0.1437969
test_02898,0.6154777
test_02899,0.2507456
test_02900,0.8398159
test_02901,0.9951397
test_02902,0.0845792
test_02903,0.0199455
test_02904,0.4650734
test_02905,0.9657333
test_02906,0.9819854
test_02907,0.9875841
test_02908,0.7532372
test_02909,0.6169454
test_02910,0.0245862
test_02911,0.0088437
test_02912,0.9992344
test_02913,0.0916090
test_02914,0.3674050
test_02915,0.9261352
test_02916,0.9593990
test_02917,0.1323311
test_02918,0.0883320
test_02919,0.1103606
test_02920,0.0088142
test_02921,0.0779681
test_02922,0.9292636
test_02923,0.0027959
test_02924,0.0061044
test_02925,0.0524310
test_02926,0.9730566
test_02927,0.8270440
test_02928,0.6737241
test_02929,0.0046289
test_02930,0.9975625
test_02931,0.9559595
test_02932,0.9747236
test_02933,0.0489869
test_02934,0.6494832
test_02935,0.9201186
test_02936,0.9909957
test_02937,0.0111093
test_02938,0.2286387
test_02939,0.9891611
test_02940,0.5817751
test_02941,0.9641432
test_02942,0.0015934
test_02943,0.8788209
test_02944,0.0049041
test_02945,0.8628984
test_02946,0.4088033
test_02947,0.1629578
test_02948,0.0064256
test_02949,0.9693918
test_02950,0.1390505
test_02951,0.1299647
test_02952,0.9920580
test_02953,0.9507493
test_02954,0.9481678
test_02955,0.0419405
test_02956,0.0034125
test_02957,0.0622900
test_02958,0.9929263
test_02959,0.0096940
test_02960,0.5823342
test_02961,0.0173219
test_02962,0.7231071
test_02963,0.0158271
test_02964,0.3868836
test_02965,0.0014578
test_02966,0.0083547
test_02967,0.0307946
test_02968,0.9826678
test_02969,0.9801338
test_02970,0.5903469
test_02971,0.9702586
test_02972,0.9968920
test_02973,0.2804126
test_02974,0.0374700
test_02975,0.0192619
test_02976,0.8263676
test_02977,0.3791352
test_02978,0.9704771
test_02979,0.9936728
test_02980,0.0508778
test_02981,0.9858126
test_02982,0.9988592
test_02983,0.9398039
test_02984,0.9762740
test_02985,0.0288603
test_02986,0.9330795
test_02987,0.0171466
test_02988,0.0072652
test_02989,0.9687050
test_02990,0.9269676
test_02991,0.9431453
test_02992,0.0251768
test_02993,0.0034602
test_02994,0.9005459
test_02995,0.0087585
test_02996,0.0509432
test_02997,0.0311500
test_02998,0.0894377
test_02999,0.4989944
test_03000,0.9986789
test_03001,0.8417175
test_03002,0.9827082
test_03003,0.9941750
test_03004,0.0866472
test_03005,0.0144713
test_03006,0.9571038
test_03007,0.0727345
test_03008,0.0124905
test_03009,0.0116613
test_03010,0.9893771
test_03011,0.9769495
test_03012,0.0082906
test_03013,0.9986255
test_03014,0.9927405
test_03015,0.0457969
test_03016,0.0084300
test_03017,0.9554060
test_03018,0.0066725
test_03019,0.0014022
test_03020,0.9389749
test_03021,0.0083623
test_03022,0.9972923
test_03023,0.0347629
test_03024,0.7630072
test_03025,0.7518797
test_03026,0.0026390
test_03027,0.4244151
test_03028,0.0131489
test_03029,0.0283476
test_03030,0.4653612
test_03031,0.0972879
test_03032,0.1050083
test_03033,0.9902843
test_03034,0.0218178
test_03035,0.0063788
test_03036,0.1039599
test_03037,0.0162712
test_03038,0.0022870
test_03039,0.0518398
test_03040,0.9972162
test_03041,0.9925113
test_03042,0.9421141
test_03043,0.8574324
test_03044,0.9939867
test_03045,0.9789968
test_03046,0.9597090
test_03047,0.9938938
test_03048,0.0137320
test_03049,0.9870988
test_03050,0.0035776
test_03051,0.0495684
test_03052,0.0083328
test_03053,0.0110608
test_03054,0.0414532
test_03055,0.7506815
test_03056,0.9825892
test_03057,0.0047842
test_03058,0.0227997
test_03059,0.3586719
test_03060,0.8803910
test_03061,0.9983088
test_03062,0.9978331
test_03063,0.0110714
test_03064,0.9630911
test_03065,0.3323573
test_03066,0.9555561
test_03067,0.6308128
test_03068,0.5717360
test_03069,0.9987168
test_03070,0.4200289
test_03071,0.9043787
test_03072,0.0644547
test_03073,0.0230712
test_03074,0.9496779
test_03075,0.9525740
test_03076,0.0647101
test_03077,0.4481320
test_03078,0.0115648
test_03079,0.0192478
test_03080,0.0674916
test_03081,0.5659012
test_03082,0.9599370
test_03083,0.9788971
test_03084,0.0174671
test_03085,0.5784807
test_03086,0.1172743
test_03087,0.5140601
test_03088,0.9924528
test_03089,0.0328430
test_03090,0.9764622
test_03091,0.9627888
test_03092,0.0203061
test_03093,0.9912149
test_03094,0.9568304
test_03095,0.7707878
test_03096,0.9966865
test_03097,0.0322140
test_03098,0.0289672
test_03099,0.5619453
test_03100,0.6573455
test_03101,0.4344350
test_03102,0.5150748
test_03103,0.0108080
test_03104,0.3364457
test_03105,0.1995232
test_03106,0.0325020
test_03107,0.3547631
test_03108,0.0689087
test_03109,0.0284984
test_03110,0.4527735
test_03111,0.0576208
test_03112,0.0761797
test_03113,0.0965278
test_03114,0.0122402
test_03115,0.0648361
test_03116,0.9568210
test_03117,0.0655017
test_03118,0.0074779
test_03119,0.9797488
test_03120,0.0495956
test_03121,0.0081431
test_03122,0.7640859
test_03123,0.9935459
test_03124,0.7610097
test_03125,0.5258898
test_03126,0.9668716
test_03127,0.9506713
test_03128,0.0792485
test_03129,0.1987697
test_03130,0.9797840
test_03131,0.9023440
test_03132,0.9701971
test_03133,0.0013653
test_03134,0.4123773
test_03135,0.9840881
test_03136,0.0375842
test_03137,0.3698322
test_03138,0.3786643
test_03139,0.0314860
test_03140,0.0541237
test_03141,0.9533936
test_03142,0.9809426
test_03143,0.0430319
test_03144,0.9618876
test_03145,0.9002575
test_03146,0.4739866
test_03147,0.0411699
test_03148,0.0122394
test_03149,0.7702053
test_03150,0.9232466
test_03151,0.0097283
test_03152,0.9251449
test_03153,0.0050054
test_03154,0.5730002
test_03155,0.0154906
test_03156,0.9947119
test_03157,0.0050010
test_03158,0.9944081
test_03159,0.9850008
test_03160,0.3543807
test_03161,0.0014763
test_03162,0.9981174
test_03163,0.0289577
test_03164,0.9869457
test_03165,0.0102871
test_03166,0.0132315
test_03167,0.0032840
test_03168,0.0359202
test_03169,0.0091304
test_03170,0.0007885
test_03171,0.9271000
test_03172,0.9575213
test_03173,0.9553770
test_03174,0.5905675
test_03175,0.2024294
test_03176,0.9022645
test_03177,0.2392246
test_03178,0.8926527
test_03179,0.0802159
test_03180,0.8618195
test_03181,0.9980385
test_03182,0.0008217
test_03183,0.9756958
test_03184,0.9979050
test_03185,0.9705786
test_03186,0.4378132
test_03187,0.9905333
test_03188,0.0112863
test_03189,0.9845968
test_03190,0.1301737
test_03191,0.0029745
test_03192,0.9870609
test_03193,0.1042627
test_03194,0.9626954
test_03195,0.1055656
test_03196,0.9987400
test_03197,0.0201130
test_03198,0.0128055
test_03199,0.3466489
test_03200,0.0826926
test_03201,0.0550674
test_03202,0.0609765
test_03203,0.0659879
test_03204,0.9768181
test_03205,0.1524857
test_03206,0.0025446
test_03207,0.9661068
test_03208,0.0350898
test_03209,0.0604551
test_03210,0.7169896
test_03211,0.0034937
test_03212,0.9975056
test_03213,0.8372068
test_03214,0.0065901
test_03215,0.9912354
test_03216,0.0778173
test_03217,0.0052298
test_03218,0.1204958
test_03219,0.9898098
test_03220,0.9537762
test_03221,0.9318619
test_03222,0.0221153
test_03223,0.0658173
test_03224,0.9969822
test_03225,0.9959999
test_03226,0.2381834
test_03227,0.9414439
test_03228,0.8938896
test_03229,0.0029324
test_03230,0.9748325
test_03231,0.9944420
test_03232,0.9236374
test_03233,0.0498225
test_03234,0.0750685
test_03235,0.1443552
test_03236,0.0012754
test_03237,0.9711028
test_03238,0.2049476
test_03239,0.0179732
test_03240,0.0105814
test_03241,0.1818878
test_03242,0.0981766
test_03243,0.0130691
test_03244,0.3670892
test_03245,0.9809610
test_03246,0.9669575
test_03247,0.9903339
test_03248,0.2518849
test_03249,0.9981269
test_03250,0.1603199
test_03251,0.1052112
test_03252,0.9172184
test_03253,0.9904562
test_03254,0.0152786
test_03255,0.0286637
test_03256,0.9874358
test_03257,0.9300156
test_03258,0.8604789
test_03259,0.9668179
test_03260,0.0067006
test_03261,0.1437685
test_03262,0.9942318
test_03263,0.1797152
test_03264,0.0229049
test_03265,0.2050060
test_03266,0.9939702
test_03267,0.5672961
test_03268,0.1289104
test_03269,0.9701361
test_03270,0.0735061
test_03271,0.1266770
test_03272,0.9873759
test_03273,0.1758308
test_03274,0.0031564
test_03275,0.3354772
test_03276,0.0455694
test_03277,0.0409888
test_03278,0.9870034
test_03279,0.9204319
test_03280,0.9838014
test_03281,0.6576430
test_03282,0.2951198
test_03283,0.0224106
test_03284,0.0454708
test_03285,0.9622753
test_03286,0.9945717
test_03287,0.9978775
test_03288,0.4341719
test_03289,0.9931713
test_03290,0.1464485
test_03291,0.0273321
test_03292,0.6223055
test_03293,0.9321486
test_03294,0.9843667
test_03295,0.0706789
test_03296,0.1379366
test_03297,0.9872690
test_03298,0.0030171
test_03299,0.9715358
test_03300,0.9969807
test_03301,0.0650131
test_03302,0.9990231
test_03303,0.0314459
test_03304,0.0051402
test_03305,0.9810377
test_03306,0.9384288
test_03307,0.9799893
test_03308,0.9711089
test_03309,0.4607308
test_03310,0.8541518
test_03311,0.0380219
test_03312,0.9641978
test_03313,0.0141836
test_03314,0.0085303
test_03315,0.9413884
test_03316,0.9725353
test_03317,0.9289935
test_03318,0.9722939
test_03319,0.0115610
test_03320,0.9948327
test_03321,0.8903846
test_03322,0.9847394
test_03323,0.9934381
test_03324,0.0718648
test_03325,0.2765513
test_03326,0.0244229
test_03327,0.9984906
test_03328,0.7585427
test_03329,0.3614830
test_03330,0.9927306
test_03331,0.0054049
test_03332,0.9501593
test_03333,0.0169862
test_03334,0.9853913
test_03335,0.9801847
test_03336,0.0044534
test_03337,0.0053909
test_03338,0.8280706
test_03339,0.9839520
test_03340,0.9873918
test_03341,0.0998357
test_03342,0.1895626
test_03343,0.2332184
test_03344,0.9794049
test_03345,0.4327533
test_03346,0.0029927
test_03347,0.8677358
test_03348,0.0047322
test_03349,0.9979772
test_03350,0.9807146
test_03351,0.1699314
test_03352,0.9871076
test_03353,0.1121852
test_03354,0.0046739
test_03355,0.8524169
test_03356,0.0267718
test_03357,0.9888735
test_03358,0.0519051
test_03359,0.9349912
test_03360,0.5223815
test_03361,0.2060929
test_03362,0.9827197
test_03363,0.9676083
test_03364,0.8344244
test_03365,0.9172444
test_03366,0.2571799
test_03367,0.9319081
test_03368,0.5607713
test_03369,0.0033611
test_03370,0.9147422
test_03371,0.9963009
test_03372,0.1514152
test_03373,0.3224436
test_03374,0.8847746
test_03375,0.0269877
test_03376,0.9935471
test_03377,0.0134190
test_03378,0.0345683
test_03379,0.9795195
test_03380,0.9495007
test_03381,0.9971606
test_03382,0.8842728
test_03383,0.0024886
test_03384,0.9763779
test_03385,0.9948866
test_03386,0.6327595
test_03387,0.9971831
test_03388,0.7358571
test_03389,0.9950039
test_03390,0.9856380
test_03391,0.9919612
test_03392,0.6595743
test_03393,0.0291362
test_03394,0.2240436
test_03395,0.6151235
test_03396,0.0225306
test_03397,0.0458897
test_03398,0.9712304
test_03399,0.9930286
test_03400,0.0481866
test_03401,0.2716539
test_03402,0.7690041
test_03403,0.0181991
test_03404,0.0500970
test_03405,0.9887254
test_03406,0.0058273
test_03407,0.0585082
test_03408,0.0502720
test_03409,0.0516277
test_03410,0.1130537
test_03411,0.9781519
test_03412,0.9901394
test_03413,0.0050248
test_03414,0.0473523
test_03415,0.9795370
test_03416,0.0376964
test_03417,0.0226983
test_03418,0.0447400
test_03419,0.0037033
test_03420,0.9745060
test_03421,0.0172424
test_03422,0.9994240
test_03423,0.0482549
test_03424,0.0044303
test_03425,0.0383952
test_03426,0.9886327
test_03427,0.9980494
test_03428,0.0552782
test_03429,0.8633825
test_03430,0.9900019
test_03431,0.4707111
test_03432,0.0704465
test_03433,0.9796467
test_03434,0.0207590
test_03435,0.9960146
test_03436,0.1040406
test_03437,0.0487766
test_03438,0.0079673
test_03439,0.9215756
test_03440,0.9820735
test_03441,0.9866341
test_03442,0.8367503
test_03443,0.9641545
test_03444,0.2699409
test_03445,0.0177443
test_03446,0.9752974
test_03447,0.9795734
test_03448,0.8727084
test_03449,0.9815717
test_03450,0.4424509
test_03451,0.7311907
test_03452,0.0523969
test_03453,0.0547315
test_03454,0.0188019
test_03455,0.1501870
test_03456,0.0453787
test_03457,0.1665066
test_03458,0.9916310
test_03459,0.0181286
test_03460,0.0224352
test_03461,0.4180779
test_03462,0.9308694
test_03463,0.0021427
test_03464,0.9978907
test_03465,0.2642446
test_03466,0.0213487
test_03467,0.9857737
test_03468,0.0070622
test_03469,0.0275336
test_03470,0.0060858
test_03471,0.5050351
test_03472,0.8648219
test_03473,0.9375774
test_03474,0.8684586
test_03475,0.1432920
test_03476,0.0083499
test_03477,0.2277888
test_03478,0.0090227
test_03479,0.0778918
test_03480,0.9786613
test_03481,0.9824829
test_03482,0.8828673
test_03483,0.9714199
test_03484,0.6120175
test_03485,0.1488685
test_03486,0.9687749
test_03487,0.9910544
test_03488,0.9855771
test_03489,0.0083671
test_03490,0.7573286
test_03491,0.9012422
test_03492,0.9939497
test_03493,0.9891624
test_03494,0.0337003
test_03495,0.0436960
test_03496,0.0188191
test_03497,0.9958495
test_03498,0.9861472
test_03499,0.9769599
test_03500,0.6638912
test_03501,0.0020472
test_03502,0.0125650
test_03503,0.0224764
test_03504,0.0050061
test_03505,0.0060675
test_03506,0.5878804
test_03507,0.0053233
test_03508,0.0151130
test_03509,0.0275591
test_03510,0.7809998
test_03511,0.0169732
test_03512,0.9196912
test_03513,0.0091872
test_03514,0.9971065
test_03515,0.6911077
test_03516,0.0860392
test_03517,0.4940787
test_03518,0.0101732
test_03519,0.9455676
test_03520,0.9832048
test_03521,0.9943618
test_03522,0.7918137
test_03523,0.9827365
test_03524,0.0363109
test_03525,0.9731719
test_03526,0.9856386
test_03527,0.9291189
test_03528,0.0290238
test_03529,0.0161946
test_03530,0.0262634
test_03531,0.0162136
test_03532,0.9941512
test_03533,0.0186952
test_03534,0.6127695
test_03535,0.0105350
test_03536,0.9509488
test_03537,0.0134794
test_03538,0.0033740
test_03539,0.0401949
test_03540,0.5162736
test_03541,0.0569918
test_03542,0.3463714
test_03543,0.9834254
test_03544,0.0044617
test_03545,0.0012163
test_03546,0.9723976
test_03547,0.7074252
test_03548,0.9716187
test_03549,0.0198241
test_03550,0.9817204
test_03551,0.9954405
test_03552,0.7830932
test_03553,0.3000979
test_03554,0.5830963
test_03555,0.0120882
test_03556,0.0169805
test_03557,0.9619557
test_03558,0.9454188
test_03559,0.0549153
test_03560,0.9869252
test_03561,0.9891403
test_03562,0.9910387
test_03563,0.9070249
test_03564,0.9828706
test_03565,0.9958125
test_03566,0.0079404
test_03567,0.4163301
test_03568,0.0151059
test_03569,0.0114744
test_03570,0.9886794
test_03571,0.0027511
test_03572,0.8441578
test_03573,0.9356567
test_03574,0.9554262
test_03575,0.9210223
test_03576,0.8898891
test_03577,0.1417919
test_03578,0.3466031
test_03579,0.0137255
test_03580,0.9857092
test_03581,0.0020955
test_03582,0.9689965
test_03583,0.5609896
test_03584,0.0232679
test_03585,0.9974355
test_03586,0.0341941
test_03587,0.0247943
test_03588,0.0053495
test_03589,0.1888314
test_03590,0.0447619
test_03591,0.0179955
test_03592,0.9646250
test_03593,0.8236297
test_03594,0.0036207
test_03595,0.9868916
test_03596,0.9876126
test_03597,0.2055418
test_03598,0.3877773
test_03599,0.9905961
test_03600,0.0168284
test_03601,0.9954302
test_03602,0.0075770
test_03603,0.9911720
test_03604,0.6607785
test_03605,0.6407648
test_03606,0.0479506
test_03607,0.0495411
test_03608,0.9968722
test_03609,0.0070394
test_03610,0.0191674
test_03611,0.9617559
test_03612,0.9867954
test_03613,0.9721268
test_03614,0.0083388
test_03615,0.9697234
test_03616,0.0085499
test_03617,0.0010357
test_03618,0.9909661
test_03619,0.0061606
test_03620,0.0450864
test_03621,0.0814483
test_03622,0.0081814
test_03623,0.3846532
test_03624,0.1075670
test_03625,0.9918529
test_03626,0.5211186
test_03627,0.2315658
test_03628,0.0050976
test_03629,0.6852101
test_03630,0.0109521
test_03631,0.2683645
test_03632,0.9867489
test_03633,0.0128720
test_03634,0.0094192
test_03635,0.9804333
test_03636,0.0214732
test_03637,0.0070013
test_03638,0.9410508
test_03639,0.0010170
test_03640,0.0154912
test_03641,0.9637632
test_03642,0.5912082
test_03643,0.9698669
test_03644,0.0072842
test_03645,0.7685860
test_03646,0.9074000
test_03647,0.2057562
test_03648,0.9410039
test_03649,0.9794590
test_03650,0.9620790
test_03651,0.4742290
test_03652,0.0038831
test_03653,0.9888181
test_03654,0.9029985
test_03655,0.8116034
test_03656,0.9309481
test_03657,0.0283174
test_03658,0.7607657
test_03659,0.9719552
test_03660,0.9815515
test_03661,0.0357647
test_03662,0.9900568
test_03663,0.9355575
test_03664,0.9972172
test_03665,0.9979026
test_03666,0.0613677
test_03667,0.0889349
test_03668,0.9973268
test_03669,0.9860038
test_03670,0.0035375
test_03671,0.0279303
test_03672,0.9809598
test_03673,0.9760990
test_03674,0.0851745
test_03675,0.9674650
test_03676,0.9400585
test_03677,0.9573528
test_03678,0.9794412
test_03679,0.0199308
test_03680,0.8646619
test_03681,0.0566535
test_03682,0.9635832
test_03683,0.9889898
test_03684,0.5750437
test_03685,0.9925894
test_03686,0.9772128
test_03687,0.2553397
test_03688,0.9954544
test_03689,0.0017841
test_03690,0.7744111
test_03691,0.8098683
test_03692,0.0138462
test_03693,0.9764932
test_03694,0.9909907
test_03695,0.0147022
test_03696,0.0100360
test_03697,0.7010495
test_03698,0.9937471
test_03699,0.9886687
test_03700,0.9883599
test_03701,0.0249905
test_03702,0.9973693
test_03703,0.9904666
test_03704,0.1140302
test_03705,0.0008525
test_03706,0.0032992
test_03707,0.8678136
test_03708,0.0274206
test_03709,0.6515940
test_03710,0.7958239
test_03711,0.2655968
test_03712,0.9762632
test_03713,0.1991970
test_03714,0.0494246
test_03715,0.9981104
test_03716,0.8872225
test_03717,0.0122935
test_03718,0.0085368
test_03719,0.9863950
test_03720,0.0086529
test_03721,0.0020597
test_03722,0.0019921
test_03723,0.0281161
test_03724,0.9975614
test_03725,0.0006726
test_03726,0.9973608
test_03727,0.1121287
test_03728,0.0381550
test_03729,0.0462843
test_03730,0.6562372
test_03731,0.4543738
test_03732,0.8691044
test_03733,0.9507291
test_03734,0.9983424
test_03735,0.0862147
test_03736,0.2423236
test_03737,0.7805263
test_03738,0.1038454
test_03739,0.9795719
test_03740,0.0132279
test_03741,0.0211599
test_03742,0.3105612
test_03743,0.9888846
test_03744,0.9961066
test_03745,0.9661295
test_03746,0.0159534
test_03747,0.6639512
test_03748,0.0003121
test_03749,0.9642912
test_03750,0.7276318
test_03751,0.9716824
test_03752,0.9642223
test_03753,0.1160333
test_03754,0.9816000
test_03755,0.9962581
test_03756,0.9926067
test_03757,0.0147062
test_03758,0.9907295
test_03759,0.0092247
test_03760,0.1268701
test_03761,0.3243833
test_03762,0.8654548
test_03763,0.0923607
test_03764,0.9170112
test_03765,0.0224984
test_03766,0.9390781
test_03767,0.7122651
test_03768,0.0159006
test_03769,0.8272839
test_03770,0.6133661
test_03771,0.5527130
test_03772,0.9906603
test_03773,0.0229825
test_03774,0.1884793
test_03775,0.9811890
test_03776,0.0055924
test_03777,0.0030441
test_03778,0.9754003
test_03779,0.0284033
test_03780,0.0073741
test_03781,0.0705481
test_03782,0.2891171
test_03783,0.1041175
test_03784,0.0096183
test_03785,0.9900598
test_03786,0.4840453
test_03787,0.0045242
test_03788,0.4638474
test_03789,0.0537937
test_03790,0.6909606
test_03791,0.4795671
test_03792,0.9865746
test_03793,0.0434296
test_03794,0.9290568
test_03795,0.9891109
test_03796,0.9758592
test_03797,0.1149356
test_03798,0.9899413
test_03799,0.1007670
test_03800,0.9669142
test_03801,0.0043193
test_03802,0.0281805
test_03803,0.0364438
test_03804,0.0511026
test_03805,0.6642820
test_03806,0.0773017
test_03807,0.3510777
test_03808,0.9681579
test_03809,0.3369030
test_03810,0.0042712
test_03811,0.0280767
test_03812,0.0150228
test_03813,0.4979692
test_03814,0.4926724
test_03815,0.9777377
test_03816,0.0135642
test_03817,0.6793879
test_03818,0.0055908
test_03819,0.6647112
test_03820,0.5495170
test_03821,0.4978985
test_03822,0.9294063
test_03823,0.0418475
test_03824,0.9453994
test_03825,0.9628027
test_03826,0.9938924
test_03827,0.7207056
test_03828,0.9968089
test_03829,0.0218499
test_03830,0.9089376
test_03831,0.0071501
test_03832,0.3288507
test_03833,0.0113832
test_03834,0.9938155
test_03835,0.5542601
test_03836,0.0003240
test_03837,0.0509546
test_03838,0.0141021
test_03839,0.0905436
test_03840,0.9623777
test_03841,0.9948789
test_03842,0.5225559
test_03843,0.6429353
test_03844,0.0200143
test_03845,0.9940620
test_03846,0.8021673
test_03847,0.0132345
test_03848,0.8507810
test_03849,0.9949789
test_03850,0.0827168
test_03851,0.3480115
test_03852,0.0044676
test_03853,0.4864381
test_03854,0.9966378
test_03855,0.1043658
test_03856,0.2084406
test_03857,0.0057445
test_03858,0.3174890
test_03859,0.0017651
test_03860,0.1788655
test_03861,0.0972975
test_03862,0.9754847
test_03863,0.9523636
test_03864,0.9095860
test_03865,0.0517224
test_03866,0.7413086
test_03867,0.0421926
test_03868,0.1043442
test_03869,0.9791431
test_03870,0.8038832
test_03871,0.0331323
test_03872,0.0414607
test_03873,0.0571768
test_03874,0.0097848
test_03875,0.0174062
test_03876,0.8034776
test_03877,0.2027639
test_03878,0.9904849
test_03879,0.9963359
test_03880,0.9212025
test_03881,0.0101787
test_03882,0.9979144
test_03883,0.0383723
test_03884,0.9784814
test_03885,0.0335062
test_03886,0.0214526
test_03887,0.2771781
test_03888,0.9964277
test_03889,0.2966767
test_03890,0.9046885
test_03891,0.0119762
test_03892,0.0361996
test_03893,0.0683967
test_03894,0.8225735
test_03895,0.0057817
test_03896,0.9930010
test_03897,0.9953490
test_03898,0.0178825
test_03899,0.9927502
test_03900,0.4532833
test_03901,0.0095317
test_03902,0.0064979
test_03903,0.8874357
test_03904,0.0656025
test_03905,0.9593756
test_03906,0.1398650
test_03907,0.9875192
test_03908,0.9297871
test_03909,0.9837608
test_03910,0.0118786
test_03911,0.9423111
test_03912,0.9956523
test_03913,0.2028173
test_03914,0.5486732
test_03915,0.2472996
test_03916,0.5752170
test_03917,0.9820274
test_03918,0.9478455
test_03919,0.9116514
test_03920,0.8182131
test_03921,0.0180571
test_03922,0.0824922
test_03923,0.9668795
test_03924,0.6163195
test_03925,0.1731517
test_03926,0.9756589
test_03927,0.0240861
test_03928,0.0120107
test_03929,0.9914973
test_03930,0.9376262
test_03931,0.9908236
test_03932,0.0036683
test_03933,0.0235806
test_03934,0.9970120
test_03935,0.0165032
test_03936,0.2309663
test_03937,0.0636058
test_03938,0.7637517
test_03939,0.0037326
test_03940,0.0195018
test_03941,0.2128947
test_03942,0.0417672
test_03943,0.0114098
test_03944,0.9937302
test_03945,0.9845886
test_03946,0.7325501
test_03947,0.9569379
test_03948,0.9792374
test_03949,0.3186736
test_03950,0.9952691
test_03951,0.0037695
test_03952,0.8758200
test_03953,0.9916052
test_03954,0.9746318
test_03955,0.0059057
test_03956,0.0053105
test_03957,0.3462536
test_03958,0.9041413
test_03959,0.0992295
test_03960,0.3067206
test_03961,0.9808275
test_03962,0.9853099
test_03963,0.0028164
test_03964,0.9936869
test_03965,0.0111787
test_03966,0.0058945
test_03967,0.0030324
test_03968,0.9885938
test_03969,0.9917145
test_03970,0.9958120
test_03971,0.0566162
test_03972,0.0553348
test_03973,0.9802670
test_03974,0.0305614
test_03975,0.9876847
test_03976,0.7016326
test_03977,0.7902598
test_03978,0.2106643
test_03979,0.9949086
test_03980,0.9704980
test_03981,0.9960062
test_03982,0.9468259
test_03983,0.9378495
test_03984,0.9575512
test_03985,0.0384227
test_03986,0.0393435
test_03987,0.0882357
test_03988,0.9035105
test_03989,0.0086155
test_03990,0.0066738
test_03991,0.0345839
test_03992,0.9247264
test_03993,0.0097812
test_03994,0.0088795
test_03995,0.0189644
test_03996,0.9994029
test_03997,0.9768010
test_03998,0.8507429
test_03999,0.9898487
test_04000,0.9975979
test_04001,0.4600089
test_04002,0.9879711
test_04003,0.8734815
test_04004,0.9870853
test_04005,0.0875644
test_04006,0.0971435
test_04007,0.0019866
test_04008,0.7528780
test_04009,0.0732557
test_04010,0.0196011
test_04011,0.0125592
test_04012,0.0017646
test_04013,0.0699319
test_04014,0.9635463
test_04015,0.9384097
test_04016,0.7039190
test_04017,0.1925733
test_04018,0.9663346
test_04019,0.8798341
test_04020,0.9824823
test_04021,0.0131519
test_04022,0.0675092
test_04023,0.6079519
test_04024,0.0675212
test_04025,0.0098479
test_04026,0.9944437
test_04027,0.0899011
test_04028,0.0180420
test_04029,0.1987989
test_04030,0.9854088
test_04031,0.0234133
test_04032,0.0344096
test_04033,0.8774826
test_04034,0.9335796
test_04035,0.9628816
test_04036,0.9687391
test_04037,0.9941673
test_04038,0.0124707
test_04039,0.0284877
test_04040,0.9974105
test_04041,0.9964929
test_04042,0.9774860
test_04043,0.0347241
test_04044,0.0086525
test_04045,0.0718477
test_04046,0.1557135
test_04047,0.9848862
test_04048,0.9701582
test_04049,0.9750297
test_04050,0.0010947
test_04051,0.9961255
test_04052,0.9502370
test_04053,0.7960438
test_04054,0.0028899
test_04055,0.9820507
test_04056,0.7581716
test_04057,0.9817396
test_04058,0.9979673
test_04059,0.5990769
test_04060,0.9867509
test_04061,0.6224507
test_04062,0.0017624
test_04063,0.0567006
test_04064,0.9957305
test_04065,0.9791653
test_04066,0.9840315
test_04067,0.1704726
test_04068,0.0006553
test_04069,0.0087031
test_04070,0.0967605
test_04071,0.9619153
test_04072,0.0961199
test_04073,0.0022955
test_04074,0.0149437
test_04075,0.9832584
test_04076,0.9973407
test_04077,0.9707006
test_04078,0.9906839
test_04079,0.0030711
test_04080,0.0136606
test_04081,0.9622541
test_04082,0.0016143
test_04083,0.0874172
test_04084,0.5645403
test_04085,0.0027020
test_04086,0.9770079
test_04087,0.9623551
test_04088,0.9932063
test_04089,0.1951084
test_04090,0.9757802
test_04091,0.9790441
test_04092,0.9794013
test_04093,0.9963679
test_04094,0.0305198
test_04095,0.3324472
test_04096,0.0724121
test_04097,0.9503956
test_04098,0.0727654
test_04099,0.9174121
test_04100,0.9953857
test_04101,0.0244407
test_04102,0.0311296
test_04103,0.0285419
test_04104,0.9718507
test_04105,0.0170052
test_04106,0.0051055
test_04107,0.0249774
test_04108,0.9880767
test_04109,0.9601576
test_04110,0.7768006
test_04111,0.8310530
test_04112,0.4124845
test_04113,0.9187103
test_04114,0.1746254
test_04115,0.5371292
test_04116,0.9908946
test_04117,0.9972308
test_04118,0.0924349
test_04119,0.0052881
test_04120,0.9864886
test_04121,0.5215635
test_04122,0.0463130
test_04123,0.9933358
test_04124,0.3557468
test_04125,0.0078850
test_04126,0.0468380
test_04127,0.0014689
test_04128,0.9564127
test_04129,0.9875365
test_04130,0.0075914
test_04131,0.0049736
test_04132,0.6357146
test_04133,0.0087390
test_04134,0.9789580
test_04135,0.9944349
test_04136,0.6025931
test_04137,0.3780037
test_04138,0.3118599
test_04139,0.9795924
test_04140,0.9941978
test_04141,0.0624184
test_04142,0.8071138
test_04143,0.9175260
test_04144,0.9164621
test_04145,0.9907523
test_04146,0.0011742
test_04147,0.0090564
test_04148,0.9663785
test_04149,0.9130776
test_04150,0.1869894
test_04151,0.8762121
test_04152,0.3187215
test_04153,0.9186196
test_04154,0.0200658
test_04155,0.0218589
test_04156,0.1704901
test_04157,0.9943818
test_04158,0.7920179
test_04159,0.0121423
test_04160,0.9711059
test_04161,0.0508034
test_04162,0.9527808
test_04163,0.3451220
test_04164,0.9630708
test_04165,0.6481043
test_04166,0.1635839
test_04167,0.0104970
test_04168,0.0108491
test_04169,0.9574358
test_04170,0.9980507
test_04171,0.8210422
test_04172,0.0091010
test_04173,0.7946211
test_04174,0.0085581
test_04175,0.9849378
test_04176,0.8346350
test_04177,0.0031962
test_04178,0.8400707
test_04179,0.0206244
test_04180,0.1156250
test_04181,0.9910542
test_04182,0.9922194
test_04183,0.1441028
test_04184,0.9772320
test_04185,0.5438956
test_04186,0.4947618
test_04187,0.9879789
test_04188,0.0098956
test_04189,0.0114484
test_04190,0.9362189
test_04191,0.9949639
test_04192,0.0359813
test_04193,0.0836729
test_04194,0.0669269
test_04195,0.0122248
test_04196,0.8798562
test_04197,0.0104030
test_04198,0.9996340
test_04199,0.1235577
test_04200,0.0293067
test_04201,0.3702421
test_04202,0.9626040
test_04203,0.9418975
test_04204,0.1165567
test_04205,0.0242375
test_04206,0.0963843
test_04207,0.9676595
test_04208,0.0206019
test_04209,0.0105891
test_04210,0.6169233
test_04211,0.9952552
test_04212,0.9685735
test_04213,0.0068302
test_04214,0.9930463
test_04215,0.0460684
test_04216,0.0044031
test_04217,0.4886756
test_04218,0.0129741
test_04219,0.9632904
test_04220,0.2086834
test_04221,0.9400440
test_04222,0.9969022
test_04223,0.9280604
test_04224,0.9885794
test_04225,0.1054400
test_04226,0.9717191
test_04227,0.9953567
test_04228,0.9980974
test_04229,0.6181876
test_04230,0.0711802
test_04231,0.6774274
test_04232,0.9979100
test_04233,0.9632830
test_04234,0.5295569
test_04235,0.9591093
test_04236,0.0033116
test_04237,0.4829552
test_04238,0.0044132
test_04239,0.4361567
test_04240,0.7011428
test_04241,0.9935164
test_04242,0.9919251
test_04243,0.0160079
test_04244,0.9890822
test_04245,0.9980774
test_04246,0.6954767
test_04247,0.9936006
test_04248,0.9828901
test_04249,0.9985538
test_04250,0.9649916
test_04251,0.9864696
test_04252,0.0057874
test_04253,0.0185993
test_04254,0.0031022
test_04255,0.9142445
test_04256,0.9944257
test_04257,0.8563055
test_04258,0.1370962
test_04259,0.9666256
test_04260,0.9367512
test_04261,0.9006030
test_04262,0.3288681
test_04263,0.7006544
test_04264,0.9879274
test_04265,0.9438964
test_04266,0.1164533
test_04267,0.0064617
test_04268,0.9937515
test_04269,0.8877871
test_04270,0.0090048
test_04271,0.2040495
test_04272,0.0936028
test_04273,0.9716445
test_04274,0.0039705
test_04275,0.0412816
test_04276,0.8773496
test_04277,0.4803794
test_04278,0.8595916
test_04279,0.0070900
test_04280,0.1056172
test_04281,0.9981287
test_04282,0.4290634
test_04283,0.0050912
test_04284,0.0879976
test_04285,0.7496521
test_04286,0.0004341
test_04287,0.9866748
test_04288,0.0182442
test_04289,0.9919593
test_04290,0.3229542
test_04291,0.4494869
test_04292,0.1184300
test_04293,0.9811509
test_04294,0.7387718
test_04295,0.0543503
test_04296,0.6311737
test_04297,0.8852568
test_04298,0.9554521
test_04299,0.0001402
test_04300,0.0033095
test_04301,0.9831859
test_04302,0.1367827
test_04303,0.9902784
test_04304,0.9394975
test_04305,0.7130032
test_04306,0.1816212
test_04307,0.5333000
test_04308,0.0113760
test_04309,0.4706547
test_04310,0.9991258
test_04311,0.9937285
test_04312,0.1415978
test_04313,0.1080402
test_04314,0.9055344
test_04315,0.9985123
test_04316,0.0074852
test_04317,0.0170700
test_04318,0.0198953
test_04319,0.0082701
test_04320,0.0269949
test_04321,0.9494796
test_04322,0.9360505
test_04323,0.0042471
test_04324,0.9709685
test_04325,0.9439625
test_04326,0.9629265
test_04327,0.6402093
test_04328,0.2933165
test_04329,0.9723107
test_04330,0.9799315
test_04331,0.9816631
test_04332,0.0696807
test_04333,0.0085419
test_04334,0.9863464
test_04335,0.0083806
test_04336,0.0003288
test_04337,0.9361643
test_04338,0.9951984
test_04339,0.9958373
test_04340,0.0552432
test_04341,0.9959952
test_04342,0.0397687
test_04343,0.9881501
test_04344,0.2569546
test_04345,0.9859862
test_04346,0.0174873
test_04347,0.0253643
test_04348,0.9819537
test_04349,0.9752032
test_04350,0.9597406
test_04351,0.0509632
test_04352,0.0246937
test_04353,0.7311496
test_04354,0.0341310
test_04355,0.9415781
test_04356,0.0279883
test_04357,0.5425286
test_04358,0.0035116
test_04359,0.0497926
test_04360,0.8795892
test_04361,0.2431030
test_04362,0.0225332
test_04363,0.9786530
test_04364,0.9751363
test_04365,0.0735109
test_04366,0.0651666
test_04367,0.0051181
test_04368,0.0856399
test_04369,0.2521957
test_04370,0.0043340
test_04371,0.9921695
test_04372,0.8129521
test_04373,0.0337013
test_04374,0.1642504
test_04375,0.9959883
test_04376,0.0727257
test_04377,0.0420003
test_04378,0.4966495
test_04379,0.0079108
test_04380,0.0429945
test_04381,0.9848083
test_04382,0.0093579
test_04383,0.5100037
test_04384,0.8947868
test_04385,0.4564392
test_04386,0.0078911
test_04387,0.0029821
test_04388,0.0296727
test_04389,0.0562596
test_04390,0.9690991
test_04391,0.9887528
test_04392,0.9911946
test_04393,0.9381775
test_04394,0.9989430
test_04395,0.0201442
test_04396,0.0216147
test_04397,0.8321989
test_04398,0.0117251
test_04399,0.0408050
test_04400,0.0072016
test_04401,0.0018785
test_04402,0.9864661
test_04403,0.8501769
test_04404,0.0053154
test_04405,0.9642611
test_04406,0.9870298
test_04407,0.4861845
test_04408,0.9899856
test_04409,0.9780896
test_04410,0.9866501
test_04411,0.9825116
test_04412,0.9956110
test_04413,0.5788702
test_04414,0.9932210
test_04415,0.0212576
test_04416,0.0714488
test_04417,0.1447187
test_04418,0.0048982
test_04419,0.0058412
test_04420,0.0112869
test_04421,0.9404680
test_04422,0.0104959
test_04423,0.0617633
test_04424,0.1905559
test_04425,0.9894218
test_04426,0.2555070
test_04427,0.8589330
test_04428,0.0101354
test_04429,0.9985673
test_04430,0.7373320
test_04431,0.9963093
test_04432,0.0073543
test_04433,0.0107560
test_04434,0.6981859
test_04435,0.0093859
test_04436,0.0087802
test_04437,0.9935192
test_04438,0.3530321
test_04439,0.0712950
test_04440,0.9872825
test_04441,0.9996276
test_04442,0.8871997
test_04443,0.1772484
test_04444,0.5995995
test_04445,0.6557136
test_04446,0.0097879
test_04447,0.9990578
test_04448,0.0463656
test_04449,0.9846804
test_04450,0.9875332
test_04451,0.0082470
test_04452,0.0249684
test_04453,0.9809091
test_04454,0.0534081
test_04455,0.6660986
test_04456,0.0180305
test_04457,0.0559973
test_04458,0.9745513
test_04459,0.1205990
test_04460,0.0045102
test_04461,0.9946102
test_04462,0.0437183
test_04463,0.9312276
test_04464,0.5175192
test_04465,0.6168764
test_04466,0.0071402
test_04467,0.9694168
test_04468,0.0073468
test_04469,0.0239357
test_04470,0.1757329
test_04471,0.5301685
test_04472,0.9261817
test_04473,0.0630960
test_04474,0.0866503
test_04475,0.0035599
test_04476,0.4045707
test_04477,0.0775280
test_04478,0.8898765
test_04479,0.5598787
test_04480,0.9137266
test_04481,0.9056914
test_04482,0.0212038
test_04483,0.9831804
test_04484,0.9617019
test_04485,0.9796669
test_04486,0.9475649
test_04487,0.5055668
test_04488,0.9833410
test_04489,0.0016247
test_04490,0.7826086
test_04491,0.6531643
test_04492,0.0198727
test_04493,0.0666192
test_04494,0.4655488
test_04495,0.9763034
test_04496,0.0081873
test_04497,0.0721793
test_04498,0.0557712
test_04499,0.0276148
test_04500,0.7223393
test_04501,0.0025432
test_04502,0.9940241
test_04503,0.0263556
test_04504,0.0247319
test_04505,0.0736918
test_04506,0.9968663
test_04507,0.0241498
test_04508,0.0174739
test_04509,0.0536309
test_04510,0.4981479
test_04511,0.0040351
test_04512,0.9111367
test_04513,0.0303473
test_04514,0.9919866
test_04515,0.0922240
test_04516,0.9155623
test_04517,0.9801742
test_04518,0.0024446
test_04519,0.2649598
test_04520,0.0134111
test_04521,0.9973378
test_04522,0.9987907
test_04523,0.0103727
test_04524,0.9883938
test_04525,0.0563034
test_04526,0.9783629
test_04527,0.2028187
test_04528,0.9728214
test_04529,0.0067590
test_04530,0.0062782
test_04531,0.3828380
test_04532,0.6231828
test_04533,0.3693435
test_04534,0.0134993
test_04535,0.9186689
test_04536,0.0018422
test_04537,0.0320022
test_04538,0.7925473
test_04539,0.9843259
test_04540,0.9877676
test_04541,0.9992707
test_04542,0.1978266
test_04543,0.0033354
test_04544,0.0242160
test_04545,0.9830277
test_04546,0.9811019
test_04547,0.8834086
test_04548,0.9557107
test_04549,0.0045092
test_04550,0.5050936
test_04551,0.9255168
test_04552,0.1328386
test_04553,0.0297464
test_04554,0.2446976
test_04555,0.3988114
test_04556,0.6260468
test_04557,0.0040441
test_04558,0.0296168
test_04559,0.0009049
test_04560,0.0164707
test_04561,0.0834235
test_04562,0.0218631
test_04563,0.9667922
test_04564,0.0016730
test_04565,0.7310985
test_04566,0.0060313
test_04567,0.9788316
test_04568,0.4795372
test_04569,0.9024631
test_04570,0.0118933
test_04571,0.0431364
test_04572,0.9757765
test_04573,0.9823675
test_04574,0.0075644
test_04575,0.8781415
test_04576,0.9747602
test_04577,0.9866634
test_04578,0.9992200
test_04579,0.0300938
test_04580,0.0072662
test_04581,0.0050314
test_04582,0.0255497
test_04583,0.9918669
test_04584,0.6381945
test_04585,0.3539430
test_04586,0.0099454
test_04587,0.8466383
test_04588,0.9458007
test_04589,0.9958907
test_04590,0.9870154
test_04591,0.9800947
test_04592,0.0349934
test_04593,0.9770395
test_04594,0.0429647
test_04595,0.9901848
test_04596,0.0319912
test_04597,0.0186742
test_04598,0.0032837
test_04599,0.9683731
test_04600,0.0501350
test_04601,0.0103332
test_04602,0.0995665
test_04603,0.9296095
test_04604,0.1086092
test_04605,0.9898245
test_04606,0.9814534
test_04607,0.0118594
test_04608,0.0177379
test_04609,0.9111023
test_04610,0.0811431
test_04611,0.9997036
test_04612,0.9948347
test_04613,0.9797079
test_04614,0.9988745
test_04615,0.9968020
test_04616,0.9793961
test_04617,0.0317196
test_04618,0.8787485
test_04619,0.8588681
test_04620,0.0230693
test_04621,0.9706092
test_04622,0.4141187
test_04623,0.9929579
test_04624,0.9585696
test_04625,0.8543308
test_04626,0.0061457
test_04627,0.0060171
test_04628,0.9429277
test_04629,0.9286537
test_04630,0.9031023
test_04631,0.9894065
test_04632,0.0788389
test_04633,0.0528190
test_04634,0.9692583
test_04635,0.9946082
test_04636,0.9916844
test_04637,0.9856997
test_04638,0.9523785
test_04639,0.5156453
test_04640,0.6852075
test_04641,0.9775169
test_04642,0.3460601
test_04643,0.9744121
test_04644,0.9320776
test_04645,0.9842492
test_04646,0.5492408
test_04647,0.9968473
test_04648,0.4549289
test_04649,0.9789749
test_04650,0.0076625
test_04651,0.7292603
test_04652,0.0080893
test_04653,0.9976623
test_04654,0.3291923
test_04655,0.6013738
test_04656,0.0076017
test_04657,0.9884290
test_04658,0.9930723
test_04659,0.7856399
test_04660,0.5171590
test_04661,0.0703500
test_04662,0.0105873
test_04663,0.1670673
test_04664,0.0577002
test_04665,0.9942282
test_04666,0.0141229
test_04667,0.9749628
test_04668,0.0305279
test_04669,0.9626780
test_04670,0.9768929
test_04671,0.2855870
test_04672,0.0612310
test_04673,0.0193552
test_04674,0.0412919
test_04675,0.0364248
test_04676,0.0810076
test_04677,0.9873381
test_04678,0.9307180
test_04679,0.0071844
test_04680,0.9825264
test_04681,0.9994699
test_04682,0.0113748
test_04683,0.0055713
test_04684,0.0143236
test_04685,0.9768581
test_04686,0.9984750
test_04687,0.9969081
test_04688,0.6557640
test_04689,0.9347622
test_04690,0.9970554
test_04691,0.0070975
test_04692,0.0048176
test_04693,0.9695690
test_04694,0.9562023
test_04695,0.0646699
test_04696,0.9971973
test_04697,0.4782086
test_04698,0.0415770
test_04699,0.0090417
test_04700,0.9982510
test_04701,0.0822913
test_04702,0.0692767
test_04703,0.8742162
test_04704,0.0212179
test_04705,0.4300472
test_04706,0.0017184
test_04707,0.6311951
test_04708,0.0360077
test_04709,0.0179261
test_04710,0.6571786
test_04711,0.9861190
test_04712,0.9826442
test_04713,0.9802547
test_04714,0.0036913
test_04715,0.9954174
test_04716,0.0352553
test_04717,0.0067262
test_04718,0.0821704
test_04719,0.4039322
test_04720,0.9910054
test_04721,0.8987433
test_04722,0.8854044
test_04723,0.9937810
test_04724,0.9970326
test_04725,0.9815485
test_04726,0.4036555
test_04727,0.8926493
test_04728,0.9867552
test_04729,0.0051609
test_04730,0.0129759
test_04731,0.0007762
test_04732,0.9729385
test_04733,0.0436916
test_04734,0.9775875
test_04735,0.9991325
test_04736,0.0250511
test_04737,0.3984478
test_04738,0.0136650
test_04739,0.0328264
test_04740,0.9452517
test_04741,0.9690082
test_04742,0.9802065
test_04743,0.8837988
test_04744,0.9782913
test_04745,0.9602979
test_04746,0.0164778
test_04747,0.0086337
test_04748,0.0603254
test_04749,0.8206897
test_04750,0.5585646
test_04751,0.9865676
test_04752,0.0035790
test_04753,0.9804357
test_04754,0.0043840
test_04755,0.0141666
test_04756,0.0496573
test_04757,0.0606686
test_04758,0.0476181
test_04759,0.9163588
test_04760,0.9943451
test_04761,0.4542897
test_04762,0.0195467
test_04763,0.2489440
test_04764,0.7510080
test_04765,0.5483003
test_04766,0.0254953
test_04767,0.9937863
test_04768,0.0305726
test_04769,0.9964855
test_04770,0.9918268
test_04771,0.0024839
test_04772,0.7520871
test_04773,0.9146772
test_04774,0.0146581
test_04775,0.9721863
test_04776,0.9676952
test_04777,0.0492680
test_04778,0.9296420
test_04779,0.2402335
test_04780,0.9482260
test_04781,0.0583625
test_04782,0.0026028
test_04783,0.9818284
test_04784,0.5083519
test_04785,0.9825665
test_04786,0.0201852
test_04787,0.9420043
test_04788,0.0533015
test_04789,0.0036487
test_04790,0.9521179
test_04791,0.2834344
test_04792,0.9854385
test_04793,0.9903837
test_04794,0.0370910
test_04795,0.0143505
test_04796,0.2881533
test_04797,0.9756227
test_04798,0.9827834
test_04799,0.0118958
test_04800,0.9848672
test_04801,0.1259204
test_04802,0.1361476
test_04803,0.7443494
test_04804,0.9782649
test_04805,0.0037133
test_04806,0.9780337
test_04807,0.0452039
test_04808,0.2219845
test_04809,0.9920977
test_04810,0.2866164
test_04811,0.0072156
test_04812,0.9930338
test_04813,0.9925349
test_04814,0.0108881
test_04815,0.9920732
test_04816,0.3479238
test_04817,0.0067422
test_04818,0.0137313
test_04819,0.0166066
test_04820,0.0202390
test_04821,0.9400247
test_04822,0.9844757
test_04823,0.9922558
test_04824,0.0142094
test_04825,0.1990818
test_04826,0.6825151
test_04827,0.0062347
test_04828,0.9502380
test_04829,0.9993700
test_04830,0.0988139
test_04831,0.0480877
test_04832,0.9597306
test_04833,0.0751927
test_04834,0.0260153
test_04835,0.9984139
test_04836,0.0187234
test_04837,0.9043372
test_04838,0.0303688
test_04839,0.0038537
test_04840,0.0109471
test_04841,0.0066683
test_04842,0.9931607
test_04843,0.0091531
test_04844,0.0063663
test_04845,0.9991713
test_04846,0.0229640
test_04847,0.9033834
test_04848,0.7880929
test_04849,0.8985239
test_04850,0.9863614
test_04851,0.9848694
test_04852,0.5618522
test_04853,0.0074393
test_04854,0.0699926
test_04855,0.9949218
test_04856,0.0787678
test_04857,0.0078905
test_04858,0.7398045
test_04859,0.0225559
test_04860,0.0316175
test_04861,0.9823250
test_04862,0.0102338
test_04863,0.3363185
test_04864,0.9827923
test_04865,0.0198155
test_04866,0.0652260
test_04867,0.0109673
test_04868,0.0100766
test_04869,0.6218590
test_04870,0.9845555
test_04871,0.9948009
test_04872,0.9666730
test_04873,0.9869341
test_04874,0.0198491
test_04875,0.9911117
test_04876,0.0027304
test_04877,0.9503511
test_04878,0.0314736
test_04879,0.9256173
test_04880,0.0189745
test_04881,0.0107254
test_04882,0.8629810
test_04883,0.8431237
test_04884,0.0140774
test_04885,0.0075462
test_04886,0.9753003
test_04887,0.1097299
test_04888,0.0905945
test_04889,0.9965184
test_04890,0.0906483
test_04891,0.9740159
test_04892,0.2964704
test_04893,0.2749888
test_04894,0.1265391
test_04895,0.0104598
test_04896,0.4448884
test_04897,0.0100447
test_04898,0.0173782
test_04899,0.2793718
test_04900,0.9706568
test_04901,0.7976168
test_04902,0.0048653
test_04903,0.9374670
test_04904,0.9287276
test_04905,0.0433671
test_04906,0.9356416
test_04907,0.9788477
test_04908,0.1202508
test_04909,0.9843278
test_04910,0.9963077
test_04911,0.9728774
test_04912,0.9851498
test_04913,0.9717778
test_04914,0.0069721
test_04915,0.9887165
test_04916,0.0405109
test_04917,0.9979801
test_04918,0.9086232
test_04919,0.0461639
test_04920,0.4840572
test_04921,0.9766636
test_04922,0.0226557
test_04923,0.0150571
test_04924,0.0045997
test_04925,0.9960994
test_04926,0.9967889
test_04927,0.0084120
test_04928,0.0111566
test_04929,0.9995254
test_04930,0.0111806
test_04931,0.9746943
test_04932,0.9960209
test_04933,0.9881831
test_04934,0.2080690
test_04935,0.0195139
test_04936,0.9844739
test_04937,0.0400791
test_04938,0.0238591
test_04939,0.9927188
test_04940,0.9953959
test_04941,0.9770556
test_04942,0.4489797
test_04943,0.9590850
test_04944,0.8968164
test_04945,0.1437315
test_04946,0.0107914
test_04947,0.8571457
test_04948,0.9486308
test_04949,0.5711790
test_04950,0.0547748
test_04951,0.0395536
test_04952,0.9918143
test_04953,0.0279704
test_04954,0.9895858
test_04955,0.9549119
test_04956,0.5379891
test_04957,0.6533889
test_04958,0.0116618
test_04959,0.0073605
test_04960,0.7364997
test_04961,0.0302415
test_04962,0.9822115
test_04963,0.0094710
test_04964,0.4431772
test_04965,0.9950563
test_04966,0.9996760
test_04967,0.3863543
test_04968,0.3285359
test_04969,0.9619597
test_04970,0.9815446
test_04971,0.9949490
test_04972,0.0002961
test_04973,0.9645326
test_04974,0.9924797
test_04975,0.0111405
test_04976,0.0187436
test_04977,0.0028614
test_04978,0.0236219
test_04979,0.0087804
test_04980,0.8747216
test_04981,0.9934214
test_04982,0.9954044
test_04983,0.0035540
test_04984,0.0492527
test_04985,0.9733232
test_04986,0.2069410
test_04987,0.9989951
test_04988,0.0071750
test_04989,0.0704732
test_04990,0.9363753
test_04991,0.0244543
test_04992,0.0052400
test_04993,0.9972785
test_04994,0.0086167
test_04995,0.8457321
test_04996,0.6391649
test_04997,0.0084734
test_04998,0.1054772
test_04999,0.0199665
test_05000,0.9772902
test_05001,0.9953485
test_05002,0.0672418
test_05003,0.9437884
test_05004,0.1873934
test_05005,0.9892939
test_05006,0.0463145
test_05007,0.7034778
test_05008,0.9964237
test_05009,0.9851320
test_05010,0.0672570
test_05011,0.1451214
test_05012,0.9963202
test_05013,0.5427071
test_05014,0.8590534
test_05015,0.9738628
test_05016,0.3186898
test_05017,0.9938637
test_05018,0.2065141
test_05019,0.0146961
test_05020,0.9910524
test_05021,0.1197503
test_05022,0.9975780
test_05023,0.9713412
test_05024,0.9372458
test_05025,0.0116043
test_05026,0.9390145
test_05027,0.9063776
test_05028,0.9929320
test_05029,0.9738597
test_05030,0.9806125
test_05031,0.0250863
test_05032,0.8503212
test_05033,0.9812248
test_05034,0.0566380
test_05035,0.1888396
test_05036,0.9548004
test_05037,0.9942509
test_05038,0.0663888
test_05039,0.9922907
test_05040,0.8013129
test_05041,0.9974699
test_05042,0.9933119
test_05043,0.9884884
test_05044,0.9655579
test_05045,0.9753088
test_05046,0.0046316
test_05047,0.9930205
test_05048,0.0417345
test_05049,0.9936847
test_05050,0.3961294
test_05051,0.5670471
test_05052,0.7056604
test_05053,0.9969936
test_05054,0.0124756
test_05055,0.1450405
test_05056,0.9711228
test_05057,0.9987690
test_05058,0.9683352
test_05059,0.0028350
test_05060,0.9970692
test_05061,0.9857035
test_05062,0.0553391
test_05063,0.9234949
test_05064,0.9928439
test_05065,0.0560099
test_05066,0.0144802
test_05067,0.9907987
test_05068,0.9787314
test_05069,0.8513125
test_05070,0.1405105
test_05071,0.2566274
test_05072,0.1035452
test_05073,0.1662493
test_05074,0.0043076
test_05075,0.9941227
test_05076,0.9650006
test_05077,0.0091118
test_05078,0.9916980
test_05079,0.2745103
test_05080,0.9859981
test_05081,0.0085738
test_05082,0.0409872
test_05083,0.7792511
test_05084,0.5919923
test_05085,0.9976993
test_05086,0.7832280
test_05087,0.4144280
test_05088,0.9661787
test_05089,0.0232576
test_05090,0.0352761
test_05091,0.9923124
test_05092,0.0280480
test_05093,0.0539995
test_05094,0.6657783
test_05095,0.8826742
test_05096,0.0301389
test_05097,0.8928285
test_05098,0.4440305
test_05099,0.8672051
test_05100,0.0362386
test_05101,0.4380541
test_05102,0.0323787
test_05103,0.9991153
test_05104,0.0066310
test_05105,0.8660122
test_05106,0.6543971
test_05107,0.1200411
test_05108,0.0087963
test_05109,0.0069093
test_05110,0.6902877
test_05111,0.6408324
test_05112,0.9378669
test_05113,0.4740346
test_05114,0.0124138
test_05115,0.2856799
test_05116,0.0062405
test_05117,0.6736021
test_05118,0.0095114
test_05119,0.6295549
test_05120,0.9858502
test_05121,0.0042642
test_05122,0.0472055
test_05123,0.0277686
test_05124,0.0580158
test_05125,0.8932686
test_05126,0.9789603
test_05127,0.8653285
test_05128,0.0427430
test_05129,0.6867650
test_05130,0.0592829
test_05131,0.0082470
test_05132,0.4666567
test_05133,0.0304440
test_05134,0.7007350
test_05135,0.0102801
test_05136,0.1501010
test_05137,0.8107745
test_05138,0.9760064
test_05139,0.8908834
test_05140,0.9617944
test_05141,0.0827376
test_05142,0.9839811
test_05143,0.3328437
test_05144,0.7910798
test_05145,0.9975290
test_05146,0.9925681
test_05147,0.4692495
test_05148,0.0137829
test_05149,0.0279112
test_05150,0.0144728
test_05151,0.9929307
test_05152,0.7790914
test_05153,0.2484691
test_05154,0.0391420
test_05155,0.1581326
test_05156,0.7071752
test_05157,0.1883962
test_05158,0.9612234
test_05159,0.0340299
test_05160,0.9025324
test_05161,0.7434616
test_05162,0.0053515
test_05163,0.0960649
test_05164,0.2259985
test_05165,0.0044377
test_05166,0.9919919
test_05167,0.1508738
test_05168,0.9693270
test_05169,0.9894178
test_05170,0.0128733
test_05171,0.9841443
test_05172,0.9798486
test_05173,0.0070651
test_05174,0.9226214
test_05175,0.0076070
test_05176,0.0043580
test_05177,0.8752666
test_05178,0.9198361
test_05179,0.0062395
test_05180,0.0530451
test_05181,0.0236428
test_05182,0.0094521
test_05183,0.0337215
test_05184,0.9846481
test_05185,0.9980363
test_05186,0.9957445
test_05187,0.9891978
test_05188,0.9683903
test_05189,0.6635872
test_05190,0.8569322
test_05191,0.9783978
test_05192,0.0030320
test_05193,0.0371554
test_05194,0.9887485
test_05195,0.0435531
test_05196,0.0111513
test_05197,0.0417856
test_05198,0.9768157
test_05199,0.8705515
test_05200,0.9844508
test_05201,0.9186625
test_05202,0.9892476
test_05203,0.9776824
test_05204,0.0013375
test_05205,0.0780559
test_05206,0.9445615
test_05207,0.0213584
test_05208,0.9833972
test_05209,0.3985311
test_05210,0.7835138
test_05211,0.8236330
test_05212,0.9994944
test_05213,0.0740975
test_05214,0.0340582
test_05215,0.9718499
test_05216,0.9886032
test_05217,0.9792526
test_05218,0.5423817
test_05219,0.4943815
test_05220,0.8710319
test_05221,0.0085332
test_05222,0.2780905
test_05223,0.9993021
test_05224,0.0085637
test_05225,0.9912639
test_05226,0.0072577
test_05227,0.9922431
test_05228,0.4751900
test_05229,0.0577851
test_05230,0.0881540
test_05231,0.0088667
test_05232,0.0035573
test_05233,0.8335239
test_05234,0.0040820
test_05235,0.9954937
test_05236,0.7914374
test_05237,0.9801685
test_05238,0.0016575
test_05239,0.9804386
test_05240,0.9901505
test_05241,0.0058082
test_05242,0.8301060
test_05243,0.9947383
test_05244,0.5199878
test_05245,0.0010241
test_05246,0.1158746
test_05247,0.0126154
test_05248,0.0696504
test_05249,0.5119410
test_05250,0.8184192
test_05251,0.5599434
test_05252,0.0298588
test_05253,0.0052243
test_05254,0.9723519
test_05255,0.9913676
test_05256,0.0112938
test_05257,0.8899050
test_05258,0.0212800
test_05259,0.0041545
test_05260,0.9077795
test_05261,0.9856561
test_05262,0.9599059
test_05263,0.9759596
test_05264,0.9083574
test_05265,0.0179542
test_05266,0.8648676
test_05267,0.9386469
test_05268,0.9738682
test_05269,0.9483787
test_05270,0.9941624
test_05271,0.8736708
test_05272,0.6025625
test_05273,0.0014936
test_05274,0.0425897
test_05275,0.0166427
test_05276,0.9204251
test_05277,0.0599491
test_05278,0.9490089
test_05279,0.0039100
test_05280,0.1389045
test_05281,0.9920328
test_05282,0.0734027
test_05283,0.9920120
test_05284,0.8705640
test_05285,0.0653422
test_05286,0.9789156
test_05287,0.0316847
test_05288,0.9920726
test_05289,0.9370002
test_05290,0.9060374
test_05291,0.0235987
test_05292,0.9722865
test_05293,0.0039681
test_05294,0.9948901
test_05295,0.7151208
test_05296,0.0134389
test_05297,0.0063137
test_05298,0.9927729
test_05299,0.9895564
test_05300,0.0099128
test_05301,0.0031628
test_05302,0.2705401
test_05303,0.9894271
test_05304,0.0140625
test_05305,0.9922014
test_05306,0.1876661
test_05307,0.9448375
test_05308,0.8433213
test_05309,0.0028327
test_05310,0.3951777
test_05311,0.9832212
test_05312,0.9772183
test_05313,0.9782566
test_05314,0.9192346
test_05315,0.0050791
test_05316,0.9787686
test_05317,0.9982256
test_05318,0.7779426
test_05319,0.9942726
test_05320,0.9901307
test_05321,0.6463369
test_05322,0.7212396
test_05323,0.9657095
test_05324,0.5736654
test_05325,0.9887989
test_05326,0.9975020
test_05327,0.9086796
test_05328,0.0142069
test_05329,0.9952812
test_05330,0.0098857
test_05331,0.0078172
test_05332,0.0215446
test_05333,0.7580468
test_05334,0.0691270
test_05335,0.4969865
test_05336,0.9766867
test_05337,0.9952804
test_05338,0.9871275
test_05339,0.0012047
test_05340,0.9984996
test_05341,0.0249858
test_05342,0.0333351
test_05343,0.9430962
test_05344,0.0062238
test_05345,0.1241485
test_05346,0.8474014
test_05347,0.2495753
test_05348,0.8758162
test_05349,0.5374036
test_05350,0.0850832
test_05351,0.6822563
test_05352,0.0093177
test_05353,0.0206511
test_05354,0.0018065
test_05355,0.0041961
test_05356,0.0146711
test_05357,0.9901184
test_05358,0.0123914
test_05359,0.0713175
test_05360,0.0053361
test_05361,0.9655629
test_05362,0.9877448
test_05363,0.0088096
test_05364,0.9947037
test_05365,0.4297447
test_05366,0.0479420
test_05367,0.0117854
test_05368,0.4995111
test_05369,0.0171339
test_05370,0.9941858
test_05371,0.0927181
test_05372,0.1649556
test_05373,0.9525321
test_05374,0.0146845
test_05375,0.0078249
test_05376,0.0175575
test_05377,0.9270114
test_05378,0.9962959
test_05379,0.9977245
test_05380,0.0073295
test_05381,0.9935954
test_05382,0.5528193
test_05383,0.8993419
test_05384,0.0891148
test_05385,0.9911411
test_05386,0.3791547
test_05387,0.8262772
test_05388,0.6357204
test_05389,0.1215599
test_05390,0.9806938
test_05391,0.6993557
test_05392,0.7471396
test_05393,0.9712762
test_05394,0.9194558
test_05395,0.9884570
test_05396,0.5978136
test_05397,0.0125386
test_05398,0.9900834
test_05399,0.9768716
test_05400,0.6780634
test_05401,0.0792483
test_05402,0.9821938
test_05403,0.9797540
test_05404,0.9856298
test_05405,0.0050218
test_05406,0.9971783
test_05407,0.2441294
test_05408,0.9875757
test_05409,0.0118512
test_05410,0.8543673
test_05411,0.9940497
test_05412,0.7068396
test_05413,0.0156711
test_05414,0.0222567
test_05415,0.1539808
test_05416,0.7261319
test_05417,0.0224951
test_05418,0.9712808
test_05419,0.9976479
test_05420,0.2671956
test_05421,0.6889156
test_05422,0.9551438
test_05423,0.0901711
test_05424,0.0081596
test_05425,0.5800571
test_05426,0.0027317
test_05427,0.0049322
test_05428,0.9964383
test_05429,0.9705688
test_05430,0.9775697
test_05431,0.0510432
test_05432,0.9890723
test_05433,0.9935607
test_05434,0.9984302
test_05435,0.9981959
test_05436,0.0363390
test_05437,0.9845609
test_05438,0.0078278
test_05439,0.0094607
test_05440,0.0251727
test_05441,0.9965934
test_05442,0.9836069
test_05443,0.1266666
test_05444,0.9982869
test_05445,0.0338171
test_05446,0.0368225
test_05447,0.9023554
test_05448,0.9958574
test_05449,0.0424612
test_05450,0.9746758
test_05451,0.0710792
test_05452,0.9245799
test_05453,0.9965401
test_05454,0.0985409
test_05455,0.0094195
test_05456,0.0014414
test_05457,0.0121612
test_05458,0.0069434
test_05459,0.0024553
test_05460,0.9758022
test_05461,0.0324219
test_05462,0.7389342
test_05463,0.9956673
test_05464,0.9690530
test_05465,0.1048118
test_05466,0.9529441
test_05467,0.0152830
test_05468,0.9787964
test_05469,0.9673074
test_05470,0.0087310
test_05471,0.0386649
test_05472,0.9636952
test_05473,0.6412157
test_05474,0.0016572
test_05475,0.0060762
test_05476,0.3608485
test_05477,0.2434065
test_05478,0.5492369
test_05479,0.9672387
test_05480,0.0120347
test_05481,0.9751421
test_05482,0.0159575
test_05483,0.9602068
test_05484,0.0298323
test_05485,0.0050935
test_05486,0.7033832
test_05487,0.5944948
test_05488,0.9906267
test_05489,0.2620212
test_05490,0.0211566
test_05491,0.5063096
test_05492,0.0072137
test_05493,0.0090210
test_05494,0.9920315
test_05495,0.9927442
test_05496,0.9846553
test_05497,0.0459379
test_05498,0.0503326
test_05499,0.0192395
test_05500,0.9812983
test_05501,0.9908151
test_05502,0.0008965
test_05503,0.0308016
test_05504,0.9434584
test_05505,0.6871650
test_05506,0.0902489
test_05507,0.0045440
test_05508,0.9709882
test_05509,0.0021188
test_05510,0.9897693
test_05511,0.9850281
test_05512,0.0039113
test_05513,0.0203736
test_05514,0.0194732
test_05515,0.0180822
test_05516,0.0014366
test_05517,0.0079259
test_05518,0.0039746
test_05519,0.5140924
test_05520,0.7195307
test_05521,0.9672790
test_05522,0.0082293
test_05523,0.9680743
test_05524,0.8610972
test_05525,0.0151246
test_05526,0.0118868
test_05527,0.9276025
test_05528,0.1477309
test_05529,0.9657433
test_05530,0.0059788
test_05531,0.0240439
test_05532,0.9837355
test_05533,0.9686111
test_05534,0.9930374
test_05535,0.9961212
test_05536,0.7439972
test_05537,0.9894641
test_05538,0.5322479
test_05539,0.9914057
test_05540,0.4578065
test_05541,0.1191867
test_05542,0.4119300
test_05543,0.0032502
test_05544,0.9918859
test_05545,0.0048723
test_05546,0.0454366
test_05547,0.0176921
test_05548,0.9482234
test_05549,0.4113711
test_05550,0.0031061
test_05551,0.9842912
test_05552,0.7250444
test_05553,0.9169012
test_05554,0.9875638
test_05555,0.9966242
test_05556,0.9983675
test_05557,0.9811981
test_05558,0.3638463
test_05559,0.0224035
test_05560,0.9899423
test_05561,0.0635468
test_05562,0.9904405
test_05563,0.7551922
test_05564,0.9900594
test_05565,0.9105299
test_05566,0.2215448
test_05567,0.9863174
test_05568,0.9769286
test_05569,0.4928122
test_05570,0.0166177
test_05571,0.9990417
test_05572,0.9966044
test_05573,0.6216797
test_05574,0.0679028
test_05575,0.5555420
test_05576,0.0558157
test_05577,0.9947042
test_05578,0.9804581
test_05579,0.0110014
test_05580,0.0114470
test_05581,0.3637668
test_05582,0.9930741
test_05583,0.0489237
test_05584,0.9897322
test_05585,0.4062907
test_05586,0.4033709
test_05587,0.0133157
test_05588,0.9631971
test_05589,0.0171028
test_05590,0.9841698
test_05591,0.0475338
test_05592,0.0087604
test_05593,0.5795174
test_05594,0.9135801
test_05595,0.9807753
test_05596,0.5979959
test_05597,0.0164452
test_05598,0.1072583
test_05599,0.0522608
test_05600,0.9919465
test_05601,0.9939174
test_05602,0.7078699
test_05603,0.8994849
test_05604,0.9813039
test_05605,0.9115590
test_05606,0.0166894
test_05607,0.4151426
test_05608,0.0073012
test_05609,0.0015646
test_05610,0.9811894
test_05611,0.0179119
test_05612,0.9982797
test_05613,0.0144198
test_05614,0.5157080
test_05615,0.9912058
test_05616,0.5358493
test_05617,0.0151654
test_05618,0.0023007
test_05619,0.0128770
test_05620,0.0280884
test_05621,0.7046751
test_05622,0.8425799
test_05623,0.0021590
test_05624,0.9241846
test_05625,0.0155128
test_05626,0.9223803
test_05627,0.0049528
test_05628,0.3546376
test_05629,0.0337250
test_05630,0.0594122
test_05631,0.0214249
test_05632,0.9971067
test_05633,0.9988462
test_05634,0.9969687
test_05635,0.0088908
test_05636,0.9830221
test_05637,0.9782033
test_05638,0.1491823
test_05639,0.9687085
test_05640,0.9731085
test_05641,0.1308819
test_05642,0.9951845
test_05643,0.6030620
test_05644,0.3651200
test_05645,0.9801692
test_05646,0.4562708
test_05647,0.0583219
test_05648,0.0058499
test_05649,0.0174812
test_05650,0.9922613
test_05651,0.0119965
test_05652,0.9832959
test_05653,0.0467159
test_05654,0.5154046
test_05655,0.8472797
test_05656,0.2535575
test_05657,0.0097696
test_05658,0.0008078
test_05659,0.9952953
test_05660,0.9940158
test_05661,0.0175432
test_05662,0.9885697
test_05663,0.9772918
test_05664,0.7962773
test_05665,0.3659502
test_05666,0.0008783
test_05667,0.0158299
test_05668,0.0247151
test_05669,0.8146577
test_05670,0.0714366
test_05671,0.4479466
test_05672,0.9821484
test_05673,0.0191410
test_05674,0.0493828
test_05675,0.1104351
test_05676,0.4461766
test_05677,0.0768177
test_05678,0.0272486
test_05679,0.5136847
test_05680,0.0102261
test_05681,0.0590345
test_05682,0.9946020
test_05683,0.0471495
test_05684,0.0315428
test_05685,0.8215921
test_05686,0.8583753
test_05687,0.0451160
test_05688,0.9015833
test_05689,0.9978654
test_05690,0.1547258
test_05691,0.9842172
test_05692,0.6169977
test_05693,0.6300315
test_05694,0.8294095
test_05695,0.0023040
test_05696,0.9607425
test_05697,0.1617042
test_05698,0.0070258
test_05699,0.9308081
test_05700,0.9987134
test_05701,0.9757273
test_05702,0.0420647
test_05703,0.9787869
test_05704,0.9947532
test_05705,0.0118035
test_05706,0.0275232
test_05707,0.7732710
test_05708,0.0684246
test_05709,0.3343633
test_05710,0.9204679
test_05711,0.0084588
test_05712,0.7305135
test_05713,0.2575136
test_05714,0.6751798
test_05715,0.2501141
test_05716,0.9743794
test_05717,0.9720536
test_05718,0.9805653
test_05719,0.0031180
test_05720,0.0122474
test_05721,0.9981045
test_05722,0.9909884
test_05723,0.0028336
test_05724,0.9989727
test_05725,0.0091123
test_05726,0.0110887
test_05727,0.9908621
test_05728,0.9847203
test_05729,0.0801377
test_05730,0.9982464
test_05731,0.9963285
test_05732,0.3399714
test_05733,0.9904111
test_05734,0.9247053
test_05735,0.0268858
test_05736,0.0976631
test_05737,0.0046514
test_05738,0.0843577
test_05739,0.1305145
test_05740,0.4614218
test_05741,0.1906835
test_05742,0.4181231
test_05743,0.0237260
test_05744,0.0297700
test_05745,0.8774584
test_05746,0.0020385
test_05747,0.5685936
test_05748,0.1211702
test_05749,0.9880354
test_05750,0.0468341
test_05751,0.0053719
test_05752,0.0163104
test_05753,0.0190202
test_05754,0.9857188
test_05755,0.9857685
test_05756,0.3689310
test_05757,0.4903353
test_05758,0.0314370
test_05759,0.2131470
test_05760,0.9743735
test_05761,0.1676294
test_05762,0.0112089
test_05763,0.9724709
test_05764,0.9963829
test_05765,0.7323909
test_05766,0.0372148
test_05767,0.2181735
test_05768,0.0101362
test_05769,0.5947301
test_05770,0.9808127
test_05771,0.2605759
test_05772,0.5273038
test_05773,0.9811296
test_05774,0.9650906
test_05775,0.8530225
test_05776,0.0021347
test_05777,0.9223247
test_05778,0.9947425
test_05779,0.1968739
test_05780,0.4475204
test_05781,0.9584326
test_05782,0.9982761
test_05783,0.9908848
test_05784,0.7761641
test_05785,0.9958010
test_05786,0.6910136
test_05787,0.2278951
test_05788,0.9832552
test_05789,0.9265355
test_05790,0.9889361
test_05791,0.0503620
test_05792,0.5225441
test_05793,0.9912433
test_05794,0.9792070
test_05795,0.9670763
test_05796,0.9901936
test_05797,0.9717920
test_05798,0.9994543
test_05799,0.9894386
test_05800,0.9928176
test_05801,0.3373411
test_05802,0.0231121
test_05803,0.9903558
test_05804,0.9833931
test_05805,0.6632009
test_05806,0.0249855
test_05807,0.0120383
test_05808,0.7905967
test_05809,0.7197794
test_05810,0.9869580
test_05811,0.0905609
test_05812,0.9820618
test_05813,0.9669303
test_05814,0.9970399
test_05815,0.8927930
test_05816,0.0226883
test_05817,0.9323141
test_05818,0.9997489
test_05819,0.9431381
test_05820,0.0191756
test_05821,0.4346271
test_05822,0.1145686
test_05823,0.3867401
test_05824,0.1971035
test_05825,0.0162678
test_05826,0.1162463
test_05827,0.0129985
test_05828,0.0381809
test_05829,0.1137739
test_05830,0.0517116
test_05831,0.0107625
test_05832,0.9877515
test_05833,0.9014385
test_05834,0.0189134
test_05835,0.9989046
test_05836,0.9922713
test_05837,0.0039495
test_05838,0.0029760
test_05839,0.9713709
test_05840,0.9917477
test_05841,0.0656322
test_05842,0.0011124
test_05843,0.9784809
test_05844,0.0366024
test_05845,0.0900299
test_05846,0.5513719
test_05847,0.9258025
test_05848,0.0147481
test_05849,0.0128776
test_05850,0.1788101
test_05851,0.0425521
test_05852,0.9923680
test_05853,0.8333649
test_05854,0.2106495
test_05855,0.9336998
test_05856,0.9306436
test_05857,0.9903104
test_05858,0.1554486
test_05859,0.0469122
test_05860,0.0129699
test_05861,0.0064034
test_05862,0.0204040
test_05863,0.0136453
test_05864,0.0451156
test_05865,0.0037419
test_05866,0.8000166
test_05867,0.9847975
test_05868,0.8449934
test_05869,0.9939693
test_05870,0.0824579
test_05871,0.9589242
test_05872,0.7954952
test_05873,0.0676619
test_05874,0.0213069
test_05875,0.0119714
test_05876,0.0021514
test_05877,0.9696258
test_05878,0.9806017
test_05879,0.9937018
test_05880,0.9748584
test_05881,0.9922810
test_05882,0.9951757
test_05883,0.9964015
test_05884,0.9810210
test_05885,0.3810368
test_05886,0.0249594
test_05887,0.0553140
test_05888,0.0038284
test_05889,0.0339020
test_05890,0.0007929
test_05891,0.0124075
test_05892,0.9884673
test_05893,0.0122210
test_05894,0.7780898
test_05895,0.0022477
test_05896,0.9630775
test_05897,0.9156907
test_05898,0.0286199
test_05899,0.9888129
test_05900,0.9944430
test_05901,0.9937989
test_05902,0.9953341
test_05903,0.5318789
test_05904,0.0138323
test_05905,0.0623663
test_05906,0.1900328
test_05907,0.2193245
test_05908,0.2964139
test_05909,0.0166509
test_05910,0.9600650
test_05911,0.0035370
test_05912,0.0351950
test_05913,0.0139016
test_05914,0.6175544
test_05915,0.6458306
test_05916,0.0086034
test_05917,0.0125773
test_05918,0.4661306
test_05919,0.9919775
test_05920,0.0450907
test_05921,0.7882180
test_05922,0.9981493
test_05923,0.9881112
test_05924,0.0219207
test_05925,0.0005153
test_05926,0.0089819
test_05927,0.0526988
test_05928,0.9642981
test_05929,0.0531248
test_05930,0.0295459
test_05931,0.9917850
test_05932,0.1062186
test_05933,0.0195576
test_05934,0.0019591
test_05935,0.0935560
test_05936,0.8490040
test_05937,0.0580309
test_05938,0.9969679
test_05939,0.1284982
test_05940,0.3887789
test_05941,0.9623618
test_05942,0.0202818
test_05943,0.9975414
test_05944,0.9950169
test_05945,0.0062777
test_05946,0.0039462
test_05947,0.9542215
test_05948,0.9636718
test_05949,0.9450700
test_05950,0.3221214
test_05951,0.0169917
test_05952,0.0100533
test_05953,0.9964000
test_05954,0.0001507
test_05955,0.8007253
test_05956,0.1595660
test_05957,0.0011625
test_05958,0.3861624
test_05959,0.4673044
test_05960,0.0264707
test_05961,0.8641309
test_05962,0.9963619
test_05963,0.9742619
test_05964,0.6277987
test_05965,0.0006844
test_05966,0.3693262
test_05967,0.6485699
test_05968,0.9791457
test_05969,0.0459135
test_05970,0.9824765
test_05971,0.0632845
test_05972,0.9791899
test_05973,0.1747758
test_05974,0.0096594
test_05975,0.8633566
test_05976,0.3722065
test_05977,0.9703067
test_05978,0.9919479
test_05979,0.0115619
test_05980,0.0032218
test_05981,0.9292524
test_05982,0.8376391
test_05983,0.0158923
test_05984,0.0055602
test_05985,0.0335897
test_05986,0.8045565
test_05987,0.9922957
test_05988,0.9833820
test_05989,0.9968481
test_05990,0.9844212
test_05991,0.9982831
test_05992,0.8377224
test_05993,0.9878824
test_05994,0.0162326
test_05995,0.1422645
test_05996,0.3782418
test_05997,0.9897165
test_05998,0.5286866
test_05999,0.1091161
test_06000,0.9951049
test_06001,0.9941942
test_06002,0.9893103
test_06003,0.5397196
test_06004,0.0024430
test_06005,0.9883382
test_06006,0.9639826
test_06007,0.0410745
test_06008,0.0168107
test_06009,0.2528596
test_06010,0.9890764
test_06011,0.6534292
test_06012,0.9659966
test_06013,0.6758172
test_06014,0.0032789
test_06015,0.0083133
test_06016,0.2095003
test_06017,0.0033381
test_06018,0.2966391
test_06019,0.9789354
test_06020,0.8545635
test_06021,0.0290088
test_06022,0.0418973
test_06023,0.0073408
test_06024,0.8054912
test_06025,0.9784583
test_06026,0.0088363
test_06027,0.9511717
test_06028,0.0637494
test_06029,0.0452627
test_06030,0.9914653
test_06031,0.1394731
test_06032,0.3702977
test_06033,0.0111980
test_06034,0.8345391
test_06035,0.0607561
test_06036,0.9892489
test_06037,0.0226705
test_06038,0.9772434
test_06039,0.0317116
test_06040,0.2088365
test_06041,0.5275227
test_06042,0.9883791
test_06043,0.1581758
test_06044,0.9927332
test_06045,0.6395561
test_06046,0.0071095
test_06047,0.0073589
test_06048,0.9743071
test_06049,0.0604989
test_06050,0.0643418
test_06051,0.0074717
test_06052,0.9930577
test_06053,0.0073503
test_06054,0.0242548
test_06055,0.0099789
test_06056,0.8487812
test_06057,0.9969842
test_06058,0.9981952
test_06059,0.9020451
test_06060,0.4906775
test_06061,0.0348917
test_06062,0.9619730
test_06063,0.9898753
test_06064,0.9686510
test_06065,0.0111932
test_06066,0.0505524
test_06067,0.4585625
test_06068,0.9979562
test_06069,0.9494587
test_06070,0.0232954
test_06071,0.0053034
test_06072,0.9702498
test_06073,0.9597360
test_06074,0.0122441
test_06075,0.0170908
test_06076,0.9915143
test_06077,0.5985453
test_06078,0.0514658
test_06079,0.9970379
test_06080,0.9859759
test_06081,0.6550916
test_06082,0.9248100
test_06083,0.0016269
test_06084,0.0310659
test_06085,0.4902543
test_06086,0.0023052
test_06087,0.3867393
test_06088,0.1364551
test_06089,0.8606321
test_06090,0.8545598
test_06091,0.9984004
test_06092,0.0056449
test_06093,0.2747750
test_06094,0.9824387
test_06095,0.3078911
test_06096,0.8605103
test_06097,0.0184107
test_06098,0.0048971
test_06099,0.0066998
test_06100,0.0039126
test_06101,0.0295136
test_06102,0.9965699
test_06103,0.9851413
test_06104,0.5503086
test_06105,0.9922397
test_06106,0.9903644
test_06107,0.8170152
test_06108,0.1989929
test_06109,0.1940641
test_06110,0.6741017
test_06111,0.0200934
test_06112,0.8560190
test_06113,0.0242412
test_06114,0.0171924
test_06115,0.9908894
test_06116,0.9920589
test_06117,0.0238075
test_06118,0.0180010
test_06119,0.9945589
test_06120,0.7468162
test_06121,0.9703484
test_06122,0.1078609
test_06123,0.0770966
test_06124,0.1611287
test_06125,0.9954488
test_06126,0.4781186
test_06127,0.0144635
test_06128,0.9820445
test_06129,0.5884135
test_06130,0.8270909
test_06131,0.0160847
test_06132,0.9833280
test_06133,0.3179223
test_06134,0.2328317
test_06135,0.0388582
test_06136,0.9501756
test_06137,0.9956208
test_06138,0.9937361
test_06139,0.7699340
test_06140,0.9468308
test_06141,0.9383392
test_06142,0.9926218
test_06143,0.0078809
test_06144,0.8877138
test_06145,0.0365573
test_06146,0.0155218
test_06147,0.6395081
test_06148,0.0285896
test_06149,0.0531973
test_06150,0.5273225
test_06151,0.5326304
test_06152,0.1624847
test_06153,0.9790966
test_06154,0.1917126
test_06155,0.9966227
test_06156,0.0103235
test_06157,0.0216381
test_06158,0.0237805
test_06159,0.2391462
test_06160,0.9583638
test_06161,0.7349942
test_06162,0.7978098
test_06163,0.9731566
test_06164,0.6685450
test_06165,0.0016981
test_06166,0.1148821
test_06167,0.5525092
test_06168,0.4221101
test_06169,0.9881036
test_06170,0.9122761
test_06171,0.0017033
test_06172,0.9855928
test_06173,0.9975124
test_06174,0.0020228
test_06175,0.0051314
test_06176,0.9245043
test_06177,0.9883323
test_06178,0.9971442
test_06179,0.6768006
test_06180,0.9929370
test_06181,0.2103435
test_06182,0.0289820
test_06183,0.9945669
test_06184,0.9643279
test_06185,0.1772994
test_06186,0.9943657
test_06187,0.0085112
test_06188,0.9323688
test_06189,0.0774856
test_06190,0.9878462
test_06191,0.0440506
test_06192,0.0024843
test_06193,0.9676977
test_06194,0.9643170
test_06195,0.4945857
test_06196,0.0161863
test_06197,0.9953074
test_06198,0.0207561
test_06199,0.9994578
test_06200,0.9840197
test_06201,0.9893658
test_06202,0.0272547
test_06203,0.0291342
test_06204,0.1220503
test_06205,0.6980219
test_06206,0.1155738
test_06207,0.9931245
test_06208,0.0352629
test_06209,0.0010892
test_06210,0.9842779
test_06211,0.9939508
test_06212,0.9741201
test_06213,0.0031798
test_06214,0.0120443
test_06215,0.7897356
test_06216,0.9906783
test_06217,0.9585230
test_06218,0.9450340
test_06219,0.4409840
test_06220,0.0734129
test_06221,0.0241436
test_06222,0.0035236
test_06223,0.4679227
test_06224,0.9611498
test_06225,0.9471939
test_06226,0.9598032
test_06227,0.0107563
test_06228,0.9766528
test_06229,0.0010473
test_06230,0.5006953
test_06231,0.0191565
test_06232,0.1035233
test_06233,0.0005145
test_06234,0.9880934
test_06235,0.0355574
test_06236,0.0046210
test_06237,0.9950689
test_06238,0.0257292
test_06239,0.9850838
test_06240,0.9909055
test_06241,0.5348526
test_06242,0.2932732
test_06243,0.8883973
test_06244,0.3854222
test_06245,0.9494585
test_06246,0.9903263
test_06247,0.9754312
test_06248,0.9940529
test_06249,0.8682771
test_06250,0.9454243
test_06251,0.0196136
test_06252,0.9226665
test_06253,0.3866921
test_06254,0.9930577
test_06255,0.0217877
test_06256,0.9966500
test_06257,0.9983198
test_06258,0.9846647
test_06259,0.4701465
test_06260,0.9940781
test_06261,0.3476847
test_06262,0.1201485
test_06263,0.9625589
test_06264,0.9962934
test_06265,0.9748623
test_06266,0.9007239
test_06267,0.9796965
test_06268,0.9946249
test_06269,0.3303183
test_06270,0.7991852
test_06271,0.9829226
test_06272,0.9054582
test_06273,0.9711204
test_06274,0.9656126
test_06275,0.9459612
test_06276,0.1808817
test_06277,0.9899038
test_06278,0.0187921
test_06279,0.0107857
test_06280,0.0331034
test_06281,0.9916788
test_06282,0.9925591
test_06283,0.0119139
test_06284,0.3533773
test_06285,0.0482186
test_06286,0.9808347
test_06287,0.0472482
test_06288,0.9737231
test_06289,0.1084262
test_06290,0.0417420
test_06291,0.0801756
test_06292,0.0392055
test_06293,0.0429256
test_06294,0.2913923
test_06295,0.0027419
test_06296,0.0188443
test_06297,0.7349043
test_06298,0.9899506
test_06299,0.9928194
test_06300,0.9931955
test_06301,0.2082091
test_06302,0.9779074
test_06303,0.0071118
test_06304,0.9800259
test_06305,0.0436394
test_06306,0.0140194
test_06307,0.1341596
test_06308,0.3737010
test_06309,0.9276063
test_06310,0.0092807
test_06311,0.0093282
test_06312,0.1144521
test_06313,0.0525964
test_06314,0.0162234
test_06315,0.0121246
test_06316,0.3490564
test_06317,0.9792973
test_06318,0.5916540
test_06319,0.4776883
test_06320,0.9928075
test_06321,0.8488559
test_06322,0.9919404
test_06323,0.4750882
test_06324,0.0317108
test_06325,0.9747126
test_06326,0.8979644
test_06327,0.0134477
test_06328,0.9874219
test_06329,0.1788161
test_06330,0.0170834
test_06331,0.4220501
test_06332,0.0404088
test_06333,0.9711887
test_06334,0.0208354
test_06335,0.8014014
test_06336,0.0162494
test_06337,0.1340976
test_06338,0.8473670
test_06339,0.9957566
test_06340,0.9945169
test_06341,0.0047219
test_06342,0.9862146
test_06343,0.0221906
test_06344,0.0381413
test_06345,0.1130113
test_06346,0.7360809
test_06347,0.0034522
test_06348,0.9864414
test_06349,0.2678938
test_06350,0.0175641
test_06351,0.9907468
test_06352,0.9843825
test_06353,0.0039566
test_06354,0.2730419
test_06355,0.9598881
test_06356,0.9826571
test_06357,0.0033087
test_06358,0.6320425
test_06359,0.9974471
test_06360,0.9972375
test_06361,0.0221252
test_06362,0.0606741
test_06363,0.2543555
test_06364,0.6070684
test_06365,0.2201101
test_06366,0.9226164
test_06367,0.6938888
test_06368,0.9786798
test_06369,0.9945942
test_06370,0.9775893
test_06371,0.0021621
test_06372,0.8492622
test_06373,0.9911029
test_06374,0.9880787
test_06375,0.0291986
test_06376,0.0451486
test_06377,0.9733691
test_06378,0.9741462
test_06379,0.0021110
test_06380,0.0200199
test_06381,0.0024678
test_06382,0.9304159
test_06383,0.1355513
test_06384,0.9792821
test_06385,0.3367419
test_06386,0.9993389
test_06387,0.9200420
test_06388,0.9843835
test_06389,0.1476651
test_06390,0.1911669
test_06391,0.0077894
test_06392,0.0170343
test_06393,0.0125093
test_06394,0.9954550
test_06395,0.0315635
test_06396,0.4101013
test_06397,0.0075947
test_06398,0.9134803
test_06399,0.0493988
test_06400,0.3943571
test_06401,0.8771350
test_06402,0.8995557
test_06403,0.0109741
test_06404,0.5441470
test_06405,0.0245201
test_06406,0.0008032
test_06407,0.0085226
test_06408,0.0080841
test_06409,0.9901034
test_06410,0.9526169
test_06411,0.7117398
test_06412,0.1122145
test_06413,0.0402772
test_06414,0.8409096
test_06415,0.0451893
test_06416,0.9727979
test_06417,0.6302007
test_06418,0.0562921
test_06419,0.9763979
test_06420,0.0198279
test_06421,0.9901181
test_06422,0.9910264
test_06423,0.9851760
test_06424,0.9887988
test_06425,0.1152498
test_06426,0.0211650
test_06427,0.2700118
test_06428,0.9629035
test_06429,0.0021789
test_06430,0.0130880
test_06431,0.9811049
test_06432,0.1480896
test_06433,0.7111983
test_06434,0.9967671
test_06435,0.9586929
test_06436,0.0959267
test_06437,0.3573838
test_06438,0.4874745
test_06439,0.9857102
test_06440,0.1548652
test_06441,0.9586725
test_06442,0.0095548
test_06443,0.0307428
test_06444,0.0026463
test_06445,0.0268648
test_06446,0.9819196
test_06447,0.9875213
test_06448,0.9851860
test_06449,0.0031419
test_06450,0.9435949
test_06451,0.9891769
test_06452,0.9759802
test_06453,0.0117270
test_06454,0.9950108
test_06455,0.9908524
test_06456,0.0036917
test_06457,0.9758794
test_06458,0.0198763
test_06459,0.9958019
test_06460,0.0305796
test_06461,0.3651647
test_06462,0.9951372
test_06463,0.9538277
test_06464,0.0100056
test_06465,0.3229334
test_06466,0.1761529
test_06467,0.4106507
test_06468,0.0786355
test_06469,0.8197491
test_06470,0.9902194
test_06471,0.0073164
test_06472,0.1243689
test_06473,0.8864525
test_06474,0.0033875
test_06475,0.8134915
test_06476,0.0029730
test_06477,0.0969427
test_06478,0.9733276
test_06479,0.9481509
test_06480,0.9549650
test_06481,0.0023205
test_06482,0.9599071
test_06483,0.0559081
test_06484,0.0007023
test_06485,0.9960598
test_06486,0.9886221
test_06487,0.0062187
test_06488,0.9929873
test_06489,0.0022343
test_06490,0.9932556
test_06491,0.1635438
test_06492,0.9981921
test_06493,0.0054266
test_06494,0.9903105
test_06495,0.0001791
test_06496,0.0770436
test_06497,0.9598100
test_06498,0.9860830
test_06499,0.0084346
test_06500,0.1012238
test_06501,0.0055729
test_06502,0.9888605
test_06503,0.0125133
test_06504,0.1305048
test_06505,0.0135909
test_06506,0.8549451
test_06507,0.9630420
test_06508,0.9967540
test_06509,0.0019790
test_06510,0.9235868
test_06511,0.9055092
test_06512,0.8301469
test_06513,0.8906753
test_06514,0.0164252
test_06515,0.9974344
test_06516,0.9980873
test_06517,0.8533385
test_06518,0.5246096
test_06519,0.0339344
test_06520,0.0041348
test_06521,0.9559118
test_06522,0.9961070
test_06523,0.9928336
test_06524,0.0463659
test_06525,0.0259932
test_06526,0.9846523
test_06527,0.0183198
test_06528,0.9438080
test_06529,0.0272228
test_06530,0.8162693
test_06531,0.9950140
test_06532,0.4840035
test_06533,0.9920670
test_06534,0.9848403
test_06535,0.9670031
test_06536,0.5863912
test_06537,0.0676243
test_06538,0.9737003
test_06539,0.0488984
test_06540,0.0132716
test_06541,0.4397840
test_06542,0.0067180
test_06543,0.0062960
test_06544,0.9828473
test_06545,0.9622971
test_06546,0.0122695
test_06547,0.9352701
test_06548,0.8638310
test_06549,0.0616254
test_06550,0.9900652
test_06551,0.0677919
test_06552,0.4194883
test_06553,0.7779672
test_06554,0.7491801
test_06555,0.0184620
test_06556,0.9740078
test_06557,0.0207577
test_06558,0.9500844
test_06559,0.0191425
test_06560,0.2282546
test_06561,0.0501150
test_06562,0.0130954
test_06563,0.0636932
test_06564,0.8823605
test_06565,0.9651172
test_06566,0.9625370
test_06567,0.7136379
test_06568,0.0928572
test_06569,0.0975420
test_06570,0.0045064
test_06571,0.0175596
test_06572,0.0088896
test_06573,0.0309978
test_06574,0.4705195
test_06575,0.0323855
test_06576,0.0934133
test_06577,0.0040935
test_06578,0.9726140
test_06579,0.0239930
test_06580,0.3764900
test_06581,0.0023819
test_06582,0.9938024
test_06583,0.0336156
test_06584,0.9843853
test_06585,0.0389436
test_06586,0.0386830
test_06587,0.6202981
test_06588,0.0184806
test_06589,0.9793385
test_06590,0.0745574
test_06591,0.0015464
test_06592,0.8989738
test_06593,0.9833691
test_06594,0.9713158
test_06595,0.2388104
test_06596,0.2868095
test_06597,0.2639492
test_06598,0.0953685
test_06599,0.0138677
test_06600,0.3522899
test_06601,0.0230145
test_06602,0.0378552
test_06603,0.0269076
test_06604,0.1915954
test_06605,0.3334880
test_06606,0.9840509
test_06607,0.0009858
test_06608,0.9661217
test_06609,0.9636503
test_06610,0.0279000
test_06611,0.7273017
test_06612,0.2471015
test_06613,0.0053076
test_06614,0.0252850
test_06615,0.0288388
test_06616,0.9272271
test_06617,0.9935215
test_06618,0.0378261
test_06619,0.0158155
test_06620,0.4089451
test_06621,0.1048340
test_06622,0.0721638
test_06623,0.0409161
test_06624,0.9596062
test_06625,0.8238316
test_06626,0.0105623
test_06627,0.0050752
test_06628,0.8423889
test_06629,0.0085813
test_06630,0.1506391
test_06631,0.0101623
test_06632,0.0077393
test_06633,0.0562878
test_06634,0.9709723
test_06635,0.0334700
test_06636,0.0099540
test_06637,0.0047263
test_06638,0.0252682
test_06639,0.9521247
test_06640,0.9827093
test_06641,0.1445532
test_06642,0.9408259
test_06643,0.9964604
test_06644,0.9874755
test_06645,0.9941942
test_06646,0.9992488
test_06647,0.8978454
test_06648,0.0288574
test_06649,0.2824548
test_06650,0.0027252
test_06651,0.9556168
test_06652,0.0346780
test_06653,0.9863552
test_06654,0.4554960
test_06655,0.0017390
test_06656,0.9760832
test_06657,0.9765511
test_06658,0.0167316
test_06659,0.9875457
test_06660,0.8829578
test_06661,0.0531850
test_06662,0.0061311
test_06663,0.0188441
test_06664,0.0048051
test_06665,0.0243173
test_06666,0.0597460
test_06667,0.9916089
test_06668,0.4012341
test_06669,0.0220038
test_06670,0.0313432
test_06671,0.9971666
test_06672,0.0211288
test_06673,0.0058011
test_06674,0.9880872
test_06675,0.0352338
test_06676,0.7588404
test_06677,0.9129624
test_06678,0.9881397
test_06679,0.0068250
test_06680,0.0143896
test_06681,0.9705750
test_06682,0.0335963
test_06683,0.8838492
test_06684,0.0064526
test_06685,0.9665740
test_06686,0.9869017
test_06687,0.0111427
test_06688,0.5104575
test_06689,0.9611846
test_06690,0.8589488
test_06691,0.0102597
test_06692,0.9478021
test_06693,0.7900251
test_06694,0.9865924
test_06695,0.0521834
test_06696,0.9779385
test_06697,0.9323242
test_06698,0.0087857
test_06699,0.1677868
test_06700,0.9975694
test_06701,0.9621063
test_06702,0.9555356
test_06703,0.0269328
test_06704,0.9970441
test_06705,0.9381782
test_06706,0.3277504
test_06707,0.0255473
test_06708,0.9531260
test_06709,0.5293091
test_06710,0.9395644
test_06711,0.9910805
test_06712,0.0175745
test_06713,0.9701655
test_06714,0.2543913
test_06715,0.0072084
test_06716,0.9933326
test_06717,0.9836670
test_06718,0.9910732
test_06719,0.9863701
test_06720,0.9868776
test_06721,0.0049780
test_06722,0.9808576
test_06723,0.9959764
test_06724,0.0208988
test_06725,0.2354582
test_06726,0.9912975
test_06727,0.4334475
test_06728,0.0729440
test_06729,0.0021300
test_06730,0.0282750
test_06731,0.8897357
test_06732,0.2521725
test_06733,0.9677129
test_06734,0.0042972
test_06735,0.9949607
test_06736,0.9979984
test_06737,0.9866248
test_06738,0.9951685
test_06739,0.9977219
test_06740,0.9712887
test_06741,0.9765739
test_06742,0.9887233
test_06743,0.9890630
test_06744,0.0135269
test_06745,0.0024752
test_06746,0.9155566
test_06747,0.8666565
test_06748,0.0228207
test_06749,0.9851492
test_06750,0.9668181
test_06751,0.0059554
test_06752,0.0050125
test_06753,0.0391834
test_06754,0.0066043
test_06755,0.9271972
test_06756,0.5109274
test_06757,0.7105095
test_06758,0.0522434
test_06759,0.0302021
test_06760,0.0016529
test_06761,0.8928391
test_06762,0.9929087
test_06763,0.9622585
test_06764,0.9546177
test_06765,0.9945447
test_06766,0.0174193
test_06767,0.0026376
test_06768,0.9949331
test_06769,0.0008356
test_06770,0.0228953
test_06771,0.9876912
test_06772,0.3293489
test_06773,0.7258641
test_06774,0.3113013
test_06775,0.0388128
test_06776,0.9936516
test_06777,0.9310283
test_06778,0.0007178
test_06779,0.7877201
test_06780,0.9982979
test_06781,0.9744918
test_06782,0.8809202
test_06783,0.8344121
test_06784,0.0033863
test_06785,0.9868438
test_06786,0.9409891
test_06787,0.1512375
test_06788,0.0962931
test_06789,0.0433362
test_06790,0.9620045
test_06791,0.9842109
test_06792,0.9915446
test_06793,0.0134473
test_06794,0.9917310
test_06795,0.0037555
test_06796,0.9503547
test_06797,0.2210729
test_06798,0.9960230
test_06799,0.1405359
test_06800,0.0715515
test_06801,0.9903281
test_06802,0.0855918
test_06803,0.0704658
test_06804,0.6139899
test_06805,0.0189182
test_06806,0.9954024
test_06807,0.9909198
test_06808,0.9983692
test_06809,0.9520801
test_06810,0.4052645
test_06811,0.9838662
test_06812,0.0270137
test_06813,0.8257695
test_06814,0.9996603
test_06815,0.9802826
test_06816,0.9841710
test_06817,0.0121115
test_06818,0.9851131
test_06819,0.7112632
test_06820,0.0246904
test_06821,0.8727049
test_06822,0.3396156
test_06823,0.0077111
test_06824,0.9571401
test_06825,0.0028295
test_06826,0.0548782
test_06827,0.0180930
test_06828,0.9714614
test_06829,0.9982399
test_06830,0.0759663
test_06831,0.2695634
test_06832,0.0129156
test_06833,0.0104812
test_06834,0.0112538
test_06835,0.0451635
test_06836,0.0276110
test_06837,0.0279302
test_06838,0.0043083
test_06839,0.1592828
test_06840,0.8685241
test_06841,0.0481353
test_06842,0.9667328
test_06843,0.0217968
test_06844,0.0034780
test_06845,0.0030437
test_06846,0.9666280
test_06847,0.9908272
test_06848,0.1320961
test_06849,0.7578554
test_06850,0.0228575
test_06851,0.0072991
test_06852,0.0188460
test_06853,0.1283778
test_06854,0.6054778
test_06855,0.0106742
test_06856,0.0078857
test_06857,0.3585638
test_06858,0.0178883
test_06859,0.8001426
test_06860,0.9882640
test_06861,0.0106106
test_06862,0.9830135
test_06863,0.9837780
test_06864,0.9268972
test_06865,0.3186618
test_06866,0.0118071
test_06867,0.0272567
test_06868,0.8384514
test_06869,0.0058475
test_06870,0.9698610
test_06871,0.9900402
test_06872,0.1129052
test_06873,0.0031508
test_06874,0.8289484
test_06875,0.0574850
test_06876,0.0235408
test_06877,0.9930806
test_06878,0.3895346
test_06879,0.8602327
test_06880,0.0906235
test_06881,0.9707571
test_06882,0.0088839
test_06883,0.4715506
test_06884,0.0097430
test_06885,0.9843720
test_06886,0.0117925
test_06887,0.9063751
test_06888,0.0229698
test_06889,0.9857395
test_06890,0.1588897
test_06891,0.0003927
test_06892,0.0031956
test_06893,0.0263502
test_06894,0.1811445
test_06895,0.0048846
test_06896,0.9865971
test_06897,0.3144713
test_06898,0.2444764
test_06899,0.2222434
test_06900,0.0374189
test_06901,0.9891800
test_06902,0.0749539
test_06903,0.9875157
test_06904,0.9929218
test_06905,0.9802961
test_06906,0.3578964
test_06907,0.6637899
test_06908,0.9982690
test_06909,0.0379312
test_06910,0.9948139
test_06911,0.9992940
test_06912,0.0305609
test_06913,0.1045266
test_06914,0.9233783
test_06915,0.1009983
test_06916,0.9891440
test_06917,0.0104190
test_06918,0.9372071
test_06919,0.7526498
test_06920,0.6628153
test_06921,0.9112666
test_06922,0.7146535
test_06923,0.9179610
test_06924,0.3593183
test_06925,0.0126593
test_06926,0.0420105
test_06927,0.0134962
test_06928,0.0115070
test_06929,0.5716841
test_06930,0.0292087
test_06931,0.1907583
test_06932,0.9919162
test_06933,0.9717721
test_06934,0.0362958
test_06935,0.0120648
test_06936,0.4749188
test_06937,0.8933812
test_06938,0.0231219
test_06939,0.2894338
test_06940,0.9863510
test_06941,0.4459934
test_06942,0.0629532
test_06943,0.0614558
test_06944,0.0452746
test_06945,0.0161730
test_06946,0.0235688
test_06947,0.9920008
test_06948,0.9263453
test_06949,0.9919473
test_06950,0.1848728
test_06951,0.0109901
test_06952,0.9761193
test_06953,0.0038017
test_06954,0.8801962
test_06955,0.9878607
test_06956,0.9298958
test_06957,0.9821282
test_06958,0.9713002
test_06959,0.0029203
test_06960,0.0138133
test_06961,0.9613243
test_06962,0.0367367
test_06963,0.4194640
test_06964,0.9946361
test_06965,0.0214050
test_06966,0.3602260
test_06967,0.0505151
test_06968,0.0275636
test_06969,0.0018119
test_06970,0.9975101
test_06971,0.9632441
test_06972,0.1541478
test_06973,0.9886073
test_06974,0.0105624
test_06975,0.9678581
test_06976,0.9944379
test_06977,0.9373029
test_06978,0.0041614
test_06979,0.4864068
test_06980,0.9731441
test_06981,0.9744865
test_06982,0.9798391
test_06983,0.1157244
test_06984,0.0184487
test_06985,0.0042286
test_06986,0.5048948
test_06987,0.0091359
test_06988,0.0015760
test_06989,0.0059872
test_06990,0.9842774
test_06991,0.7969066
test_06992,0.4259560
test_06993,0.0042801
test_06994,0.0837782
test_06995,0.0535891
test_06996,0.0688143
test_06997,0.9941998
test_06998,0.0011402
test_06999,0.9469914
test_07000,0.0059004
test_07001,0.5941539
test_07002,0.9761112
test_07003,0.0072905
test_07004,0.9705518
test_07005,0.9608470
test_07006,0.8413012
test_07007,0.0007511
test_07008,0.0552624
test_07009,0.9926611
test_07010,0.9808000
test_07011,0.9974623
test_07012,0.8776698
test_07013,0.2699849
test_07014,0.9975362
test_07015,0.9955084
test_07016,0.9940476
test_07017,0.0048847
test_07018,0.9526560
test_07019,0.9747217
test_07020,0.0058089
test_07021,0.9933462
test_07022,0.0036029
test_07023,0.9870235
test_07024,0.0221206
test_07025,0.9995871
test_07026,0.9920693
test_07027,0.0068683
test_07028,0.9791169
test_07029,0.7493026
test_07030,0.2882301
test_07031,0.0010211
test_07032,0.9607579
test_07033,0.9826005
test_07034,0.0272415
test_07035,0.0154532
test_07036,0.0204031
test_07037,0.0237826
test_07038,0.9761099
test_07039,0.0466182
test_07040,0.0670381
test_07041,0.9877056
test_07042,0.9961613
test_07043,0.0163966
test_07044,0.5236177
test_07045,0.0415342
test_07046,0.9686622
test_07047,0.9862146
test_07048,0.0074235
test_07049,0.4959451
test_07050,0.0907279
test_07051,0.0056182
test_07052,0.9779984
test_07053,0.0028806
test_07054,0.9853690
test_07055,0.9885753
test_07056,0.9139030
test_07057,0.0730036
test_07058,0.8627451
test_07059,0.5193102
test_07060,0.9972316
test_07061,0.9912263
test_07062,0.1853552
test_07063,0.0633237
test_07064,0.0060824
test_07065,0.0507263
test_07066,0.1965189
test_07067,0.9977039
test_07068,0.9653036
test_07069,0.5868830
test_07070,0.0254792
test_07071,0.0068512
test_07072,0.9896795
test_07073,0.9166811
test_07074,0.9782881
test_07075,0.9905840
test_07076,0.9956656
test_07077,0.0407859
test_07078,0.6045263
test_07079,0.9863997
test_07080,0.0804722
test_07081,0.0210954
test_07082,0.9908224
test_07083,0.0418185
test_07084,0.0150843
test_07085,0.0175244
test_07086,0.9496746
test_07087,0.0413715
test_07088,0.9455457
test_07089,0.0237440
test_07090,0.4669320
test_07091,0.0029188
test_07092,0.9211640
test_07093,0.9573315
test_07094,0.9657494
test_07095,0.4863935
test_07096,0.9767960
test_07097,0.0702202
test_07098,0.0234112
test_07099,0.3797942
test_07100,0.4722092
test_07101,0.9278356
test_07102,0.9819486
test_07103,0.9339421
test_07104,0.9930921
test_07105,0.0003518
test_07106,0.8983073
test_07107,0.0283292
test_07108,0.6588699
test_07109,0.0880702
test_07110,0.7412009
test_07111,0.1167313
test_07112,0.9122675
test_07113,0.0363306
test_07114,0.9414698
test_07115,0.6714756
test_07116,0.4986358
test_07117,0.0199216
test_07118,0.0589938
test_07119,0.0177656
test_07120,0.0254305
test_07121,0.0168279
test_07122,0.9678637
test_07123,0.1878225
test_07124,0.8909819
test_07125,0.9889848
test_07126,0.9525042
test_07127,0.9993179
test_07128,0.0263143
test_07129,0.2655858
test_07130,0.9564698
test_07131,0.8987556
test_07132,0.0059627
test_07133,0.0276693
test_07134,0.7160259
test_07135,0.0053522
test_07136,0.9802274
test_07137,0.8953133
test_07138,0.0062128
test_07139,0.3783814
test_07140,0.0119735
test_07141,0.0598522
test_07142,0.1386022
test_07143,0.0286376
test_07144,0.0059190
test_07145,0.0618325
test_07146,0.9943130
test_07147,0.2910710
test_07148,0.9921492
test_07149,0.0022715
test_07150,0.4330339
test_07151,0.2185298
test_07152,0.9885252
test_07153,0.7100136
test_07154,0.9546377
test_07155,0.0117666
test_07156,0.0246370
test_07157,0.9960080
test_07158,0.9228457
test_07159,0.0213509
test_07160,0.0348062
test_07161,0.0186265
test_07162,0.9733075
test_07163,0.9454806
test_07164,0.8968458
test_07165,0.8195941
test_07166,0.9898377
test_07167,0.0423298
test_07168,0.9898374
test_07169,0.0422684
test_07170,0.9912319
test_07171,0.5166550
test_07172,0.9322468
test_07173,0.8764156
test_07174,0.9770436
test_07175,0.9909005
test_07176,0.0050338
test_07177,0.0039598
test_07178,0.9553713
test_07179,0.1995846
test_07180,0.3545233
test_07181,0.3461364
test_07182,0.0064626
test_07183,0.0090561
test_07184,0.0123938
test_07185,0.9853415
test_07186,0.8862043
test_07187,0.0052843
test_07188,0.7987261
test_07189,0.0134602
test_07190,0.4831968
test_07191,0.0407511
test_07192,0.2932348
test_07193,0.0103700
test_07194,0.8971375
test_07195,0.8494442
test_07196,0.9857576
test_07197,0.4601139
test_07198,0.0054335
test_07199,0.2366193
test_07200,0.9761160
test_07201,0.0487083
test_07202,0.0443232
test_07203,0.9629140
test_07204,0.5286458
test_07205,0.0751719
test_07206,0.4323341
test_07207,0.9660804
test_07208,0.0069538
test_07209,0.1181608
test_07210,0.0542733
test_07211,0.0250346
test_07212,0.4633360
test_07213,0.0766094
test_07214,0.9938013
test_07215,0.7752287
test_07216,0.0162957
test_07217,0.0017405
test_07218,0.0159838
test_07219,0.9989410
test_07220,0.0135114
test_07221,0.8678939
test_07222,0.0204111
test_07223,0.0242295
test_07224,0.9425638
test_07225,0.0418684
test_07226,0.8195053
test_07227,0.9985495
test_07228,0.2397954
test_07229,0.0027908
test_07230,0.1007808
test_07231,0.0160491
test_07232,0.5861656
test_07233,0.9714985
test_07234,0.9887169
test_07235,0.9487110
test_07236,0.0037907
test_07237,0.9959707
test_07238,0.0524961
test_07239,0.8532273
test_07240,0.0117020
test_07241,0.0428263
test_07242,0.6985090
test_07243,0.0812972
test_07244,0.9933274
test_07245,0.0732296
test_07246,0.9659491
test_07247,0.9657415
test_07248,0.9961179
test_07249,0.0089007
test_07250,0.0157102
test_07251,0.0052819
test_07252,0.9591412
test_07253,0.0145014
test_07254,0.0074528
test_07255,0.3296588
test_07256,0.1861030
test_07257,0.8002143
test_07258,0.0307432
test_07259,0.8027316
test_07260,0.9982339
test_07261,0.0095038
test_07262,0.0074565
test_07263,0.9889972
test_07264,0.0033485
test_07265,0.9627970
test_07266,0.0147860
test_07267,0.7164775
test_07268,0.9251994
test_07269,0.9125691
test_07270,0.8978646
test_07271,0.9606358
test_07272,0.0934154
test_07273,0.9708911
test_07274,0.8625736
test_07275,0.0261254
test_07276,0.0206672
test_07277,0.9197887
test_07278,0.9852481
test_07279,0.0066772
test_07280,0.0061036
test_07281,0.0033186
test_07282,0.3912661
test_07283,0.1531692
test_07284,0.3453195
test_07285,0.9818688
test_07286,0.0403971
test_07287,0.9646360
test_07288,0.0089006
test_07289,0.0666142
test_07290,0.0074031
test_07291,0.9842105
test_07292,0.0160315
test_07293,0.0065629
test_07294,0.9939803
test_07295,0.9543406
test_07296,0.2457487
test_07297,0.9879900
test_07298,0.0216214
test_07299,0.6133946
test_07300,0.0449052
test_07301,0.9584042
test_07302,0.0165955
test_07303,0.9989853
test_07304,0.0106287
test_07305,0.0160201
test_07306,0.1426497
test_07307,0.0839975
test_07308,0.4524171
test_07309,0.0135939
test_07310,0.0411679
test_07311,0.0937929
test_07312,0.9450248
test_07313,0.0109086
test_07314,0.9470296
test_07315,0.0881903
test_07316,0.2626188
test_07317,0.9804106
test_07318,0.0136425
test_07319,0.9723582
test_07320,0.8262176
test_07321,0.1267141
test_07322,0.4223043
test_07323,0.0213186
test_07324,0.5734215
test_07325,0.2428852
test_07326,0.7107055
test_07327,0.9978419
test_07328,0.9888505
test_07329,0.0278705
test_07330,0.0577004
test_07331,0.0047275
test_07332,0.0261847
test_07333,0.0790463
test_07334,0.7900467
test_07335,0.8689790
test_07336,0.0675803
test_07337,0.3695840
test_07338,0.9877170
test_07339,0.0058460
test_07340,0.9832928
test_07341,0.0554486
test_07342,0.0046421
test_07343,0.9957194
test_07344,0.6105392
test_07345,0.0010738
test_07346,0.0106519
test_07347,0.0081171
test_07348,0.7014956
test_07349,0.0221857
test_07350,0.9037501
test_07351,0.0036455
test_07352,0.6720886
test_07353,0.7005748
test_07354,0.8563934
test_07355,0.9991240
test_07356,0.9990373
test_07357,0.9751612
test_07358,0.8767913
test_07359,0.0192761
test_07360,0.9923448
test_07361,0.8675196
test_07362,0.0025425
test_07363,0.9254506
test_07364,0.0536588
test_07365,0.8724378
test_07366,0.9875900
test_07367,0.6584100
test_07368,0.0671563
test_07369,0.0465099
test_07370,0.9916029
test_07371,0.0106187
test_07372,0.0202967
test_07373,0.9875360
test_07374,0.0882022
test_07375,0.7735987
test_07376,0.4520499
test_07377,0.0119022
test_07378,0.9921448
test_07379,0.2893815
test_07380,0.3839408
test_07381,0.0243451
test_07382,0.9411356
test_07383,0.9915317
test_07384,0.2976857
test_07385,0.0592624
test_07386,0.2590767
test_07387,0.0030833
test_07388,0.9903370
test_07389,0.0719813
test_07390,0.4875283
test_07391,0.9966576
test_07392,0.8304967
test_07393,0.9980893
test_07394,0.6474421
test_07395,0.9899085
test_07396,0.0287475
test_07397,0.9692229
test_07398,0.9615709
test_07399,0.9629467
test_07400,0.5534043
test_07401,0.0521572
test_07402,0.9851503
test_07403,0.0098963
test_07404,0.0618743
test_07405,0.9977578
test_07406,0.0026329
test_07407,0.0061744
test_07408,0.1290578
test_07409,0.9215675
test_07410,0.5496443
test_07411,0.0750014
test_07412,0.1389413
test_07413,0.9932319
test_07414,0.0057111
test_07415,0.3232302
test_07416,0.0115951
test_07417,0.0345749
test_07418,0.9168510
test_07419,0.0090713
test_07420,0.0037049
test_07421,0.3823999
test_07422,0.9840379
test_07423,0.9922857
test_07424,0.3006615
test_07425,0.0112631
test_07426,0.0626604
test_07427,0.0520517
test_07428,0.0741811
test_07429,0.1806965
test_07430,0.0009230
test_07431,0.9352326
test_07432,0.0014133
test_07433,0.1736048
test_07434,0.0121409
test_07435,0.0578239
test_07436,0.0136996
test_07437,0.9858932
test_07438,0.9418691
test_07439,0.5486226
test_07440,0.0062096
test_07441,0.1020022
test_07442,0.0113599
test_07443,0.9985957
test_07444,0.0382633
test_07445,0.0709442
test_07446,0.0013318
test_07447,0.0064634
test_07448,0.0111000
test_07449,0.9908335
test_07450,0.9880493
test_07451,0.9848185
test_07452,0.0752692
test_07453,0.0181295
test_07454,0.9849405
test_07455,0.0117131
test_07456,0.9906608
test_07457,0.9948096
test_07458,0.9978169
test_07459,0.9964456
test_07460,0.0229674
test_07461,0.9950292
test_07462,0.8135200
test_07463,0.0229347
test_07464,0.2703060
test_07465,0.8491876
test_07466,0.2976469
test_07467,0.9624973
test_07468,0.9973464
test_07469,0.0124876
test_07470,0.9984456
test_07471,0.4666907
test_07472,0.7367538
test_07473,0.0040685
test_07474,0.0050364
test_07475,0.4703970
test_07476,0.0383370
test_07477,0.2300139
test_07478,0.9332767
test_07479,0.9887753
test_07480,0.0062323
test_07481,0.0144983
test_07482,0.9565046
test_07483,0.5424981
test_07484,0.4893537
test_07485,0.9341586
test_07486,0.9889588
test_07487,0.0080890
test_07488,0.0245067
test_07489,0.9740351
test_07490,0.0737846
test_07491,0.0157697
test_07492,0.1223282
test_07493,0.6499853
test_07494,0.9899061
test_07495,0.9946566
test_07496,0.1497009
test_07497,0.0493434
test_07498,0.8501515
test_07499,0.0576623
test_07500,0.0218593
test_07501,0.0027147
test_07502,0.9950808
test_07503,0.3524794
test_07504,0.0242867
test_07505,0.8741825
test_07506,0.9763857
test_07507,0.0172985
test_07508,0.0838263
test_07509,0.9766090
test_07510,0.5864824
test_07511,0.9684379
test_07512,0.0074406
test_07513,0.9409260
test_07514,0.9971958
test_07515,0.9820627
test_07516,0.9866050
test_07517,0.9882123
test_07518,0.0056194
test_07519,0.0849440
test_07520,0.0025670
test_07521,0.0115142
test_07522,0.4526472
test_07523,0.1304573
test_07524,0.1989613
test_07525,0.4420460
test_07526,0.0358964
test_07527,0.3790067
test_07528,0.9971194
test_07529,0.0074893
test_07530,0.7495897
test_07531,0.9701303
test_07532,0.9506399
test_07533,0.0134181
test_07534,0.2569536
test_07535,0.1585211
test_07536,0.0392259
test_07537,0.0068004
test_07538,0.0680684
test_07539,0.9863614
test_07540,0.0134125
test_07541,0.8949014
test_07542,0.9821264
test_07543,0.0442219
test_07544,0.9688753
test_07545,0.0432228
test_07546,0.9343443
test_07547,0.9978058
test_07548,0.1803467
test_07549,0.9851611
test_07550,0.9977183
test_07551,0.9928089
test_07552,0.0160917
test_07553,0.9847751
test_07554,0.7135212
test_07555,0.0022945
test_07556,0.0153008
test_07557,0.9957911
test_07558,0.9423266
test_07559,0.9808055
test_07560,0.7200279
test_07561,0.0013984
test_07562,0.5989172
test_07563,0.9943836
test_07564,0.9946006
test_07565,0.0474772
test_07566,0.1881562
test_07567,0.0146167
test_07568,0.0489533
test_07569,0.8977551
test_07570,0.6328140
test_07571,0.0294554
test_07572,0.9743308
test_07573,0.9986815
test_07574,0.9949871
test_07575,0.0060439
test_07576,0.0795957
test_07577,0.0242285
test_07578,0.0091209
test_07579,0.0275973
test_07580,0.9412776
test_07581,0.0165245
test_07582,0.1972648
test_07583,0.9620481
test_07584,0.8354036
test_07585,0.8317866
test_07586,0.9903520
test_07587,0.2126362
test_07588,0.9983916
test_07589,0.9269339
test_07590,0.0076106
test_07591,0.9968903
test_07592,0.0164694
test_07593,0.9916715
test_07594,0.2683464
test_07595,0.0137741
test_07596,0.2794821
test_07597,0.5749945
test_07598,0.0711566
test_07599,0.8960732
test_07600,0.1920901
test_07601,0.0071091
test_07602,0.0053887
test_07603,0.9904953
test_07604,0.3839219
test_07605,0.0443925
test_07606,0.0008000
test_07607,0.0078102
test_07608,0.5633585
test_07609,0.9805722
test_07610,0.0181177
test_07611,0.0244634
test_07612,0.0063063
test_07613,0.0279450
test_07614,0.9862401
test_07615,0.9916937
test_07616,0.7398591
test_07617,0.4576406
test_07618,0.9931117
test_07619,0.0152026
test_07620,0.1346377
test_07621,0.2888591
test_07622,0.0215575
test_07623,0.9969040
test_07624,0.0232238
test_07625,0.3827953
test_07626,0.9923068
test_07627,0.4934254
test_07628,0.9900912
test_07629,0.0178180
test_07630,0.9433505
test_07631,0.0155814
test_07632,0.0651942
test_07633,0.0149432
test_07634,0.9558854
test_07635,0.9891340
test_07636,0.0093087
test_07637,0.9817718
test_07638,0.9942884
test_07639,0.0201722
test_07640,0.1142180
test_07641,0.9646187
test_07642,0.0842997
test_07643,0.9763006
test_07644,0.9831151
test_07645,0.0205557
test_07646,0.9773901
test_07647,0.9969872
test_07648,0.1410125
test_07649,0.9732459
test_07650,0.9757704
test_07651,0.5396481
test_07652,0.8564836
test_07653,0.9957713
test_07654,0.9790249
test_07655,0.0170043
test_07656,0.3021567
test_07657,0.9966975
test_07658,0.0365082
test_07659,0.9923755
test_07660,0.9647510
test_07661,0.9859902
test_07662,0.0294725
test_07663,0.0213408
test_07664,0.0277592
test_07665,0.0256804
test_07666,0.9965762
test_07667,0.0159965
test_07668,0.0035345
test_07669,0.9751143
test_07670,0.0366152
test_07671,0.0046983
test_07672,0.0153899
test_07673,0.1807983
test_07674,0.9586957
test_07675,0.1215043
test_07676,0.0310629
test_07677,0.3332103
test_07678,0.0482667
test_07679,0.0076683
test_07680,0.9949742
test_07681,0.0245052
test_07682,0.0189377
test_07683,0.9651663
test_07684,0.9572687
test_07685,0.0181891
test_07686,0.0130670
test_07687,0.8476650
test_07688,0.6406230
test_07689,0.9950271
test_07690,0.9944436
test_07691,0.1567868
test_07692,0.9560561
test_07693,0.9556348
test_07694,0.1093953
test_07695,0.1497985
test_07696,0.0635732
test_07697,0.9848072
test_07698,0.9558895
test_07699,0.4613165
test_07700,0.7651433
test_07701,0.2510241
test_07702,0.0060831
test_07703,0.9981748
test_07704,0.6861159
test_07705,0.0431911
test_07706,0.7818890
test_07707,0.0819536
test_07708,0.9573646
test_07709,0.8266764
test_07710,0.9984276
test_07711,0.9480889
test_07712,0.0077326
test_07713,0.0253586
test_07714,0.0028856
test_07715,0.9861690
test_07716,0.9170622
test_07717,0.0265848
test_07718,0.0085671
test_07719,0.0561436
test_07720,0.0188637
test_07721,0.0271816
test_07722,0.0285124
test_07723,0.0306296
test_07724,0.9957252
test_07725,0.9790003
test_07726,0.7767548
test_07727,0.0456139
test_07728,0.0328134
test_07729,0.9956647
test_07730,0.0053218
test_07731,0.0237429
test_07732,0.5778340
test_07733,0.9970878
test_07734,0.0051248
test_07735,0.0185063
test_07736,0.0225399
test_07737,0.9990337
test_07738,0.0081733
test_07739,0.2768486
test_07740,0.0204732
test_07741,0.0014186
test_07742,0.7933050
test_07743,0.9602518
test_07744,0.0072670
test_07745,0.4509670
test_07746,0.3481145
test_07747,0.0195632
test_07748,0.0126801
test_07749,0.9979917
test_07750,0.9960044
test_07751,0.1993278
test_07752,0.0036301
test_07753,0.7851485
test_07754,0.0510501
test_07755,0.2274770
test_07756,0.9732756
test_07757,0.0204554
test_07758,0.5106657
test_07759,0.9019611
test_07760,0.7325916
test_07761,0.9188125
test_07762,0.9848631
test_07763,0.9768701
test_07764,0.9547272
test_07765,0.7788120
test_07766,0.5063013
test_07767,0.0032745
test_07768,0.3871737
test_07769,0.0046878
test_07770,0.0041615
test_07771,0.9416678
test_07772,0.9991445
test_07773,0.9579435
test_07774,0.0113404
test_07775,0.0067028
test_07776,0.5948909
test_07777,0.6879627
test_07778,0.6770328
test_07779,0.9756609
test_07780,0.6615312
test_07781,0.0166446
test_07782,0.0891535
test_07783,0.0016911
test_07784,0.0588079
test_07785,0.0113318
test_07786,0.2545945
test_07787,0.9250822
test_07788,0.9955061
test_07789,0.9912398
test_07790,0.0223002
test_07791,0.0092066
test_07792,0.1800120
test_07793,0.0023095
test_07794,0.0136964
test_07795,0.9586174
test_07796,0.0193031
test_07797,0.0209040
test_07798,0.9819617
test_07799,0.5981785
test_07800,0.9920335
test_07801,0.0024058
test_07802,0.8084070
test_07803,0.9914245
test_07804,0.9965824
test_07805,0.0768238
test_07806,0.0103278
test_07807,0.1423849
test_07808,0.0061801
test_07809,0.0088927
test_07810,0.0142247
test_07811,0.8197823
test_07812,0.4715749
test_07813,0.9607865
test_07814,0.0315231
test_07815,0.0079472
test_07816,0.0013110
test_07817,0.9134547
test_07818,0.0124164
test_07819,0.9428625
test_07820,0.0648838
test_07821,0.9424550
test_07822,0.0546983
test_07823,0.0320950
test_07824,0.9895307
test_07825,0.9960933
test_07826,0.0123674
test_07827,0.8548823
test_07828,0.0828580
test_07829,0.9898811
test_07830,0.2778005
test_07831,0.9929597
test_07832,0.9730684
test_07833,0.4663195
test_07834,0.6863574
test_07835,0.9942594
test_07836,0.1330253
test_07837,0.0097574
test_07838,0.9977273
test_07839,0.9954672
test_07840,0.9790326
test_07841,0.0086715
test_07842,0.0080965
test_07843,0.0020589
test_07844,0.9621176
test_07845,0.9776440
test_07846,0.0237246
test_07847,0.9220267
test_07848,0.3067478
test_07849,0.9179206
test_07850,0.9953306
test_07851,0.0374133
test_07852,0.9817569
test_07853,0.0049041
test_07854,0.8137335
test_07855,0.0468567
test_07856,0.0501167
test_07857,0.2687182
test_07858,0.0027112
test_07859,0.8749833
test_07860,0.0052512
test_07861,0.0125394
test_07862,0.0075193
test_07863,0.6066766
test_07864,0.4422142
test_07865,0.9881151
test_07866,0.1901496
test_07867,0.0012671
test_07868,0.9960630
test_07869,0.9841319
test_07870,0.3539387
test_07871,0.9941612
test_07872,0.0157429
test_07873,0.0402519
test_07874,0.0492858
test_07875,0.0073819
test_07876,0.0714619
test_07877,0.0388875
test_07878,0.0185719
test_07879,0.0062200
test_07880,0.8317270
test_07881,0.8361112
test_07882,0.8380358
test_07883,0.6792949
test_07884,0.5671552
test_07885,0.9287922
test_07886,0.0038519
test_07887,0.9836212
test_07888,0.0248519
test_07889,0.9984280
test_07890,0.9424055
test_07891,0.9777331
test_07892,0.0583290
test_07893,0.9810337
test_07894,0.0198459
test_07895,0.5540513
test_07896,0.9150424
test_07897,0.0413458
test_07898,0.9990855
test_07899,0.9882978
test_07900,0.9877727
test_07901,0.9972850
test_07902,0.0086861
test_07903,0.1276757
test_07904,0.0699160
test_07905,0.7983340
test_07906,0.0073786
test_07907,0.7008505
test_07908,0.0115783
test_07909,0.8843960
test_07910,0.8705499
test_07911,0.9771361
test_07912,0.0856383
test_07913,0.0043896
test_07914,0.0010360
test_07915,0.0389360
test_07916,0.9431165
test_07917,0.0039448
test_07918,0.0005228
test_07919,0.0083795
test_07920,0.1964557
test_07921,0.9937621
test_07922,0.2080987
test_07923,0.9785304
test_07924,0.0389505
test_07925,0.0040873
test_07926,0.0458161
test_07927,0.9585926
test_07928,0.0813676
test_07929,0.0016882
test_07930,0.0311829
test_07931,0.0423092
test_07932,0.9876220
test_07933,0.7983522
test_07934,0.0096066
test_07935,0.2265088
test_07936,0.0289734
test_07937,0.2802725
test_07938,0.9690613
test_07939,0.0209744
test_07940,0.3036045
test_07941,0.5025526
test_07942,0.0034581
test_07943,0.9649073
test_07944,0.0843973
test_07945,0.0367964
test_07946,0.0067250
test_07947,0.9795054
test_07948,0.4381665
test_07949,0.9886027
test_07950,0.5200250
test_07951,0.0020742
test_07952,0.0475526
test_07953,0.0064422
test_07954,0.0979653
test_07955,0.0030838
test_07956,0.1970482
test_07957,0.4489972
test_07958,0.0252806
test_07959,0.9749345
test_07960,0.0042346
test_07961,0.9923577
test_07962,0.0162606
test_07963,0.9889820
test_07964,0.0027572
test_07965,0.0041088
test_07966,0.8973369
test_07967,0.9775647
test_07968,0.0153998
test_07969,0.0393539
test_07970,0.0059026
test_07971,0.0377854
test_07972,0.9343007
test_07973,0.0047239
test_07974,0.9896293
test_07975,0.0127927
test_07976,0.5133196
test_07977,0.0227825
test_07978,0.9278468
test_07979,0.0162839
test_07980,0.9240068
test_07981,0.0122779
test_07982,0.0196433
test_07983,0.0406093
test_07984,0.2602372
test_07985,0.9960055
test_07986,0.0575797
test_07987,0.0021722
test_07988,0.0094922
test_07989,0.0623542
test_07990,0.4686028
test_07991,0.9847023
test_07992,0.0056344
test_07993,0.9699125
test_07994,0.6557682
test_07995,0.9741602
test_07996,0.9987369
test_07997,0.9924334
test_07998,0.9371287
test_07999,0.9848772
test_08000,0.0344723
test_08001,0.0055479
test_08002,0.1091127
test_08003,0.5111090
test_08004,0.0154604
test_08005,0.9980557
test_08006,0.9549308
test_08007,0.0864511
test_08008,0.7406542
test_08009,0.0179209
test_08010,0.9832647
test_08011,0.9920816
test_08012,0.9745847
test_08013,0.0040659
test_08014,0.0576272
test_08015,0.0048466
test_08016,0.9936353
test_08017,0.4950168
test_08018,0.9928686
test_08019,0.9918770
test_08020,0.9835807
test_08021,0.4374036
test_08022,0.0216188
test_08023,0.0016776
test_08024,0.0134211
test_08025,0.8314307
test_08026,0.8774992
test_08027,0.1973398
test_08028,0.0226341
test_08029,0.9793245
test_08030,0.0839880
test_08031,0.0257449
test_08032,0.9920076
test_08033,0.0105916
test_08034,0.9794496
test_08035,0.0102572
test_08036,0.9648445
test_08037,0.0038314
test_08038,0.9210005
test_08039,0.9758695
test_08040,0.9823987
test_08041,0.4697751
test_08042,0.9695898
test_08043,0.1180792
test_08044,0.0259051
test_08045,0.0986690
test_08046,0.0868089
test_08047,0.3824056
test_08048,0.2561651
test_08049,0.9393188
test_08050,0.0042551
test_08051,0.0504676
test_08052,0.9949664
test_08053,0.3541834
test_08054,0.0067904
test_08055,0.9972817
test_08056,0.9809182
test_08057,0.0257261
test_08058,0.0350321
test_08059,0.0571362
test_08060,0.4743220
test_08061,0.0226484
test_08062,0.9942285
test_08063,0.1907026
test_08064,0.1229697
test_08065,0.8518592
test_08066,0.1092378
test_08067,0.7725970
test_08068,0.2125137
test_08069,0.6346453
test_08070,0.0068162
test_08071,0.9653240
test_08072,0.3269532
test_08073,0.8347208
test_08074,0.0356807
test_08075,0.6032871
test_08076,0.0272799
test_08077,0.0644038
test_08078,0.3266129
test_08079,0.0072792
test_08080,0.9882742
test_08081,0.0265172
test_08082,0.0066545
test_08083,0.9885297
test_08084,0.0833549
test_08085,0.0136632
test_08086,0.0152233
test_08087,0.9927015
test_08088,0.9562628
test_08089,0.0124502
test_08090,0.0266294
test_08091,0.9196051
test_08092,0.7688951
test_08093,0.5296999
test_08094,0.0118909
test_08095,0.9165395
test_08096,0.0034516
test_08097,0.9153675
test_08098,0.0141742
test_08099,0.0445273
test_08100,0.9984215
test_08101,0.0302834
test_08102,0.0183869
test_08103,0.9824744
test_08104,0.0085686
test_08105,0.9756835
test_08106,0.9912090
test_08107,0.9227728
test_08108,0.0138036
test_08109,0.7353702
test_08110,0.9750124
test_08111,0.0739662
test_08112,0.9994314
test_08113,0.0058168
test_08114,0.0143730
test_08115,0.0378127
test_08116,0.4772735
test_08117,0.0123980
test_08118,0.0282476
test_08119,0.0930526
test_08120,0.0092887
test_08121,0.0355923
test_08122,0.9647533
test_08123,0.1325040
test_08124,0.5814379
test_08125,0.9794200
test_08126,0.0873143
test_08127,0.0219543
test_08128,0.2842802
test_08129,0.0217842
test_08130,0.0027887
test_08131,0.9460193
test_08132,0.0051526
test_08133,0.0116679
test_08134,0.0143164
test_08135,0.0052053
test_08136,0.9753923
test_08137,0.0379031
test_08138,0.2749141
test_08139,0.9809012
test_08140,0.9536230
test_08141,0.5625693
test_08142,0.9955238
test_08143,0.6792781
test_08144,0.9967506
test_08145,0.0168005
test_08146,0.9767331
test_08147,0.1957002
test_08148,0.0089644
test_08149,0.0271201
test_08150,0.9475072
test_08151,0.8020750
test_08152,0.0379314
test_08153,0.4955110
test_08154,0.0272524
test_08155,0.0217708
test_08156,0.0135364
test_08157,0.0185921
test_08158,0.4254829
test_08159,0.9889855
test_08160,0.3920438
test_08161,0.9868669
test_08162,0.0512287
test_08163,0.9938151
test_08164,0.0165394
test_08165,0.0227274
test_08166,0.0057618
test_08167,0.3979787
test_08168,0.9983047
test_08169,0.9659091
test_08170,0.0984899
test_08171,0.9886651
test_08172,0.6433296
test_08173,0.0045099
test_08174,0.2557804
test_08175,0.9888168
test_08176,0.9914527
test_08177,0.9850467
test_08178,0.9194766
test_08179,0.9632630
test_08180,0.0004643
test_08181,0.0500597
test_08182,0.0463732
test_08183,0.9760670
test_08184,0.9869154
test_08185,0.4531865
test_08186,0.9897121
test_08187,0.9541042
test_08188,0.0969961
test_08189,0.1670391
test_08190,0.0107406
test_08191,0.9828456
test_08192,0.9948593
test_08193,0.9916875
test_08194,0.2040493
test_08195,0.0013672
test_08196,0.0343212
test_08197,0.9984077
test_08198,0.9859896
test_08199,0.0208905
test_08200,0.9929482
test_08201,0.0069996
test_08202,0.8542717
test_08203,0.5190943
test_08204,0.8774818
test_08205,0.8491652
test_08206,0.4867824
test_08207,0.8951327
test_08208,0.0613784
test_08209,0.0044505
test_08210,0.0120780
test_08211,0.0094149
test_08212,0.9893571
test_08213,0.9958770
test_08214,0.0072235
test_08215,0.0079907
test_08216,0.0020242
test_08217,0.9675911
test_08218,0.9836457
test_08219,0.7526233
test_08220,0.0029604
test_08221,0.0597060
test_08222,0.9893024
test_08223,0.0117601
test_08224,0.0107557
test_08225,0.0023084
test_08226,0.8342623
test_08227,0.9779476
test_08228,0.9819778
test_08229,0.0374315
test_08230,0.0601644
test_08231,0.0259064
test_08232,0.0424092
test_08233,0.0187555
test_08234,0.0020138
test_08235,0.0134253
test_08236,0.0799589
test_08237,0.9720823
test_08238,0.9958217
test_08239,0.9894645
test_08240,0.5543538
test_08241,0.5195786
test_08242,0.8309786
test_08243,0.0017626
test_08244,0.6805598
test_08245,0.5802721
test_08246,0.8752743
test_08247,0.1172544
test_08248,0.6074249
test_08249,0.9934755
test_08250,0.1916672
test_08251,0.9953547
test_08252,0.7447745
test_08253,0.0501963
test_08254,0.9369337
test_08255,0.0097927
test_08256,0.0127969
test_08257,0.1478342
test_08258,0.9606295
test_08259,0.9938667
test_08260,0.5568709
test_08261,0.9911516
test_08262,0.9816951
test_08263,0.9467756
test_08264,0.9870645
test_08265,0.9053334
test_08266,0.9596233
test_08267,0.0138216
test_08268,0.0308190
test_08269,0.9541624
test_08270,0.0115620
test_08271,0.7524542
test_08272,0.2934898
test_08273,0.6327959
test_08274,0.8550049
test_08275,0.3863449
test_08276,0.9961923
test_08277,0.0068800
test_08278,0.1601433
test_08279,0.3589773
test_08280,0.0059527
test_08281,0.9590206
test_08282,0.9342855
test_08283,0.9417051
test_08284,0.9655792
test_08285,0.9862844
test_08286,0.0145109
test_08287,0.0530828
test_08288,0.0165789
test_08289,0.0193899
test_08290,0.4356683
test_08291,0.0425968
test_08292,0.0099411
test_08293,0.9525712
test_08294,0.0518540
test_08295,0.9878719
test_08296,0.9813440
test_08297,0.9804640
test_08298,0.0282359
test_08299,0.0016426
test_08300,0.9971154
test_08301,0.8671256
test_08302,0.9781379
test_08303,0.9956805
test_08304,0.9456580
test_08305,0.2257019
test_08306,0.0040348
test_08307,0.8810710
test_08308,0.9813770
test_08309,0.1139515
test_08310,0.9411835
test_08311,0.0762253
test_08312,0.9781511
test_08313,0.9742658
test_08314,0.0185507
test_08315,0.9746507
test_08316,0.9931070
test_08317,0.9280613
test_08318,0.1358294
test_08319,0.9189859
test_08320,0.8970554
test_08321,0.8222874
test_08322,0.9894480
test_08323,0.9481012
test_08324,0.5548440
test_08325,0.9297574
test_08326,0.2855516
test_08327,0.0128157
test_08328,0.0309584
test_08329,0.9981992
test_08330,0.9679371
test_08331,0.8919955
test_08332,0.0101579
test_08333,0.0086619
test_08334,0.9784564
test_08335,0.7731228
test_08336,0.4009946
test_08337,0.9964283
test_08338,0.7492574
test_08339,0.0085333
test_08340,0.0010612
test_08341,0.9848804
test_08342,0.0545126
test_08343,0.9830250
test_08344,0.9759102
test_08345,0.9951901
test_08346,0.0379765
test_08347,0.0069508
test_08348,0.9797422
test_08349,0.0138036
test_08350,0.9718500
test_08351,0.9848967
test_08352,0.2856962
test_08353,0.5870446
test_08354,0.2036869
test_08355,0.9892544
test_08356,0.8518268
test_08357,0.0104543
test_08358,0.9473476
test_08359,0.9079726
test_08360,0.9148089
test_08361,0.6631519
test_08362,0.0035115
test_08363,0.9906568
test_08364,0.0840878
test_08365,0.0272064
test_08366,0.5961508
test_08367,0.9978395
test_08368,0.9752198
test_08369,0.0349894
test_08370,0.9951701
test_08371,0.0044113
test_08372,0.0120424
test_08373,0.9763578
test_08374,0.8861383
test_08375,0.0074436
test_08376,0.8993076
test_08377,0.9222082
test_08378,0.6896238
test_08379,0.9749982
test_08380,0.9943136
test_08381,0.9831449
test_08382,0.8994064
test_08383,0.0080213
test_08384,0.0181302
test_08385,0.0094498
test_08386,0.0055677
test_08387,0.0068237
test_08388,0.0096914
test_08389,0.7585835
test_08390,0.0911206
test_08391,0.0189501
test_08392,0.9903892
test_08393,0.9837406
test_08394,0.0190161
test_08395,0.0131900
test_08396,0.0525371
test_08397,0.0301516
test_08398,0.9936839
test_08399,0.4581282
test_08400,0.5415215
test_08401,0.0286652
test_08402,0.1927612
test_08403,0.0423785
test_08404,0.9847318
test_08405,0.0093832
test_08406,0.0411054
test_08407,0.9596605
test_08408,0.0144686
test_08409,0.0013719
test_08410,0.9403791
test_08411,0.9920356
test_08412,0.9898281
test_08413,0.1675364
test_08414,0.1925831
test_08415,0.0708757
test_08416,0.9943115
test_08417,0.8994119
test_08418,0.9818831
test_08419,0.0509415
test_08420,0.9308553
test_08421,0.0690656
test_08422,0.9877680
test_08423,0.8926805
test_08424,0.0628285
test_08425,0.0102766
test_08426,0.0020592
test_08427,0.9162378
test_08428,0.9879805
test_08429,0.0131234
test_08430,0.9691769
test_08431,0.0683804
test_08432,0.0063511
test_08433,0.2058990
test_08434,0.9694544
test_08435,0.0323687
test_08436,0.9540894
test_08437,0.0035820
test_08438,0.9703306
test_08439,0.7804374
test_08440,0.8409449
test_08441,0.3368994
test_08442,0.7336169
test_08443,0.0331125
test_08444,0.0809030
test_08445,0.9003414
test_08446,0.0088082
test_08447,0.1049929
test_08448,0.5335423
test_08449,0.8419512
test_08450,0.2730283
test_08451,0.0241768
test_08452,0.0143020
test_08453,0.3129999
test_08454,0.0127260
test_08455,0.8374443
test_08456,0.9840984
test_08457,0.9860204
test_08458,0.0160383
test_08459,0.9960046
test_08460,0.9799259
test_08461,0.0715369
test_08462,0.2418675
test_08463,0.9918191
test_08464,0.1449693
test_08465,0.9946484
test_08466,0.0741471
test_08467,0.0102188
test_08468,0.7382143
test_08469,0.0113939
test_08470,0.0533760
test_08471,0.3195089
test_08472,0.9975968
test_08473,0.0015229
test_08474,0.9594145
test_08475,0.0045623
test_08476,0.8657750
test_08477,0.9853271
test_08478,0.9752669
test_08479,0.1473753
test_08480,0.4843355
test_08481,0.0432723
test_08482,0.9628509
test_08483,0.0304438
test_08484,0.9941455
test_08485,0.0661467
test_08486,0.5644885
test_08487,0.7833371
test_08488,0.3486703
test_08489,0.0193630
test_08490,0.9299248
test_08491,0.9683094
test_08492,0.9931296
test_08493,0.0793883
test_08494,0.1582162
test_08495,0.4464120
test_08496,0.5202305
test_08497,0.7991920
test_08498,0.0026036
test_08499,0.5449716
test_08500,0.9975985
test_08501,0.0201941
test_08502,0.9953732
test_08503,0.0193031
test_08504,0.9414907
test_08505,0.0065460
test_08506,0.4989403
test_08507,0.0073960
test_08508,0.9713324
test_08509,0.9053891
test_08510,0.9967264
test_08511,0.2328231
test_08512,0.7981511
test_08513,0.9684921
test_08514,0.0029756
test_08515,0.5756592
test_08516,0.9971047
test_08517,0.9970329
test_08518,0.9847440
test_08519,0.9931946
test_08520,0.1360535
test_08521,0.0165114
test_08522,0.0754882
test_08523,0.0108182
test_08524,0.0844097
test_08525,0.9321942
test_08526,0.0099009
test_08527,0.2016256
test_08528,0.0134533
test_08529,0.9752425
test_08530,0.0018333
test_08531,0.3005720
test_08532,0.9922411
test_08533,0.7406978
test_08534,0.0095674
test_08535,0.9910399
test_08536,0.0074858
test_08537,0.9938063
test_08538,0.8434099
test_08539,0.2043532
test_08540,0.9880694
test_08541,0.0045717
test_08542,0.8284490
test_08543,0.0137881
test_08544,0.9661905
test_08545,0.9841084
test_08546,0.7138451
test_08547,0.9920925
test_08548,0.2900264
test_08549,0.0099556
test_08550,0.8934548
test_08551,0.9934414
test_08552,0.1637496
test_08553,0.9914175
test_08554,0.1677180
test_08555,0.9010473
test_08556,0.0025776
test_08557,0.0158846
test_08558,0.0113473
test_08559,0.9700135
test_08560,0.0424242
test_08561,0.9586810
test_08562,0.9120339
test_08563,0.0014489
test_08564,0.0030476
test_08565,0.9980516
test_08566,0.8937286
test_08567,0.8876002
test_08568,0.9961316
test_08569,0.0624374
test_08570,0.1683021
test_08571,0.0052606
test_08572,0.8057243
test_08573,0.9892438
test_08574,0.0107178
test_08575,0.9536663
test_08576,0.6676999
test_08577,0.9926881
test_08578,0.0080619
test_08579,0.8542973
test_08580,0.9596033
test_08581,0.9791689
test_08582,0.0857804
test_08583,0.0103727
test_08584,0.0202665
test_08585,0.1221569
test_08586,0.8333575
test_08587,0.0093018
test_08588,0.9860788
test_08589,0.6855768
test_08590,0.9879169
test_08591,0.0103901
test_08592,0.9278178
test_08593,0.0377660
test_08594,0.0122033
test_08595,0.9225036
test_08596,0.9907116
test_08597,0.0930853
test_08598,0.9694862
test_08599,0.3580887
test_08600,0.9829233
test_08601,0.9963154
test_08602,0.9854524
test_08603,0.8725508
test_08604,0.9987228
test_08605,0.3627065
test_08606,0.9581938
test_08607,0.9530393
test_08608,0.2831308
test_08609,0.2150226
test_08610,0.8585451
test_08611,0.0685547
test_08612,0.7798873
test_08613,0.2381355
test_08614,0.9759071
test_08615,0.0429317
test_08616,0.9789860
test_08617,0.1913911
test_08618,0.0188319
test_08619,0.9862598
test_08620,0.9934208
test_08621,0.9967820
test_08622,0.9945915
test_08623,0.0031926
test_08624,0.4349092
test_08625,0.9886962
test_08626,0.0271780
test_08627,0.2729612
test_08628,0.9973322
test_08629,0.0622136
test_08630,0.9969373
test_08631,0.0471886
test_08632,0.1296614
test_08633,0.8389489
test_08634,0.9938217
test_08635,0.7412043
test_08636,0.4367372
test_08637,0.9782572
test_08638,0.9821407
test_08639,0.0258905
test_08640,0.0050712
test_08641,0.4083644
test_08642,0.9357443
test_08643,0.1444923
test_08644,0.9675004
test_08645,0.0108723
test_08646,0.0388584
test_08647,0.0016253
test_08648,0.0256622
test_08649,0.7767770
test_08650,0.9869459
test_08651,0.9099219
test_08652,0.9482808
test_08653,0.7769812
test_08654,0.0028729
test_08655,0.6148310
test_08656,0.1162564
test_08657,0.9884603
test_08658,0.9709589
test_08659,0.0245331
test_08660,0.0437047
test_08661,0.5832447
test_08662,0.0095165
test_08663,0.0059673
test_08664,0.0124731
test_08665,0.0008955
test_08666,0.9849081
test_08667,0.9929554
test_08668,0.9805717
test_08669,0.9729242
test_08670,0.9552537
test_08671,0.8329976
test_08672,0.9920281
test_08673,0.9916432
test_08674,0.9959817
test_08675,0.0073102
test_08676,0.5758094
test_08677,0.5165193
test_08678,0.8941724
test_08679,0.9827915
test_08680,0.9654214
test_08681,0.3275489
test_08682,0.0871364
test_08683,0.7507795
test_08684,0.0440805
test_08685,0.9703445
test_08686,0.9893745
test_08687,0.0182400
test_08688,0.9854364
test_08689,0.9859905
test_08690,0.1764013
test_08691,0.9075102
test_08692,0.9882867
test_08693,0.0093237
test_08694,0.0118089
test_08695,0.9673078
test_08696,0.0082540
test_08697,0.0024372
test_08698,0.6461241
test_08699,0.1539964
test_08700,0.9024169
test_08701,0.8026385
test_08702,0.0639196
test_08703,0.1581106
test_08704,0.0354373
test_08705,0.0936137
test_08706,0.2318152
test_08707,0.9935260
test_08708,0.3138736
test_08709,0.9445777
test_08710,0.0018058
test_08711,0.9771370
test_08712,0.0403233
test_08713,0.9971861
test_08714,0.9951171
test_08715,0.0064812
test_08716,0.9567253
test_08717,0.2001050
test_08718,0.2417617
test_08719,0.9860485
test_08720,0.8276619
test_08721,0.9500741
test_08722,0.7337989
test_08723,0.9808979
test_08724,0.0033317
test_08725,0.5389663
test_08726,0.9222971
test_08727,0.0129589
test_08728,0.0030768
test_08729,0.9848368
test_08730,0.0361322
test_08731,0.9978273
test_08732,0.4035572
test_08733,0.0789821
test_08734,0.9671527
test_08735,0.2707569
test_08736,0.9805198
test_08737,0.0022737
test_08738,0.4251827
test_08739,0.0096366
test_08740,0.0087157
test_08741,0.1578869
test_08742,0.8681643
test_08743,0.0417314
test_08744,0.4580027
test_08745,0.9848644
test_08746,0.0072148
test_08747,0.9389521
test_08748,0.0212478
test_08749,0.0485466
test_08750,0.8678483
test_08751,0.0137859
test_08752,0.0698520
test_08753,0.9918373
test_08754,0.0027835
test_08755,0.9332784
test_08756,0.9721199
test_08757,0.3905087
test_08758,0.0046396
test_08759,0.0009730
test_08760,0.0221239
test_08761,0.3929647
test_08762,0.9631023
test_08763,0.1103073
test_08764,0.8925198
test_08765,0.0064294
test_08766,0.9986241
test_08767,0.0031650
test_08768,0.9903946
test_08769,0.0200004
test_08770,0.9437024
test_08771,0.4847260
test_08772,0.0170507
test_08773,0.0108952
test_08774,0.0017777
test_08775,0.9605448
test_08776,0.9935940
test_08777,0.0103228
test_08778,0.9567572
test_08779,0.4070269
test_08780,0.5397844
test_08781,0.9725577
test_08782,0.7139912
test_08783,0.9990527
test_08784,0.9120806
test_08785,0.1332181
test_08786,0.3864615
test_08787,0.1977026
test_08788,0.2822123
test_08789,0.6105318
test_08790,0.0044572
test_08791,0.2008120
test_08792,0.0050404
test_08793,0.0075047
test_08794,0.0119517
test_08795,0.8627074
test_08796,0.9422881
test_08797,0.7767885
test_08798,0.9781843
test_08799,0.9908411
test_08800,0.9810110
test_08801,0.9977313
test_08802,0.9829132
test_08803,0.9881416
test_08804,0.0300229
test_08805,0.9892858
test_08806,0.8418044
test_08807,0.0174394
test_08808,0.9816899
test_08809,0.9789460
test_08810,0.0040503
test_08811,0.9890709
test_08812,0.1965176
test_08813,0.9883541
test_08814,0.0074698
test_08815,0.0019252
test_08816,0.0194298
test_08817,0.9756017
test_08818,0.0194067
test_08819,0.9609388
test_08820,0.4914134
test_08821,0.0770663
test_08822,0.8225157
test_08823,0.2787283
test_08824,0.5371535
test_08825,0.9794055
test_08826,0.0053254
test_08827,0.9976426
test_08828,0.9546100
test_08829,0.0287920
test_08830,0.9817175
test_08831,0.5510908
test_08832,0.3748072
test_08833,0.9939293
test_08834,0.5268534
test_08835,0.9819093
test_08836,0.4480220
test_08837,0.9774793
test_08838,0.6522322
test_08839,0.8127776
test_08840,0.9791523
test_08841,0.8299515
test_08842,0.0370313
test_08843,0.8113881
test_08844,0.0318540
test_08845,0.0053721
test_08846,0.5441037
test_08847,0.9584185
test_08848,0.0025937
test_08849,0.0286992
test_08850,0.9946474
test_08851,0.0153950
test_08852,0.0369289
test_08853,0.9675148
test_08854,0.9713083
test_08855,0.7450930
test_08856,0.3864926
test_08857,0.9665827
test_08858,0.9939436
test_08859,0.0877294
test_08860,0.9898812
test_08861,0.8950284
test_08862,0.0443445
test_08863,0.1417706
test_08864,0.0586796
test_08865,0.1002971
test_08866,0.9885273
test_08867,0.9613059
test_08868,0.0125357
test_08869,0.9294512
test_08870,0.9881183
test_08871,0.9430010
test_08872,0.1172823
test_08873,0.8859745
test_08874,0.0036028
test_08875,0.9929600
test_08876,0.9173019
test_08877,0.9580251
test_08878,0.7520875
test_08879,0.9816077
test_08880,0.9624588
test_08881,0.9967073
test_08882,0.0339493
test_08883,0.0600198
test_08884,0.9992533
test_08885,0.0050420
test_08886,0.0174007
test_08887,0.0105561
test_08888,0.3804097
test_08889,0.9942404
test_08890,0.4828559
test_08891,0.3123707
test_08892,0.7333212
test_08893,0.0907191
test_08894,0.9860440
test_08895,0.0209835
test_08896,0.9990554
test_08897,0.0007041
test_08898,0.9245170
test_08899,0.0220963
test_08900,0.9945333
test_08901,0.9765549
test_08902,0.9855088
test_08903,0.9774110
test_08904,0.9967016
test_08905,0.9865987
test_08906,0.9610956
test_08907,0.9693202
test_08908,0.9757745
test_08909,0.1343519
test_08910,0.0214602
test_08911,0.9942622
test_08912,0.0134594
test_08913,0.0091725
test_08914,0.2289269
test_08915,0.3073201
test_08916,0.9960387
test_08917,0.9894793
test_08918,0.9923979
test_08919,0.8577110
test_08920,0.0024146
test_08921,0.6971512
test_08922,0.0300585
test_08923,0.8182009
test_08924,0.5086954
test_08925,0.8994475
test_08926,0.0019117
test_08927,0.4381100
test_08928,0.3164354
test_08929,0.9950563
test_08930,0.9973050
test_08931,0.0594994
test_08932,0.2732562
test_08933,0.9899463
test_08934,0.2420420
test_08935,0.9812592
test_08936,0.9835217
test_08937,0.8937714
test_08938,0.9680090
test_08939,0.0032113
test_08940,0.0356932
test_08941,0.0879783
test_08942,0.4427268
test_08943,0.7364688
test_08944,0.9763156
test_08945,0.9992069
test_08946,0.9720887
test_08947,0.8972811
test_08948,0.8962680
test_08949,0.0533621
test_08950,0.2572013
test_08951,0.9917310
test_08952,0.9645301
test_08953,0.9851556
test_08954,0.9415839
test_08955,0.9912124
test_08956,0.9782754
test_08957,0.0111445
test_08958,0.0312977
test_08959,0.0088404
test_08960,0.3292051
test_08961,0.1592424
test_08962,0.0242636
test_08963,0.0229604
test_08964,0.0205236
test_08965,0.0122004
test_08966,0.9764833
test_08967,0.0116178
test_08968,0.7203234
test_08969,0.0030857
test_08970,0.9975824
test_08971,0.0209675
test_08972,0.0031831
test_08973,0.9548071
test_08974,0.0506943
test_08975,0.2633362
test_08976,0.0421603
test_08977,0.9347817
test_08978,0.2470733
test_08979,0.9982938
test_08980,0.9771731
test_08981,0.9926288
test_08982,0.9954522
test_08983,0.7447135
test_08984,0.0664944
test_08985,0.0169894
test_08986,0.9768359
test_08987,0.0036491
test_08988,0.0076428
test_08989,0.9549462
test_08990,0.4898902
test_08991,0.3283453
test_08992,0.0240251
test_08993,0.4716672
test_08994,0.5565431
test_08995,0.0051058
test_08996,0.9535999
test_08997,0.9491305
test_08998,0.9418969
test_08999,0.9348630
test_09000,0.8419249
test_09001,0.9736765
test_09002,0.0057215
test_09003,0.7702867
test_09004,0.0388315
test_09005,0.9583134
test_09006,0.9657055
test_09007,0.9834782
test_09008,0.1451226
test_09009,0.9287131
test_09010,0.9768447
test_09011,0.0063527
test_09012,0.9654328
test_09013,0.9609225
test_09014,0.0017975
test_09015,0.8983110
test_09016,0.9548731
test_09017,0.6943090
test_09018,0.8999296
test_09019,0.9892305
test_09020,0.0285241
test_09021,0.5461345
test_09022,0.9819251
test_09023,0.1288171
test_09024,0.9902716
test_09025,0.9779424
test_09026,0.9862328
test_09027,0.9846914
test_09028,0.1130638
test_09029,0.1909151
test_09030,0.8318303
test_09031,0.0458994
test_09032,0.7134881
test_09033,0.4576570
test_09034,0.0010960
test_09035,0.0126385
test_09036,0.1243401
test_09037,0.0064786
test_09038,0.0158350
test_09039,0.0115562
test_09040,0.9486051
test_09041,0.2702278
test_09042,0.9837185
test_09043,0.0130795
test_09044,0.9654054
test_09045,0.0143185
test_09046,0.9982173
test_09047,0.0451157
test_09048,0.0143278
test_09049,0.9935901
test_09050,0.0109489
test_09051,0.9465021
test_09052,0.9841661
test_09053,0.9877477
test_09054,0.9624433
test_09055,0.0160243
test_09056,0.0968476
test_09057,0.2706534
test_09058,0.9883521
test_09059,0.0877887
test_09060,0.9989521
test_09061,0.0337321
test_09062,0.0403576
test_09063,0.9906261
test_09064,0.0198023
test_09065,0.9466605
test_09066,0.5121943
test_09067,0.9977121
test_09068,0.1494328
test_09069,0.0194832
test_09070,0.0255161
test_09071,0.4035420
test_09072,0.9923540
test_09073,0.8490742
test_09074,0.9918944
test_09075,0.1398153
test_09076,0.2404666
test_09077,0.9588628
test_09078,0.9976273
test_09079,0.9886473
test_09080,0.9925194
test_09081,0.5345703
test_09082,0.0329436
test_09083,0.9906289
test_09084,0.1191252
test_09085,0.9289858
test_09086,0.9960653
test_09087,0.0519875
test_09088,0.0050075
test_09089,0.9657332
test_09090,0.4920999
test_09091,0.0103061
test_09092,0.0192530
test_09093,0.3327141
test_09094,0.9010954
test_09095,0.9751734
test_09096,0.0141111
test_09097,0.0850300
test_09098,0.6205536
test_09099,0.1602204
test_09100,0.1796144
test_09101,0.3929359
test_09102,0.0130738
test_09103,0.0502236
test_09104,0.9884676
test_09105,0.0179046
test_09106,0.4048648
test_09107,0.0021837
test_09108,0.9847755
test_09109,0.0010757
test_09110,0.9836838
test_09111,0.8260950
test_09112,0.9907063
test_09113,0.9784994
test_09114,0.0108386
test_09115,0.0255898
test_09116,0.9942105
test_09117,0.1074139
test_09118,0.6698785
test_09119,0.0415095
test_09120,0.9950244
test_09121,0.9083468
test_09122,0.9365252
test_09123,0.0081444
test_09124,0.8173974
test_09125,0.9935092
test_09126,0.0061592
test_09127,0.9218827
test_09128,0.0036401
test_09129,0.0043722
test_09130,0.0018209
test_09131,0.0563860
test_09132,0.2314579
test_09133,0.0104804
test_09134,0.0351672
test_09135,0.9969057
test_09136,0.9931384
test_09137,0.9893051
test_09138,0.9644430
test_09139,0.0343805
test_09140,0.9889074
test_09141,0.0177169
test_09142,0.0053986
test_09143,0.1302040
test_09144,0.9681873
test_09145,0.9880667
test_09146,0.0006364
test_09147,0.9609315
test_09148,0.0032114
test_09149,0.9935988
test_09150,0.0611851
test_09151,0.0636548
test_09152,0.0188853
test_09153,0.5348898
test_09154,0.9976230
test_09155,0.3076286
test_09156,0.3163050
test_09157,0.0078372
test_09158,0.8103958
test_09159,0.0349423
test_09160,0.9341916
test_09161,0.9460008
test_09162,0.0135609
test_09163,0.9810598
test_09164,0.0310912
test_09165,0.0036159
test_09166,0.9706162
test_09167,0.0292483
test_09168,0.9479307
test_09169,0.9780093
test_09170,0.5483697
test_09171,0.4203984
test_09172,0.5738010
test_09173,0.9047015
test_09174,0.0232300
test_09175,0.0053041
test_09176,0.0875077
test_09177,0.3823465
test_09178,0.9906683
test_09179,0.0120680
test_09180,0.0413182
test_09181,0.0461502
test_09182,0.9984051
test_09183,0.0016369
test_09184,0.0074270
test_09185,0.0216831
test_09186,0.0073598
test_09187,0.9937585
test_09188,0.0050936
test_09189,0.1394868
test_09190,0.9923378
test_09191,0.7379951
test_09192,0.0062929
test_09193,0.7655107
test_09194,0.0047611
test_09195,0.9686887
test_09196,0.9962271
test_09197,0.8715857
test_09198,0.0072596
test_09199,0.9801455
test_09200,0.0014407
test_09201,0.0093462
test_09202,0.0179964
test_09203,0.9987893
test_09204,0.9577250
test_09205,0.7058995
test_09206,0.5464317
test_09207,0.0052634
test_09208,0.4167094
test_09209,0.0381538
test_09210,0.3202696
test_09211,0.9795672
test_09212,0.0017903
test_09213,0.9824363
test_09214,0.9205417
test_09215,0.2593844
test_09216,0.0085456
test_09217,0.6998535
test_09218,0.6645989
test_09219,0.9900553
test_09220,0.9775032
test_09221,0.7994584
test_09222,0.1382185
test_09223,0.5347828
test_09224,0.9907150
test_09225,0.9953849
test_09226,0.9975821
test_09227,0.0015758
test_09228,0.0249889
test_09229,0.0181381
test_09230,0.7723078
test_09231,0.9942269
test_09232,0.0088553
test_09233,0.0115694
test_09234,0.9772884
test_09235,0.0414184
test_09236,0.4556352
test_09237,0.8553306
test_09238,0.9973834
test_09239,0.4163264
test_09240,0.0520295
test_09241,0.0124116
test_09242,0.9864463
test_09243,0.0013993
test_09244,0.3558759
test_09245,0.9868849
test_09246,0.6477275
test_09247,0.0411848
test_09248,0.7314323
test_09249,0.9628239
test_09250,0.0089954
test_09251,0.0291373
test_09252,0.0017768
test_09253,0.9996143
test_09254,0.2814310
test_09255,0.6633090
test_09256,0.9242756
test_09257,0.0983706
test_09258,0.0499045
test_09259,0.9861507
test_09260,0.1342968
test_09261,0.0178383
test_09262,0.9702064
test_09263,0.1705037
test_09264,0.5042669
test_09265,0.2126458
test_09266,0.9734505
test_09267,0.9804103
test_09268,0.9888149
test_09269,0.0111090
test_09270,0.0277428
test_09271,0.9515277
test_09272,0.9976680
test_09273,0.9946736
test_09274,0.1352828
test_09275,0.0056506
test_09276,0.5542222
test_09277,0.9965290
test_09278,0.0438625
test_09279,0.1802989
test_09280,0.0404735
test_09281,0.5648472
test_09282,0.0294140
test_09283,0.0705843
test_09284,0.9970356
test_09285,0.0051164
test_09286,0.1803066
test_09287,0.9803785
test_09288,0.1436567
test_09289,0.9631663
test_09290,0.0334421
test_09291,0.6131508
test_09292,0.9629330
test_09293,0.0198901
test_09294,0.3541477
test_09295,0.2286414
test_09296,0.0098487
test_09297,0.8850610
test_09298,0.3799476
test_09299,0.0840079
test_09300,0.0034037
test_09301,0.0086440
test_09302,0.9116656
test_09303,0.9903186
test_09304,0.1572089
test_09305,0.9952520
test_09306,0.0149796
test_09307,0.0416011
test_09308,0.0007354
test_09309,0.9481435
test_09310,0.9924689
test_09311,0.0871820
test_09312,0.9974418
test_09313,0.1104475
test_09314,0.0030437
test_09315,0.0418248
test_09316,0.9592926
test_09317,0.9712017
test_09318,0.9501787
test_09319,0.4226415
test_09320,0.9528049
test_09321,0.9115567
test_09322,0.5094635
test_09323,0.9990573
test_09324,0.8953548
test_09325,0.9927487
test_09326,0.6482644
test_09327,0.0153541
test_09328,0.4792775
test_09329,0.0643491
test_09330,0.0098771
test_09331,0.9803008
test_09332,0.1682786
test_09333,0.5876488
test_09334,0.9301718
test_09335,0.0928881
test_09336,0.0373518
test_09337,0.1504337
test_09338,0.4165685
test_09339,0.0294108
test_09340,0.2511598
test_09341,0.2025204
test_09342,0.7501794
test_09343,0.0583103
test_09344,0.9828646
test_09345,0.6725706
test_09346,0.6226550
test_09347,0.1484818
test_09348,0.8089275
test_09349,0.0213255
test_09350,0.9898957
test_09351,0.9570206
test_09352,0.0088222
test_09353,0.0042836
test_09354,0.7473693
test_09355,0.9518163
test_09356,0.9734548
test_09357,0.9988328
test_09358,0.0021154
test_09359,0.0022951
test_09360,0.3139545
test_09361,0.1178385
test_09362,0.0039562
test_09363,0.9660127
test_09364,0.0026075
test_09365,0.0127780
test_09366,0.9225315
test_09367,0.4708216
test_09368,0.8196704
test_09369,0.4244903
test_09370,0.0044996
test_09371,0.0257469
test_09372,0.9986454
test_09373,0.0372528
test_09374,0.9869038
test_09375,0.0300572
test_09376,0.0230171
test_09377,0.7217377
test_09378,0.9296561
test_09379,0.9868275
test_09380,0.0103443
test_09381,0.9508555
test_09382,0.9897733
test_09383,0.9480113
test_09384,0.1091937
test_09385,0.9932259
test_09386,0.9664618
test_09387,0.7255487
test_09388,0.8926345
test_09389,0.8826889
test_09390,0.6001477
test_09391,0.0266561
test_09392,0.0081429
test_09393,0.2593680
test_09394,0.9993939
test_09395,0.5576447
test_09396,0.8994169
test_09397,0.0139085
test_09398,0.9900827
test_09399,0.0123025
test_09400,0.4149044
test_09401,0.8793955
test_09402,0.9570825
test_09403,0.0106811
test_09404,0.9455806
test_09405,0.0426884
test_09406,0.5410646
test_09407,0.8662284
test_09408,0.0343641
test_09409,0.0841261
test_09410,0.9203527
test_09411,0.9861262
test_09412,0.9593695
test_09413,0.9911222
test_09414,0.0078258
test_09415,0.9682739
test_09416,0.9940180
test_09417,0.1110666
test_09418,0.9919567
test_09419,0.1370679
test_09420,0.9954958
test_09421,0.0331184
test_09422,0.0659585
test_09423,0.0293754
test_09424,0.9938095
test_09425,0.2934362
test_09426,0.8575017
test_09427,0.2004839
test_09428,0.0164683
test_09429,0.9542814
test_09430,0.5463278
test_09431,0.9917381
test_09432,0.0712760
test_09433,0.7728419
test_09434,0.9176142
test_09435,0.5846024
test_09436,0.0038436
test_09437,0.0903685
test_09438,0.8102567
test_09439,0.0312349
test_09440,0.9836387
test_09441,0.0046374
test_09442,0.0231314
test_09443,0.9774351
test_09444,0.8737198
test_09445,0.3415121
test_09446,0.2783388
test_09447,0.0880083
test_09448,0.9708533
test_09449,0.9901228
test_09450,0.9798526
test_09451,0.0053673
test_09452,0.9954260
test_09453,0.9644936
test_09454,0.4700951
test_09455,0.9939387
test_09456,0.9755211
test_09457,0.0288053
test_09458,0.0146322
test_09459,0.9983563
test_09460,0.9972697
test_09461,0.9803274
test_09462,0.0268472
test_09463,0.0356194
test_09464,0.1055982
test_09465,0.9970886
test_09466,0.4279936
test_09467,0.9806907
test_09468,0.1673537
test_09469,0.1194405
test_09470,0.9777991
test_09471,0.1574080
test_09472,0.9983287
test_09473,0.0959930
test_09474,0.0253766
test_09475,0.9963924
test_09476,0.6541436
test_09477,0.2466012
test_09478,0.0175356
test_09479,0.5685279
test_09480,0.0699648
test_09481,0.2000974
test_09482,0.0709094
test_09483,0.9385946
test_09484,0.0248055
test_09485,0.1228186
test_09486,0.1752248
test_09487,0.9924560
test_09488,0.0072239
test_09489,0.9828232
test_09490,0.0147200
test_09491,0.0393143
test_09492,0.9990355
test_09493,0.0277838
test_09494,0.5923037
test_09495,0.0555034
test_09496,0.0214635
test_09497,0.0078717
test_09498,0.9917877
test_09499,0.6883076
test_09500,0.9961038
test_09501,0.9627603
test_09502,0.2986612
test_09503,0.9032651
test_09504,0.1659566
test_09505,0.9907486
test_09506,0.6963223
test_09507,0.9828007
test_09508,0.9327493
test_09509,0.0056332
test_09510,0.4383892
test_09511,0.1755895
test_09512,0.0177120
test_09513,0.4430007
test_09514,0.9557806
test_09515,0.0067331
test_09516,0.2553869
test_09517,0.9482378
test_09518,0.0267531
test_09519,0.9824203
test_09520,0.6380243
test_09521,0.9712644
test_09522,0.0196233
test_09523,0.0881178
test_09524,0.8518799
test_09525,0.9039934
test_09526,0.9951257
test_09527,0.0904983
test_09528,0.0630094
test_09529,0.9782807
test_09530,0.0080571
test_09531,0.0401956
test_09532,0.4821451
test_09533,0.9815639
test_09534,0.9902622
test_09535,0.0122039
test_09536,0.0043969
test_09537,0.9968132
test_09538,0.2615426
test_09539,0.9783541
test_09540,0.0097087
test_09541,0.0176464
test_09542,0.0458897
test_09543,0.9832373
test_09544,0.9987167
test_09545,0.8472714
test_09546,0.0201114
test_09547,0.0009020
test_09548,0.0150360
test_09549,0.9842077
test_09550,0.2830408
test_09551,0.0139395
test_09552,0.9377285
test_09553,0.0097176
test_09554,0.0136408
test_09555,0.0050260
test_09556,0.1538986
test_09557,0.4915898
test_09558,0.0770985
test_09559,0.8410705
test_09560,0.4306450
test_09561,0.0809531
test_09562,0.9752706
test_09563,0.0338481
test_09564,0.9438264
test_09565,0.9982811
test_09566,0.0631631
test_09567,0.8102602
test_09568,0.9959590
test_09569,0.0195663
test_09570,0.0322536
test_09571,0.2741299
test_09572,0.1620887
test_09573,0.9897370
test_09574,0.9990940
test_09575,0.2462167
test_09576,0.0308107
test_09577,0.0053511
test_09578,0.0299162
test_09579,0.9944062
test_09580,0.0138664
test_09581,0.9925765
test_09582,0.9390613
test_09583,0.0146809
test_09584,0.9708030
test_09585,0.3293987
test_09586,0.8612005
test_09587,0.0074403
test_09588,0.8662550
test_09589,0.9782677
test_09590,0.8349122
test_09591,0.9883490
test_09592,0.8330497
test_09593,0.0114919
test_09594,0.9912384
test_09595,0.9704854
test_09596,0.9512831
test_09597,0.7925124
test_09598,0.9401119
test_09599,0.0665359
test_09600,0.0017855
test_09601,0.8244181
test_09602,0.0275073
test_09603,0.0371791
test_09604,0.0476742
test_09605,0.9324720
test_09606,0.9232872
test_09607,0.1180553
test_09608,0.1242382
test_09609,0.9557990
test_09610,0.9100491
test_09611,0.0310760
test_09612,0.9898459
test_09613,0.0090203
test_09614,0.1229808
test_09615,0.0193103
test_09616,0.0103584
test_09617,0.9972559
test_09618,0.0207498
test_09619,0.1636408
test_09620,0.9958356
test_09621,0.9994579
test_09622,0.3775132
test_09623,0.9955317
test_09624,0.0264703
test_09625,0.9976206
test_09626,0.9680611
test_09627,0.1655520
test_09628,0.0315345
test_09629,0.9684385
test_09630,0.9853451
test_09631,0.0046393
test_09632,0.0048023
test_09633,0.9132348
test_09634,0.5236939
test_09635,0.8303965
test_09636,0.1517650
test_09637,0.0788358
test_09638,0.0014147
test_09639,0.9367552
test_09640,0.0078731
test_09641,0.0123197
test_09642,0.2688299
test_09643,0.9911962
test_09644,0.0181814
test_09645,0.7698559
test_09646,0.0264498
test_09647,0.0215759
test_09648,0.9665785
test_09649,0.1885947
test_09650,0.2099627
test_09651,0.0204442
test_09652,0.8166903
test_09653,0.9651027
test_09654,0.0106526
test_09655,0.8731036
test_09656,0.9806100
test_09657,0.0092912
test_09658,0.0780036
test_09659,0.9704930
test_09660,0.9790274
test_09661,0.9957756
test_09662,0.0329168
test_09663,0.9949956
test_09664,0.8278883
test_09665,0.0305111
test_09666,0.9665027
test_09667,0.0363906
test_09668,0.0028170
test_09669,0.9877491
test_09670,0.0050672
test_09671,0.1053582
test_09672,0.9926621
test_09673,0.0128160
test_09674,0.0179556
test_09675,0.0325833
test_09676,0.9844884
test_09677,0.0363867
test_09678,0.9584493
test_09679,0.1281810
test_09680,0.8560488
test_09681,0.9710041
test_09682,0.0308422
test_09683,0.0850029
test_09684,0.9819590
test_09685,0.0379024
test_09686,0.0224633
test_09687,0.0056564
test_09688,0.6159981
test_09689,0.0026420
test_09690,0.9940397
test_09691,0.9926706
test_09692,0.8616335
test_09693,0.0791407
test_09694,0.9629468
test_09695,0.0133202
test_09696,0.0029874
test_09697,0.9883352
test_09698,0.9918280
test_09699,0.7512996
test_09700,0.8779082
test_09701,0.2315155
test_09702,0.9935464
test_09703,0.5198222
test_09704,0.9789183
test_09705,0.9754527
test_09706,0.5011404
test_09707,0.9712591
test_09708,0.5752380
test_09709,0.0152459
test_09710,0.0353868
test_09711,0.2685847
test_09712,0.0116271
test_09713,0.9786461
test_09714,0.4660959
test_09715,0.0167869
test_09716,0.2468719
test_09717,0.9874104
test_09718,0.9131201
test_09719,0.0133651
test_09720,0.4446840
test_09721,0.0187839
test_09722,0.0333624
test_09723,0.9196559
test_09724,0.1146005
test_09725,0.9836519
test_09726,0.0142559
test_09727,0.9942102
test_09728,0.0072921
test_09729,0.0096354
test_09730,0.9977771
test_09731,0.0186799
test_09732,0.0997106
test_09733,0.0319633
test_09734,0.1851647
test_09735,0.0106918
test_09736,0.0247153
test_09737,0.9894969
test_09738,0.0030732
test_09739,0.0146434
test_09740,0.0033780
test_09741,0.0008077
test_09742,0.0198886
test_09743,0.9825972
test_09744,0.9967589
test_09745,0.9856007
test_09746,0.9869197
test_09747,0.9887970
test_09748,0.3031295
test_09749,0.9191166
test_09750,0.8993322
test_09751,0.8252946
test_09752,0.9497451
test_09753,0.9881657
test_09754,0.0330565
test_09755,0.3756475
test_09756,0.9419777
test_09757,0.9928000
test_09758,0.9174352
test_09759,0.9969316
test_09760,0.0100981
test_09761,0.2272837
test_09762,0.0034427
test_09763,0.9882370
test_09764,0.0076998
test_09765,0.0151298
test_09766,0.0103914
test_09767,0.0139307
test_09768,0.9830782
test_09769,0.0026146
test_09770,0.0953138
test_09771,0.8345614
test_09772,0.6318929
test_09773,0.9621086
test_09774,0.0113371
test_09775,0.3910482
test_09776,0.9678776
test_09777,0.9395155
test_09778,0.0009338
test_09779,0.9422452
test_09780,0.0799218
test_09781,0.2331399
test_09782,0.9986853
test_09783,0.9888877
test_09784,0.0102062
test_09785,0.9941691
test_09786,0.0674887
test_09787,0.5722048
test_09788,0.9606247
test_09789,0.9380686
test_09790,0.0584008
test_09791,0.9778540
test_09792,0.6134714
test_09793,0.9789964
test_09794,0.0095773
test_09795,0.0419860
test_09796,0.0304009
test_09797,0.1174778
test_09798,0.9945601
test_09799,0.8684298
test_09800,0.7790161
test_09801,0.0155218
test_09802,0.9973170
test_09803,0.9919246
test_09804,0.9604535
test_09805,0.9472935
test_09806,0.9821673
test_09807,0.9918183
test_09808,0.9961248
test_09809,0.0414877
test_09810,0.7697499
test_09811,0.0261177
test_09812,0.5790536
test_09813,0.0074634
test_09814,0.9454657
test_09815,0.0553410
test_09816,0.0629236
test_09817,0.0071563
test_09818,0.9850432
test_09819,0.9872953
test_09820,0.9976053
test_09821,0.0279231
test_09822,0.9966550
test_09823,0.9976490
test_09824,0.9832152
test_09825,0.9882818
test_09826,0.9714005
test_09827,0.8745033
test_09828,0.9918838
test_09829,0.2507660
test_09830,0.9965174
test_09831,0.9581862
test_09832,0.9977666
test_09833,0.9939350
test_09834,0.9757944
test_09835,0.0090160
test_09836,0.9954280
test_09837,0.9966109
test_09838,0.9855133
test_09839,0.9672305
test_09840,0.0835320
test_09841,0.9858199
test_09842,0.0132542
test_09843,0.0075853
test_09844,0.0350763
test_09845,0.9071141
test_09846,0.9832898
test_09847,0.0107301
test_09848,0.0329238
test_09849,0.9932613
test_09850,0.9962566
test_09851,0.9725916
test_09852,0.9825858
test_09853,0.9969634
test_09854,0.0638420
test_09855,0.0872876
test_09856,0.0276491
test_09857,0.9385602
test_09858,0.6016641
test_09859,0.0304566
test_09860,0.0101868
test_09861,0.9750547
test_09862,0.0672250
test_09863,0.9653748
test_09864,0.9316578
test_09865,0.3463402
test_09866,0.0221311
test_09867,0.0007296
test_09868,0.9775235
test_09869,0.9723095
test_09870,0.4861559
test_09871,0.0243297
test_09872,0.0679751
test_09873,0.9957460
test_09874,0.0404855
test_09875,0.9961187
test_09876,0.9959247
test_09877,0.0217086
test_09878,0.0060942
test_09879,0.0172033
test_09880,0.0224966
test_09881,0.9594741
test_09882,0.0172221
test_09883,0.0234971
test_09884,0.9906307
test_09885,0.9958461
test_09886,0.9754838
test_09887,0.0371362
test_09888,0.0013810
test_09889,0.9913594
test_09890,0.0530471
test_09891,0.0909303
test_09892,0.9983788
test_09893,0.0050757
test_09894,0.9891487
test_09895,0.0080794
test_09896,0.1318014
test_09897,0.9813204
test_09898,0.8364255
test_09899,0.9903128
test_09900,0.0007235
test_09901,0.0173724
test_09902,0.9617907
test_09903,0.0358989
test_09904,0.0863302
test_09905,0.8933111
test_09906,0.8035514
test_09907,0.9947122
test_09908,0.0337269
test_09909,0.0954801
test_09910,0.0244869
test_09911,0.9034625
test_09912,0.7732162
test_09913,0.0844869
test_09914,0.0965779
test_09915,0.0259211
test_09916,0.9927258
test_09917,0.2560207
test_09918,0.4257565
test_09919,0.0050003
test_09920,0.0012224
test_09921,0.9414057
test_09922,0.0014165
test_09923,0.3344759
test_09924,0.9757762
test_09925,0.9626552
test_09926,0.9925063
test_09927,0.0160720
test_09928,0.0333297
test_09929,0.9946145
test_09930,0.9982606
test_09931,0.9503976
test_09932,0.9843582
test_09933,0.0761479
test_09934,0.0548999
test_09935,0.4829328
test_09936,0.9735256
test_09937,0.9970535
test_09938,0.9603357
test_09939,0.0217827
test_09940,0.7929379
test_09941,0.9754736
test_09942,0.3409144
test_09943,0.9998195
test_09944,0.9672309
test_09945,0.9942529
test_09946,0.0061036
test_09947,0.9050059
test_09948,0.9880383
test_09949,0.0174942
test_09950,0.2264115
test_09951,0.9974312
test_09952,0.1017102
test_09953,0.0155276
test_09954,0.0054009
test_09955,0.0187370
test_09956,0.9705541
test_09957,0.4434629
test_09958,0.9417912
test_09959,0.8608321
test_09960,0.9198789
test_09961,0.3923288
test_09962,0.9859442
test_09963,0.9834284
test_09964,0.1900133
test_09965,0.3032531
test_09966,0.6391879
test_09967,0.0431755
test_09968,0.0068726
test_09969,0.8941757
test_09970,0.0418234
test_09971,0.0053980
test_09972,0.8902457
test_09973,0.8115124
test_09974,0.9629272
test_09975,0.0290209
test_09976,0.9823531
test_09977,0.0030881
test_09978,0.7060243
test_09979,0.8786012
test_09980,0.1441457
test_09981,0.8964027
test_09982,0.9990938
test_09983,0.9879976
test_09984,0.0082781
test_09985,0.0041428
test_09986,0.9949992
test_09987,0.0196280
test_09988,0.9894524
test_09989,0.9835265
test_09990,0.0096168
test_09991,0.9956432
test_09992,0.0160802
test_09993,0.0021835
test_09994,0.9989275
test_09995,0.9970173
test_09996,0.9953223
test_09997,0.7174419
test_09998,0.0063833
test_09999,0.9932944
test_10000,0.6328649
test_10001,0.9739794
test_10002,0.9988075
test_10003,0.5205734
test_10004,0.7214570
test_10005,0.0021337
test_10006,0.9806676
test_10007,0.7550384
test_10008,0.7086720
test_10009,0.0079401
test_10010,0.9739901
test_10011,0.9285139
test_10012,0.0227816
test_10013,0.0153564
test_10014,0.0137995
test_10015,0.3042763
test_10016,0.1035450
test_10017,0.2711161
test_10018,0.9690003
test_10019,0.0087597
test_10020,0.2557999
test_10021,0.5863221
test_10022,0.3966139
test_10023,0.0090391
test_10024,0.6499582
test_10025,0.0672587
test_10026,0.8994098
test_10027,0.0199075
test_10028,0.0072691
test_10029,0.9848810
test_10030,0.7784881
test_10031,0.0304105
test_10032,0.0056248
test_10033,0.0172111
test_10034,0.0979730
test_10035,0.3760397
test_10036,0.3161495
test_10037,0.9991095
test_10038,0.9574342
test_10039,0.0820754
test_10040,0.9257498
test_10041,0.8884677
test_10042,0.0307995
test_10043,0.7068797
test_10044,0.9948536
test_10045,0.2186430
test_10046,0.9826860
test_10047,0.4862102
test_10048,0.1157651
test_10049,0.9832175
test_10050,0.8007785
test_10051,0.9759583
test_10052,0.6777428
test_10053,0.0163290
test_10054,0.9954994
test_10055,0.0653462
test_10056,0.8283755
test_10057,0.9986923
test_10058,0.5526044
test_10059,0.7587470
test_10060,0.8042006
test_10061,0.0125330
test_10062,0.4188293
test_10063,0.8839092
test_10064,0.0092781
test_10065,0.0051844
test_10066,0.9976164
test_10067,0.9739768
test_10068,0.9808024
test_10069,0.0236127
test_10070,0.0291401
test_10071,0.9717847
test_10072,0.3848094
test_10073,0.1793863
test_10074,0.0006030
test_10075,0.9587484
test_10076,0.0049104
test_10077,0.9747009
test_10078,0.0187406
test_10079,0.9675121
test_10080,0.0012557
test_10081,0.0174128
test_10082,0.9996790
test_10083,0.9637044
test_10084,0.8992968
test_10085,0.4685205
test_10086,0.9590332
test_10087,0.9485947
test_10088,0.5390824
test_10089,0.0195129
test_10090,0.9465511
test_10091,0.9863899
test_10092,0.9847263
test_10093,0.8767928
test_10094,0.0103993
test_10095,0.9308575
test_10096,0.0073431
test_10097,0.9822034
test_10098,0.0046746
test_10099,0.0849795
test_10100,0.9951767
test_10101,0.9602652
test_10102,0.0471321
test_10103,0.0210658
test_10104,0.9524866
test_10105,0.9886304
test_10106,0.0054180
test_10107,0.0404314
test_10108,0.9771752
test_10109,0.0015482
test_10110,0.0623215
test_10111,0.0391443
test_10112,0.0061419
test_10113,0.9786134
test_10114,0.6777667
test_10115,0.0054203
test_10116,0.0067015
test_10117,0.1045337
test_10118,0.7408761
test_10119,0.9994808
test_10120,0.0264826
test_10121,0.8787618
test_10122,0.0253530
test_10123,0.0415378
test_10124,0.9869184
test_10125,0.0092472
test_10126,0.0196711
test_10127,0.0201559
test_10128,0.0124440
test_10129,0.9906880
test_10130,0.4397191
test_10131,0.0467048
test_10132,0.0781681
test_10133,0.0094684
test_10134,0.0187233
test_10135,0.0145705
test_10136,0.0478763
test_10137,0.0722286
test_10138,0.8596448
test_10139,0.0254802
test_10140,0.1321142
test_10141,0.0166404
test_10142,0.0386189
test_10143,0.0222584
test_10144,0.5690560
test_10145,0.0680525
test_10146,0.0105481
test_10147,0.9638921
test_10148,0.9657466
test_10149,0.0172589
test_10150,0.9928898
test_10151,0.0125891
test_10152,0.1229439
test_10153,0.9981344
test_10154,0.8921515
test_10155,0.0320311
test_10156,0.9734946
test_10157,0.8479385
test_10158,0.0327292
test_10159,0.0336147
test_10160,0.4119327
test_10161,0.5910747
test_10162,0.9997169
test_10163,0.9947528
test_10164,0.0609686
test_10165,0.0093808
test_10166,0.9922712
test_10167,0.9947768
test_10168,0.8507993
test_10169,0.9814611
test_10170,0.0020771
test_10171,0.0217588
test_10172,0.0299298
test_10173,0.9966458
test_10174,0.4904081
test_10175,0.1345265
test_10176,0.0070662
test_10177,0.0165515
test_10178,0.4130288
test_10179,0.0256126
test_10180,0.8650033
test_10181,0.0895597
test_10182,0.9820426
test_10183,0.0081341
test_10184,0.0121439
test_10185,0.9508091
test_10186,0.0202179
test_10187,0.9575618
test_10188,0.7887807
test_10189,0.9740044
test_10190,0.8600680
test_10191,0.0154674
test_10192,0.0384644
test_10193,0.7676854
test_10194,0.2438127
test_10195,0.9468449
test_10196,0.0013322
test_10197,0.9644714
test_10198,0.0102977
test_10199,0.4327350
test_10200,0.0208086
test_10201,0.0056189
test_10202,0.9938141
test_10203,0.9542158
test_10204,0.1568517
test_10205,0.7869762
test_10206,0.0558008
test_10207,0.0040192
test_10208,0.9150319
test_10209,0.9966280
test_10210,0.7227427
test_10211,0.0250821
test_10212,0.9987354
test_10213,0.0361916
test_10214,0.6824059
test_10215,0.0277217
test_10216,0.9807887
test_10217,0.9878462
test_10218,0.9789178
test_10219,0.9688506
test_10220,0.7376690
test_10221,0.0580999
test_10222,0.9949080
test_10223,0.5839032
test_10224,0.2824480
test_10225,0.0203502
test_10226,0.0112481
test_10227,0.0192812
test_10228,0.0090146
test_10229,0.0731209
test_10230,0.0417733
test_10231,0.9002876
test_10232,0.9958066
test_10233,0.9840884
test_10234,0.0824829
test_10235,0.5514373
test_10236,0.4134610
test_10237,0.9601747
test_10238,0.0647650
test_10239,0.5644813
test_10240,0.9504436
test_10241,0.0134114
test_10242,0.9871720
test_10243,0.9911348
test_10244,0.0367742
test_10245,0.3436884
test_10246,0.6523521
test_10247,0.6938332
test_10248,0.9872896
test_10249,0.0075043
test_10250,0.2584578
test_10251,0.9997389
test_10252,0.0155763
test_10253,0.9590061
test_10254,0.0145822
test_10255,0.0040147
test_10256,0.8518345
test_10257,0.0228749
test_10258,0.0320655
test_10259,0.0166900
test_10260,0.9674514
test_10261,0.9932860
test_10262,0.0887381
test_10263,0.9923887
test_10264,0.8874993
test_10265,0.0058470
test_10266,0.0177548
test_10267,0.9072663
test_10268,0.7255874
test_10269,0.1180881
test_10270,0.0048343
test_10271,0.0744630
test_10272,0.0343494
test_10273,0.8867202
test_10274,0.9911515
test_10275,0.9972163
test_10276,0.9084743
test_10277,0.8465022
test_10278,0.9774433
test_10279,0.5509754
test_10280,0.7325605
test_10281,0.0058642
test_10282,0.0185451
test_10283,0.0014051
test_10284,0.9974525
test_10285,0.9922666
test_10286,0.0163211
test_10287,0.0062723
test_10288,0.9912423
test_10289,0.9201080
test_10290,0.9885698
test_10291,0.9441461
test_10292,0.0575193
test_10293,0.9990922
test_10294,0.9338940
test_10295,0.9295700
test_10296,0.9711627
test_10297,0.0832339
test_10298,0.0072478
test_10299,0.0906425
test_10300,0.0208899
test_10301,0.0081260
test_10302,0.9973929
test_10303,0.9982266
test_10304,0.9804927
test_10305,0.8751060
test_10306,0.0071898
test_10307,0.0092708
test_10308,0.0031598
test_10309,0.5811030
test_10310,0.0443979
test_10311,0.1051373
test_10312,0.0301963
test_10313,0.0185483
test_10314,0.9533582
test_10315,0.0248515
test_10316,0.9848773
test_10317,0.0970910
test_10318,0.9921330
test_10319,0.6586555
test_10320,0.9853678
test_10321,0.9873247
test_10322,0.2568400
test_10323,0.1889878
test_10324,0.0041248
test_10325,0.9976408
test_10326,0.9782026
test_10327,0.8995231
test_10328,0.0026094
test_10329,0.9935567
test_10330,0.0536143
test_10331,0.9729137
test_10332,0.9807357
test_10333,0.7301054
test_10334,0.0254322
test_10335,0.0078093
test_10336,0.9824637
test_10337,0.0398554
test_10338,0.9881495
test_10339,0.9988441
test_10340,0.9478028
test_10341,0.0146733
test_10342,0.9866998
test_10343,0.3340870
test_10344,0.9745671
test_10345,0.0299463
test_10346,0.7915706
test_10347,0.8439250
test_10348,0.9822873
test_10349,0.0164769
test_10350,0.3880568
test_10351,0.0066899
test_10352,0.0120271
test_10353,0.0009798
test_10354,0.9988474
test_10355,0.5476505
test_10356,0.0022037
test_10357,0.0075039
test_10358,0.9941552
test_10359,0.0714636
test_10360,0.0020866
test_10361,0.9924854
test_10362,0.9780751
test_10363,0.7223803
test_10364,0.9768124
test_10365,0.1108331
test_10366,0.0435418
test_10367,0.0484758
test_10368,0.0435480
test_10369,0.8101578
test_10370,0.7814968
test_10371,0.9501294
test_10372,0.0052921
test_10373,0.7680326
test_10374,0.4191580
test_10375,0.2907457
test_10376,0.9859570
test_10377,0.0037899
test_10378,0.0161412
test_10379,0.0318435
test_10380,0.9959837
test_10381,0.3752435
test_10382,0.9920692
test_10383,0.9445209
test_10384,0.0075043
test_10385,0.0337429
test_10386,0.9854496
test_10387,0.9918192
test_10388,0.0087537
test_10389,0.0133730
test_10390,0.0045324
test_10391,0.0970158
test_10392,0.0155113
test_10393,0.1304983
test_10394,0.3285414
test_10395,0.9963754
test_10396,0.0289816
test_10397,0.0085282
test_10398,0.9266543
test_10399,0.0041363
test_10400,0.8797495
test_10401,0.0258665
test_10402,0.0573880
test_10403,0.0114009
test_10404,0.1937497
test_10405,0.3809315
test_10406,0.9921973
test_10407,0.9945395
test_10408,0.9862703
test_10409,0.0122408
test_10410,0.0117784
test_10411,0.9657624
test_10412,0.2356928
test_10413,0.0185920
test_10414,0.0311380
test_10415,0.8177879
test_10416,0.0401978
test_10417,0.9221978
test_10418,0.7936022
test_10419,0.9670236
test_10420,0.4330287
test_10421,0.9835992
test_10422,0.0162589
test_10423,0.9003034
test_10424,0.9980218
test_10425,0.0799005
test_10426,0.9301729
test_10427,0.9933404
test_10428,0.5058404
test_10429,0.0262411
test_10430,0.2615681
test_10431,0.0687896
test_10432,0.0343186
test_10433,0.6965465
test_10434,0.5181254
test_10435,0.0049734
test_10436,0.5483863
test_10437,0.0469438
test_10438,0.9899345
test_10439,0.0687997
test_10440,0.0457431
test_10441,0.3709773
test_10442,0.6078499
test_10443,0.9984539
test_10444,0.9702654
test_10445,0.1152048
test_10446,0.9925640
test_10447,0.9972152
test_10448,0.0086394
test_10449,0.9693564
test_10450,0.9983774
test_10451,0.9366496
test_10452,0.9745167
test_10453,0.9712105
test_10454,0.0083482
test_10455,0.0929670
test_10456,0.1468749
test_10457,0.9550217
test_10458,0.1818252
test_10459,0.0237531
test_10460,0.9711719
test_10461,0.9402184
test_10462,0.1876816
test_10463,0.0284055
test_10464,0.7398050
test_10465,0.0081228
test_10466,0.9875347
test_10467,0.9945953
test_10468,0.9923288
test_10469,0.1381601
test_10470,0.7155535
test_10471,0.2654137
test_10472,0.9744235
test_10473,0.9368193
test_10474,0.9917120
test_10475,0.9818758
test_10476,0.0008235
test_10477,0.8868235
test_10478,0.1116947
test_10479,0.9808947
test_10480,0.9926344
test_10481,0.0748074
test_10482,0.0217842
test_10483,0.8352153
test_10484,0.4039134
test_10485,0.0253191
test_10486,0.0495487
test_10487,0.9958242
test_10488,0.2798236
test_10489,0.5500184
test_10490,0.9973796
test_10491,0.0289037
test_10492,0.0472477
test_10493,0.9231578
test_10494,0.1737941
test_10495,0.9824314
test_10496,0.2774528
test_10497,0.0022844
test_10498,0.0029383
test_10499,0.9550807
test_10500,0.9935564
test_10501,0.6391748
test_10502,0.0056638
test_10503,0.4778533
test_10504,0.0229717
test_10505,0.8937394
test_10506,0.9928120
test_10507,0.0721729
test_10508,0.3576747
test_10509,0.9453781
test_10510,0.9911849
test_10511,0.0080312
test_10512,0.0124590
test_10513,0.9857084
test_10514,0.9849685
test_10515,0.0041144
test_10516,0.9903635
test_10517,0.9899538
test_10518,0.8046644
test_10519,0.2396659
test_10520,0.9984050
test_10521,0.9890962
test_10522,0.8553881
test_10523,0.9994291
test_10524,0.9938546
test_10525,0.7270896
test_10526,0.9897567
test_10527,0.9935976
test_10528,0.7959659
test_10529,0.9456778
test_10530,0.0287426
test_10531,0.9858140
test_10532,0.0020446
test_10533,0.8922411
test_10534,0.2015603
test_10535,0.0753136
test_10536,0.9613022
test_10537,0.5891895
test_10538,0.0043838
test_10539,0.9664348
test_10540,0.1663064
test_10541,0.0092335
test_10542,0.9871896
test_10543,0.9963539
test_10544,0.0133969
test_10545,0.1266148
test_10546,0.5401616
test_10547,0.9920377
test_10548,0.1634336
test_10549,0.0405304
test_10550,0.8887761
test_10551,0.1245649
test_10552,0.9789592
test_10553,0.0173146
test_10554,0.9888045
test_10555,0.9776255
test_10556,0.0390480
test_10557,0.5462459
test_10558,0.1442689
test_10559,0.9320718
test_10560,0.9906910
test_10561,0.9112040
test_10562,0.8719037
test_10563,0.9959685
test_10564,0.9706821
test_10565,0.8133456
test_10566,0.8748701
test_10567,0.3505614
test_10568,0.9973608
test_10569,0.0208878
test_10570,0.1344839
test_10571,0.9917784
test_10572,0.9923836
test_10573,0.9963397
test_10574,0.6280354
test_10575,0.9923733
test_10576,0.9802618
test_10577,0.9779567
test_10578,0.0635199
test_10579,0.3167854
test_10580,0.0386903
test_10581,0.0074135
test_10582,0.9855536
test_10583,0.0729184
test_10584,0.9708936
test_10585,0.0288240
test_10586,0.0082226
test_10587,0.0169599
test_10588,0.0098641
test_10589,0.1399047
test_10590,0.0849201
test_10591,0.0811701
test_10592,0.1837843
test_10593,0.9795218
test_10594,0.9985468
test_10595,0.0156524
test_10596,0.9857277
test_10597,0.0239898
test_10598,0.9890051
test_10599,0.9713297
test_10600,0.0571899
test_10601,0.0168453
test_10602,0.6377258
test_10603,0.9774341
test_10604,0.4007251
test_10605,0.6790937
test_10606,0.9898114
test_10607,0.0277186
test_10608,0.0173469
test_10609,0.8974203
test_10610,0.2586561
test_10611,0.8643605
test_10612,0.1415207
test_10613,0.0032981
test_10614,0.0190413
test_10615,0.9957937
test_10616,0.9858242
test_10617,0.9869602
test_10618,0.9891403
test_10619,0.9944863
test_10620,0.9592453
test_10621,0.9314371
test_10622,0.9783403
test_10623,0.0054677
test_10624,0.0702975
test_10625,0.0125411
test_10626,0.0071881
test_10627,0.2201277
test_10628,0.9617721
test_10629,0.9088922
test_10630,0.9752452
test_10631,0.6711931
test_10632,0.2168424
test_10633,0.9802659
test_10634,0.9810515
test_10635,0.0024875
test_10636,0.9612891
test_10637,0.8726817
test_10638,0.0095485
test_10639,0.9988861
test_10640,0.2547494
test_10641,0.9722991
test_10642,0.9835647
test_10643,0.9918357
test_10644,0.2220948
test_10645,0.1023879
test_10646,0.5318941
test_10647,0.3668900
test_10648,0.9199067
test_10649,0.9749412
test_10650,0.9663517
test_10651,0.7631977
test_10652,0.0350195
test_10653,0.9937441
test_10654,0.0325699
test_10655,0.0084185
test_10656,0.9592023
test_10657,0.0242788
test_10658,0.9988116
test_10659,0.1413358
test_10660,0.9922850
test_10661,0.9820597
test_10662,0.1111611
test_10663,0.0370461
test_10664,0.9987859
test_10665,0.9153559
test_10666,0.9844491
test_10667,0.7499878
test_10668,0.9882569
test_10669,0.6524477
test_10670,0.0030140
test_10671,0.2405761
test_10672,0.0231319
test_10673,0.3094082
test_10674,0.0284513
test_10675,0.0741106
test_10676,0.9875861
test_10677,0.9942783
test_10678,0.9445984
test_10679,0.9900793
test_10680,0.0158176
test_10681,0.9703931
test_10682,0.9907128
test_10683,0.5570664
test_10684,0.0088724
test_10685,0.5743316
test_10686,0.9922097
test_10687,0.0103450
test_10688,0.0391472
test_10689,0.0095547
test_10690,0.9640937
test_10691,0.3811861
test_10692,0.9889746
test_10693,0.0086114
test_10694,0.9847931
test_10695,0.9920050
test_10696,0.6176202
test_10697,0.0517385
test_10698,0.9172524
test_10699,0.9942861
test_10700,0.1237770
test_10701,0.9174563
test_10702,0.1493915
test_10703,0.0094313
test_10704,0.7637239
test_10705,0.9985937
test_10706,0.0069354
test_10707,0.6210189
test_10708,0.9460032
test_10709,0.9908196
test_10710,0.9952852
test_10711,0.9795192
test_10712,0.9519864
test_10713,0.0208944
test_10714,0.9501233
test_10715,0.0106384
test_10716,0.9786471
test_10717,0.9971178
test_10718,0.4774529
test_10719,0.9840419
test_10720,0.9917372
test_10721,0.0236042
test_10722,0.9804336
test_10723,0.0126636
test_10724,0.0679619
test_10725,0.1263811
test_10726,0.9555304
test_10727,0.0425044
test_10728,0.0034707
test_10729,0.0086485
test_10730,0.0964293
test_10731,0.0627563
test_10732,0.7348900
test_10733,0.0041029
test_10734,0.0262095
test_10735,0.9926897
test_10736,0.0293941
test_10737,0.0394185
test_10738,0.9528148
test_10739,0.9915404
test_10740,0.9944398
test_10741,0.9968863
test_10742,0.4116241
test_10743,0.9877790
test_10744,0.0097233
test_10745,0.0171135
test_10746,0.0061973
test_10747,0.9984919
test_10748,0.8687751
test_10749,0.9360726
test_10750,0.9887900
test_10751,0.0541674
test_10752,0.9715443
test_10753,0.9991636
test_10754,0.9983546
test_10755,0.2062539
test_10756,0.9758542
test_10757,0.0478348
test_10758,0.0060487
test_10759,0.5580124
test_10760,0.0079721
test_10761,0.0533000
test_10762,0.9920561
test_10763,0.9738138
test_10764,0.9835630
test_10765,0.5900465
test_10766,0.9614531
test_10767,0.9688216
test_10768,0.9137425
test_10769,0.0028947
test_10770,0.0332739
test_10771,0.9409529
test_10772,0.0770797
test_10773,0.9945622
test_10774,0.9886534
test_10775,0.2849002
test_10776,0.0932271
test_10777,0.0200219
test_10778,0.9536624
test_10779,0.6581639
test_10780,0.9881659
test_10781,0.9650676
test_10782,0.0801546
test_10783,0.0302677
test_10784,0.0425039
test_10785,0.9910440
test_10786,0.9551088
test_10787,0.6126502
test_10788,0.1525475
test_10789,0.0031374
test_10790,0.1752336
test_10791,0.0440024
test_10792,0.9578959
test_10793,0.9852275
test_10794,0.6915412
test_10795,0.0020326
test_10796,0.9966803
test_10797,0.1551699
test_10798,0.9982744
test_10799,0.0047613
test_10800,0.8887416
test_10801,0.0011059
test_10802,0.0183184
test_10803,0.9964679
test_10804,0.9851782
test_10805,0.0266597
test_10806,0.9823142
test_10807,0.9928328
test_10808,0.9923288
test_10809,0.9292597
test_10810,0.9817718
test_10811,0.8230745
test_10812,0.0175980
test_10813,0.0086029
test_10814,0.0034294
test_10815,0.7991211
test_10816,0.0535672
test_10817,0.9585233
test_10818,0.9874138
test_10819,0.7643507
test_10820,0.0042455
test_10821,0.0410857
test_10822,0.9733334
test_10823,0.5152583
test_10824,0.0752202
test_10825,0.9942350
test_10826,0.9983423
test_10827,0.9713145
test_10828,0.9925247
test_10829,0.0048158
test_10830,0.7792630
test_10831,0.1090738
test_10832,0.2821283
test_10833,0.9705244
test_10834,0.5173021
test_10835,0.1130251
test_10836,0.1261792
test_10837,0.3311472
test_10838,0.0088221
test_10839,0.2858475
test_10840,0.9825915
test_10841,0.6899133
test_10842,0.9402518
test_10843,0.0151801
test_10844,0.0121293
test_10845,0.0029161
test_10846,0.9983551
test_10847,0.0355371
test_10848,0.0124080
test_10849,0.0300122
test_10850,0.0450193
test_10851,0.0111780
test_10852,0.0870355
test_10853,0.0244232
test_10854,0.9759496
test_10855,0.1504400
test_10856,0.0489404
test_10857,0.9821340
test_10858,0.0669837
test_10859,0.9524803
test_10860,0.1851812
test_10861,0.0036792
test_10862,0.9667251
test_10863,0.8066790
test_10864,0.0122999
test_10865,0.9712538
test_10866,0.9907245
test_10867,0.9291487
test_10868,0.0152125
test_10869,0.0980634
test_10870,0.0068860
test_10871,0.0059797
test_10872,0.9957454
test_10873,0.6869043
test_10874,0.5008499
test_10875,0.3982837
test_10876,0.0042900
test_10877,0.9865053
test_10878,0.9789946
test_10879,0.0107051
test_10880,0.2484598
test_10881,0.0006607
test_10882,0.1665204
test_10883,0.7497871
test_10884,0.9088634
test_10885,0.0724891
test_10886,0.0376417
test_10887,0.9991483
test_10888,0.9683416
test_10889,0.0240471
test_10890,0.0258547
test_10891,0.0092421
test_10892,0.9046221
test_10893,0.0162502
test_10894,0.0318730
test_10895,0.9680302
test_10896,0.0391509
test_10897,0.0202094
test_10898,0.9723778
test_10899,0.4708918
test_10900,0.5310156
test_10901,0.9905856
test_10902,0.9762774
test_10903,0.9787992
test_10904,0.9954576
test_10905,0.9956740
test_10906,0.9679512
test_10907,0.0010717
test_10908,0.7703233
test_10909,0.9830146
test_10910,0.0173111
test_10911,0.0031653
test_10912,0.9070687
test_10913,0.0426074
test_10914,0.9857870
test_10915,0.0465149
test_10916,0.0103290
test_10917,0.8142593
test_10918,0.0134306
test_10919,0.0084231
test_10920,0.8298727
test_10921,0.2977175
test_10922,0.9896942
test_10923,0.9876312
test_10924,0.9843287
test_10925,0.9956207
test_10926,0.0069719
test_10927,0.9748755
test_10928,0.1913200
test_10929,0.0355844
test_10930,0.4080434
test_10931,0.0675077
test_10932,0.9180512
test_10933,0.9900262
test_10934,0.0030294
test_10935,0.0395756
test_10936,0.8896025
test_10937,0.9563712
test_10938,0.1422533
test_10939,0.8142967
test_10940,0.0016703
test_10941,0.0099005
test_10942,0.0219852
test_10943,0.0069438
test_10944,0.9979913
test_10945,0.0031182
test_10946,0.0162430
test_10947,0.9417930
test_10948,0.0097135
test_10949,0.0076557
test_10950,0.0272827
test_10951,0.9274639
test_10952,0.0218107
test_10953,0.8346268
test_10954,0.9931628
test_10955,0.9970198
test_10956,0.0236515
test_10957,0.0023600
test_10958,0.0149141
test_10959,0.0141852
test_10960,0.9844176
test_10961,0.8658727
test_10962,0.3162694
test_10963,0.0017811
test_10964,0.0594205
test_10965,0.0056922
test_10966,0.0282126
test_10967,0.2533414
test_10968,0.0040265
test_10969,0.9797402
test_10970,0.0341049
test_10971,0.9234585
test_10972,0.4536753
test_10973,0.0136745
test_10974,0.1660352
test_10975,0.7444223
test_10976,0.9846449
test_10977,0.9550605
test_10978,0.9044216
test_10979,0.0127907
test_10980,0.5127430
test_10981,0.9842473
test_10982,0.9969411
test_10983,0.0122838
test_10984,0.9716593
test_10985,0.9651957
test_10986,0.0197192
test_10987,0.9853588
test_10988,0.0484500
test_10989,0.0128373
test_10990,0.0079014
test_10991,0.0119034
test_10992,0.9818491
test_10993,0.6819592
test_10994,0.0039274
test_10995,0.0070671
test_10996,0.9604465
test_10997,0.9992569
test_10998,0.0034574
test_10999,0.0265678
test_11000,0.0142529
test_11001,0.9419517
test_11002,0.0239958
test_11003,0.1269627
test_11004,0.1144931
test_11005,0.9781241
test_11006,0.0109359
test_11007,0.0167769
test_11008,0.1329875
test_11009,0.1545127
test_11010,0.9666623
test_11011,0.9502451
test_11012,0.0141733
test_11013,0.9357068
test_11014,0.8667809
test_11015,0.0510435
test_11016,0.0543166
test_11017,0.1014690
test_11018,0.9987237
test_11019,0.2772517
test_11020,0.9162874
test_11021,0.7352983
test_11022,0.1296175
test_11023,0.0377494
test_11024,0.8533070
test_11025,0.9524609
test_11026,0.9359032
test_11027,0.9515888
test_11028,0.4384681
test_11029,0.9283165
test_11030,0.9655952
test_11031,0.0088103
test_11032,0.0104213
test_11033,0.0092064
test_11034,0.0208227
test_11035,0.9315316
test_11036,0.9917207
test_11037,0.0451449
test_11038,0.9598110
test_11039,0.7745811
test_11040,0.9922176
test_11041,0.4646056
test_11042,0.2310351
test_11043,0.9740345
test_11044,0.9997925
test_11045,0.9806250
test_11046,0.9930829
test_11047,0.9919374
test_11048,0.9737849
test_11049,0.1376839
test_11050,0.0003234
test_11051,0.9784620
test_11052,0.6929111
test_11053,0.9906681
test_11054,0.9818927
test_11055,0.0311327
test_11056,0.9858807
test_11057,0.0177597
test_11058,0.8955724
test_11059,0.0013323
test_11060,0.5070008
test_11061,0.0060621
test_11062,0.9806107
test_11063,0.0136915
test_11064,0.9907638
test_11065,0.9625732
test_11066,0.9112338
test_11067,0.0028729
test_11068,0.0181531
test_11069,0.8021811
test_11070,0.9936272
test_11071,0.9831288
test_11072,0.0098081
test_11073,0.0037425
test_11074,0.5699477
test_11075,0.9816797
test_11076,0.9939928
test_11077,0.0209501
test_11078,0.0014226
test_11079,0.9769893
test_11080,0.0170591
test_11081,0.0103042
test_11082,0.0026564
test_11083,0.0131975
test_11084,0.9976918
test_11085,0.0130217
test_11086,0.0098111
test_11087,0.9322290
test_11088,0.0317309
test_11089,0.4093446
test_11090,0.9883384
test_11091,0.9358310
test_11092,0.0882455
test_11093,0.9727798
test_11094,0.9506357
test_11095,0.9987688
test_11096,0.1942504
test_11097,0.7806374
test_11098,0.0181975
test_11099,0.7733197
test_11100,0.9681522
test_11101,0.0063142
test_11102,0.4606968
test_11103,0.5869046
test_11104,0.2406743
test_11105,0.0172760
test_11106,0.9242949
test_11107,0.9919418
test_11108,0.9575441
test_11109,0.9813861
test_11110,0.9840001
test_11111,0.6719525
test_11112,0.8519659
test_11113,0.1714022
test_11114,0.9878300
test_11115,0.9807194
test_11116,0.9678334
test_11117,0.3811023
test_11118,0.9879677
test_11119,0.9849853
test_11120,0.0053565
test_11121,0.7944468
test_11122,0.9616228
test_11123,0.9913620
test_11124,0.9733856
test_11125,0.9989563
test_11126,0.9980062
test_11127,0.9665083
test_11128,0.0781486
test_11129,0.3540472
test_11130,0.9827236
test_11131,0.0102463
test_11132,0.9430519
test_11133,0.1033499
test_11134,0.0273569
test_11135,0.9681514
test_11136,0.9924101
test_11137,0.0363839
test_11138,0.8569186
test_11139,0.0345444
test_11140,0.1333238
test_11141,0.8404801
test_11142,0.0117548
test_11143,0.8080460
test_11144,0.8217534
test_11145,0.0056074
test_11146,0.0010883
test_11147,0.9612519
test_11148,0.0112481
test_11149,0.0365919
test_11150,0.9943147
test_11151,0.0325358
test_11152,0.7880201
test_11153,0.9861966
test_11154,0.8462854
test_11155,0.0730575
test_11156,0.0754046
test_11157,0.9939666
test_11158,0.5106491
test_11159,0.1362956
test_11160,0.2610148
test_11161,0.8692150
test_11162,0.0344175
test_11163,0.0044767
test_11164,0.0200566
test_11165,0.9774732
test_11166,0.8739511
test_11167,0.0040088
test_11168,0.0831122
test_11169,0.9975762
test_11170,0.4824130
test_11171,0.0150887
test_11172,0.8761109
test_11173,0.9806935
test_11174,0.0904633
test_11175,0.0636710
test_11176,0.6028697
test_11177,0.2082222
test_11178,0.0033543
test_11179,0.0958379
test_11180,0.0171283
test_11181,0.9629091
test_11182,0.0279139
test_11183,0.1013586
test_11184,0.9758500
test_11185,0.9813818
test_11186,0.0658816
test_11187,0.0076985
test_11188,0.9972200
test_11189,0.0303612
test_11190,0.0248883
test_11191,0.9929026
test_11192,0.0355140
test_11193,0.0095677
test_11194,0.0261123
test_11195,0.9804050
test_11196,0.0175917
test_11197,0.9375761
test_11198,0.9695886
test_11199,0.0102802
test_11200,0.4483311
test_11201,0.1056580
test_11202,0.9631784
test_11203,0.9461624
test_11204,0.7573668
test_11205,0.0054848
test_11206,0.4904010
test_11207,0.0383098
test_11208,0.9436655
test_11209,0.0093389
test_11210,0.9619632
test_11211,0.0051760
test_11212,0.8840590
test_11213,0.0011787
test_11214,0.0522525
test_11215,0.0022378
test_11216,0.0019116
test_11217,0.6468788
test_11218,0.9707794
test_11219,0.9240713
test_11220,0.9732304
test_11221,0.0477460
test_11222,0.0087135
test_11223,0.0503797
test_11224,0.9867350
test_11225,0.0035164
test_11226,0.0117352
test_11227,0.9923762
test_11228,0.2160336
test_11229,0.9305337
test_11230,0.5636147
test_11231,0.8300112
test_11232,0.0099801
test_11233,0.9707666
test_11234,0.9943773
test_11235,0.9679192
test_11236,0.5349743
test_11237,0.1267680
test_11238,0.9788920
test_11239,0.9957717
test_11240,0.9727009
test_11241,0.9837627
test_11242,0.9990596
test_11243,0.9872034
test_11244,0.0410737
test_11245,0.0122511
test_11246,0.9766027
test_11247,0.4376658
test_11248,0.9398353
test_11249,0.0509833
test_11250,0.9971113
test_11251,0.9212078
test_11252,0.0013406
test_11253,0.0379983
test_11254,0.3292153
test_11255,0.1170433
test_11256,0.4793231
test_11257,0.9671468
test_11258,0.7363228
test_11259,0.0630301
test_11260,0.0461874
test_11261,0.0089452
test_11262,0.9924805
test_11263,0.8867834
test_11264,0.6565911
test_11265,0.0767086
test_11266,0.3263839
test_11267,0.4374563
test_11268,0.9510149
test_11269,0.6174690
test_11270,0.7797284
test_11271,0.7459804
test_11272,0.0330267
test_11273,0.9948355
test_11274,0.9946679
test_11275,0.0117110
test_11276,0.0097302
test_11277,0.9863644
test_11278,0.0013003
test_11279,0.5212427
test_11280,0.9905328
test_11281,0.9933232
test_11282,0.0223609
test_11283,0.0142077
test_11284,0.1055323
test_11285,0.0021765
test_11286,0.0115786
test_11287,0.9792501
test_11288,0.9266989
test_11289,0.1393065
test_11290,0.9843971
test_11291,0.9891274
test_11292,0.9976142
test_11293,0.5000677
test_11294,0.9948035
test_11295,0.9836811
test_11296,0.0075828
test_11297,0.9613988
test_11298,0.0308633
test_11299,0.9501714
test_11300,0.9634848
test_11301,0.9939884
test_11302,0.0102473
test_11303,0.9302397
test_11304,0.9892094
test_11305,0.0202844
test_11306,0.9775303
test_11307,0.9779160
test_11308,0.9905162
test_11309,0.0032201
test_11310,0.0696549
test_11311,0.2037113
test_11312,0.9274191
test_11313,0.0061374
test_11314,0.0357647
test_11315,0.0404899
test_11316,0.0788266
test_11317,0.4855379
test_11318,0.6942640
test_11319,0.0741968
test_11320,0.0599629
test_11321,0.0188689
test_11322,0.0313015
test_11323,0.0249956
test_11324,0.1013085
test_11325,0.9860440
test_11326,0.0677589
test_11327,0.7870703
test_11328,0.9892940
test_11329,0.0159790
test_11330,0.0542681
test_11331,0.0049869
test_11332,0.9981014
test_11333,0.9000922
test_11334,0.1309292
test_11335,0.7284206
test_11336,0.8902540
test_11337,0.6151980
test_11338,0.8172642
test_11339,0.0603993
test_11340,0.0109537
test_11341,0.9763184
test_11342,0.0951254
test_11343,0.9119282
test_11344,0.0582336
test_11345,0.0154628
test_11346,0.1810797
test_11347,0.5899245
test_11348,0.0158970
test_11349,0.0453503
test_11350,0.4775284
test_11351,0.0379107
test_11352,0.0030304
test_11353,0.9963549
test_11354,0.0202315
test_11355,0.0070514
test_11356,0.0333852
test_11357,0.3561615
test_11358,0.0135857
test_11359,0.1888591
test_11360,0.0151120
test_11361,0.0030060
test_11362,0.0106688
test_11363,0.0034534
test_11364,0.0030588
test_11365,0.0369833
test_11366,0.9914171
test_11367,0.0246064
test_11368,0.0951720
test_11369,0.5847775
test_11370,0.9813285
test_11371,0.1804045
test_11372,0.0043588
test_11373,0.0011904
test_11374,0.9844398
test_11375,0.0031967
test_11376,0.0161298
test_11377,0.9756015
test_11378,0.1615829
test_11379,0.0503021
test_11380,0.0020438
test_11381,0.0259779
test_11382,0.9214144
test_11383,0.0222607
test_11384,0.0993387
test_11385,0.6609558
test_11386,0.9947408
test_11387,0.6610705
test_11388,0.0476215
test_11389,0.0121143
test_11390,0.7859291
test_11391,0.9827946
test_11392,0.9927191
test_11393,0.9356807
test_11394,0.2200617
test_11395,0.4800029
test_11396,0.1049352
test_11397,0.0028957
test_11398,0.9598924
test_11399,0.5614575
test_11400,0.0770219
test_11401,0.9639378
test_11402,0.6874139
test_11403,0.0257745
test_11404,0.9946598
test_11405,0.3636640
test_11406,0.0052134
test_11407,0.0075721
test_11408,0.2554394
test_11409,0.0313181
test_11410,0.0052288
test_11411,0.1558275
test_11412,0.8752620
test_11413,0.0906865
test_11414,0.0998602
test_11415,0.6883321
test_11416,0.4039280
test_11417,0.9780223
test_11418,0.6033422
test_11419,0.9923590
test_11420,0.0042088
test_11421,0.0216110
test_11422,0.1592687
test_11423,0.0186456
test_11424,0.9266802
test_11425,0.0169612
test_11426,0.0414622
test_11427,0.9919370
test_11428,0.0154471
test_11429,0.9990515
test_11430,0.0575475
test_11431,0.9676797
test_11432,0.9941078
test_11433,0.0149503
test_11434,0.9547829
test_11435,0.9974727
test_11436,0.6411379
test_11437,0.9518788
test_11438,0.0488090
test_11439,0.0073066
test_11440,0.0186477
test_11441,0.0068709
test_11442,0.1936337
test_11443,0.9514806
test_11444,0.0099124
test_11445,0.4570097
test_11446,0.1598102
test_11447,0.6142918
test_11448,0.0712199
test_11449,0.9959329
test_11450,0.9930521
test_11451,0.9745311
test_11452,0.9181287
test_11453,0.0013532
test_11454,0.0793638
test_11455,0.4587921
test_11456,0.0029821
test_11457,0.2533168
test_11458,0.0025198
test_11459,0.1610362
test_11460,0.0295581
test_11461,0.9564885
test_11462,0.9886860
test_11463,0.0081959
test_11464,0.9969000
test_11465,0.9899660
test_11466,0.9213427
test_11467,0.0098002
test_11468,0.6973125
test_11469,0.0267562
test_11470,0.0199007
test_11471,0.9260631
test_11472,0.0776426
test_11473,0.7711464
test_11474,0.9846169
test_11475,0.0271066
test_11476,0.0402730
test_11477,0.9039385
test_11478,0.0069560
test_11479,0.0201508
test_11480,0.9711618
test_11481,0.0034397
test_11482,0.4295487
test_11483,0.9891658
test_11484,0.0123458
test_11485,0.9978921
test_11486,0.9846611
test_11487,0.3642938
test_11488,0.0179555
test_11489,0.9969182
test_11490,0.9924095
test_11491,0.0064206
test_11492,0.9660980
test_11493,0.9897957
test_11494,0.2260101
test_11495,0.0098056
test_11496,0.9555083
test_11497,0.9920334
test_11498,0.7238505
test_11499,0.9870281
test_11500,0.0077880
test_11501,0.6133309
test_11502,0.0589978
test_11503,0.0785167
test_11504,0.9909006
test_11505,0.9971142
test_11506,0.0011686
test_11507,0.0155871
test_11508,0.0109340
test_11509,0.0130847
test_11510,0.0453461
test_11511,0.1734704
test_11512,0.0239004
test_11513,0.0207461
test_11514,0.0090760
test_11515,0.2559682
test_11516,0.6815863
test_11517,0.4858206
test_11518,0.1255906
test_11519,0.9856110
test_11520,0.7527856
test_11521,0.0108352
test_11522,0.0007381
test_11523,0.7678421
test_11524,0.0034895
test_11525,0.9121214
test_11526,0.1666974
test_11527,0.0881132
test_11528,0.3364839
test_11529,0.0004313
test_11530,0.9368321
test_11531,0.9938152
test_11532,0.9970242
test_11533,0.0695468
test_11534,0.9722865
test_11535,0.8610834
test_11536,0.8586056
test_11537,0.9707224
test_11538,0.1147113
test_11539,0.9864210
test_11540,0.9871886
test_11541,0.3811599
test_11542,0.2689960
test_11543,0.9954332
test_11544,0.2736611
test_11545,0.4356638
test_11546,0.0069205
test_11547,0.9839162
test_11548,0.0602044
test_11549,0.0030927
test_11550,0.9327015
test_11551,0.3407158
test_11552,0.9842427
test_11553,0.9630195
test_11554,0.2648950
test_11555,0.9769352
test_11556,0.0451362
test_11557,0.9602144
test_11558,0.9572816
test_11559,0.0309283
test_11560,0.0250825
test_11561,0.0497520
test_11562,0.9872869
test_11563,0.9597173
test_11564,0.0192510
test_11565,0.1130029
test_11566,0.0049909
test_11567,0.9838600
test_11568,0.0066693
test_11569,0.2240610
test_11570,0.4401800
test_11571,0.2459069
test_11572,0.0100813
test_11573,0.4966112
test_11574,0.9935211
test_11575,0.9094281
test_11576,0.9892567
test_11577,0.9898793
test_11578,0.3787539
test_11579,0.9671130
test_11580,0.9989123
test_11581,0.4966505
test_11582,0.0012327
test_11583,0.2561313
test_11584,0.9977577
test_11585,0.0325008
test_11586,0.9973205
test_11587,0.5520787
test_11588,0.0249881
test_11589,0.7346664
test_11590,0.9831206
test_11591,0.9556091
test_11592,0.9891696
test_11593,0.0062049
test_11594,0.9943761
test_11595,0.1453804
test_11596,0.9944029
test_11597,0.9985892
test_11598,0.0022730
test_11599,0.0390566
test_11600,0.0563124
test_11601,0.8765939
test_11602,0.0780401
test_11603,0.9911677
test_11604,0.9762473
test_11605,0.9978815
test_11606,0.0286417
test_11607,0.9985259
test_11608,0.0104356
test_11609,0.9994883
test_11610,0.0088798
test_11611,0.9953615
test_11612,0.8664641
test_11613,0.9701210
test_11614,0.0506447
test_11615,0.9906173
test_11616,0.9933603
test_11617,0.9820711
test_11618,0.9884953
test_11619,0.4662544
test_11620,0.0487228
test_11621,0.0994938
test_11622,0.9925693
test_11623,0.0604737
test_11624,0.9525341
test_11625,0.8363945
test_11626,0.9364148
test_11627,0.6247923
test_11628,0.0113057
test_11629,0.9848428
test_11630,0.0015850
test_11631,0.0035625
test_11632,0.0050304
test_11633,0.8037512
test_11634,0.8167928
test_11635,0.9971609
test_11636,0.5088618
test_11637,0.9899123
test_11638,0.9372258
test_11639,0.0239139
test_11640,0.7616315
test_11641,0.9622927
test_11642,0.9159867
test_11643,0.4719672
test_11644,0.9811616
test_11645,0.2964353
test_11646,0.0004965
test_11647,0.3075271
test_11648,0.9821600
test_11649,0.4000780
test_11650,0.9751557
test_11651,0.0458397
test_11652,0.0072897
test_11653,0.0621147
test_11654,0.0178615
test_11655,0.1953422
test_11656,0.9813732
test_11657,0.0201120
test_11658,0.2028219
test_11659,0.0005169
test_11660,0.9339629
test_11661,0.0053493
test_11662,0.9977034
test_11663,0.3960116
test_11664,0.4171647
test_11665,0.0103074
test_11666,0.0024191
test_11667,0.0028441
test_11668,0.9914600
test_11669,0.7776060
test_11670,0.0303850
test_11671,0.4519417
test_11672,0.9981663
test_11673,0.3221657
test_11674,0.0102974
test_11675,0.0103535
test_11676,0.9737322
test_11677,0.7551643
test_11678,0.0020328
test_11679,0.9987028
test_11680,0.0138621
test_11681,0.0063225
test_11682,0.0997337
test_11683,0.5199693
test_11684,0.9764731
test_11685,0.3564949
test_11686,0.9720340
test_11687,0.0399244
test_11688,0.0988002
test_11689,0.0035200
test_11690,0.9939702
test_11691,0.9494708
test_11692,0.0317711
test_11693,0.7532984
test_11694,0.0078336
test_11695,0.9950656
test_11696,0.0898682
test_11697,0.0788601
test_11698,0.0503032
test_11699,0.4197899
test_11700,0.4889923
test_11701,0.6773982
test_11702,0.0097878
test_11703,0.0449829
test_11704,0.9843106
test_11705,0.9556355
test_11706,0.9971693
test_11707,0.1164929
test_11708,0.9710969
test_11709,0.9798911
test_11710,0.7670440
test_11711,0.7166941
test_11712,0.5109066
test_11713,0.9792396
test_11714,0.9831125
test_11715,0.4962927
test_11716,0.0269696
test_11717,0.0078749
test_11718,0.0318478
test_11719,0.0065980
test_11720,0.5411963
test_11721,0.9100556
test_11722,0.9966223
test_11723,0.8441810
test_11724,0.0005035
test_11725,0.1740258
test_11726,0.9607457
test_11727,0.9942074
test_11728,0.9851241
test_11729,0.8569101
test_11730,0.0224838
test_11731,0.0293547
test_11732,0.8468385
test_11733,0.9953235
test_11734,0.0350280
test_11735,0.9849176
test_11736,0.0625986
test_11737,0.1062741
test_11738,0.9960505
test_11739,0.9663867
test_11740,0.2380803
test_11741,0.0996260
test_11742,0.3876678
test_11743,0.6579261
test_11744,0.8927230
test_11745,0.0041413
test_11746,0.9472098
test_11747,0.0068664
test_11748,0.0206355
test_11749,0.9979627
test_11750,0.0197275
test_11751,0.5649628
test_11752,0.8967524
test_11753,0.0597633
test_11754,0.9849575
test_11755,0.6581817
test_11756,0.9759946
test_11757,0.3306956
test_11758,0.0085996
test_11759,0.9969560
test_11760,0.7596158
test_11761,0.9637438
test_11762,0.9898736
test_11763,0.6185322
test_11764,0.9985514
test_11765,0.0419141
test_11766,0.8034893
test_11767,0.1047359
test_11768,0.9633511
test_11769,0.4924592
test_11770,0.0077939
test_11771,0.9794342
test_11772,0.9520524
test_11773,0.0025353
test_11774,0.0055461
test_11775,0.8540801
test_11776,0.2188641
test_11777,0.9980173
test_11778,0.9980000
test_11779,0.9939259
test_11780,0.9975007
test_11781,0.0325613
test_11782,0.1878127
test_11783,0.3598628
test_11784,0.9912257
test_11785,0.3894669
test_11786,0.9559187
test_11787,0.0375835
test_11788,0.0055830
test_11789,0.0086423
test_11790,0.0097373
test_11791,0.9815025
test_11792,0.9682152
test_11793,0.4547336
test_11794,0.8826752
test_11795,0.9939622
test_11796,0.0004953
test_11797,0.9361560
test_11798,0.0022881
test_11799,0.9757347
test_11800,0.1334523
test_11801,0.0174575
test_11802,0.0072401
test_11803,0.1802258
test_11804,0.0355159
test_11805,0.0128702
test_11806,0.0519820
test_11807,0.9751561
test_11808,0.9882153
test_11809,0.3002256
test_11810,0.9800806
test_11811,0.0187357
test_11812,0.0210121
test_11813,0.0062039
test_11814,0.0205913
test_11815,0.2746008
test_11816,0.8543536
test_11817,0.0205599
test_11818,0.0937526
test_11819,0.9183264
test_11820,0.7430297
test_11821,0.8290200
test_11822,0.9830079
test_11823,0.9957775
test_11824,0.9910783
test_11825,0.9661558
test_11826,0.0091066
test_11827,0.8759804
test_11828,0.0155358
test_11829,0.1941772
test_11830,0.8950007
test_11831,0.0083430
test_11832,0.5955334
test_11833,0.0092246
test_11834,0.3766450
test_11835,0.3337373
test_11836,0.4325966
test_11837,0.6191093
test_11838,0.0491287
test_11839,0.1976838
test_11840,0.0016135
test_11841,0.0444274
test_11842,0.0091590
test_11843,0.0021563
test_11844,0.0443290
test_11845,0.9834572
test_11846,0.0396193
test_11847,0.9853902
test_11848,0.8226799
test_11849,0.0920992
test_11850,0.9978373
test_11851,0.0322371
test_11852,0.0085844
test_11853,0.5122461
test_11854,0.0108298
test_11855,0.9800068
test_11856,0.9951427
test_11857,0.0052038
test_11858,0.8901335
test_11859,0.1777203
test_11860,0.0234566
test_11861,0.1713919
test_11862,0.0181504
test_11863,0.3660509
test_11864,0.9827455
test_11865,0.9809093
test_11866,0.9658388
test_11867,0.9484011
test_11868,0.0634555
test_11869,0.9947972
test_11870,0.9903403
test_11871,0.9963697
test_11872,0.9955653
test_11873,0.9668756
test_11874,0.9973963
test_11875,0.9970137
test_11876,0.9274471
test_11877,0.1411916
test_11878,0.8825384
test_11879,0.1439409
test_11880,0.0216228
test_11881,0.9908417
test_11882,0.9863030
test_11883,0.0047335
test_11884,0.9133313
test_11885,0.0315923
test_11886,0.0172156
test_11887,0.9062204
test_11888,0.0202309
test_11889,0.0208292
test_11890,0.0137632
test_11891,0.8212410
test_11892,0.0214518
test_11893,0.9523740
test_11894,0.4405586
test_11895,0.0606014
test_11896,0.9974862
test_11897,0.0073520
test_11898,0.0033892
test_11899,0.9812997
test_11900,0.7318826
test_11901,0.4787261
test_11902,0.7949571
test_11903,0.9715900
test_11904,0.9732857
test_11905,0.9917874
test_11906,0.0166750
test_11907,0.9937204
test_11908,0.0048637
test_11909,0.0012947
test_11910,0.7698187
test_11911,0.9972745
test_11912,0.0064970
test_11913,0.0457535
test_11914,0.0045886
test_11915,0.0045519
test_11916,0.0014357
test_11917,0.5231515
test_11918,0.9755219
test_11919,0.0284382
test_11920,0.9836686
test_11921,0.0360500
test_11922,0.0128836
test_11923,0.8596098
test_11924,0.9561998
test_11925,0.9846088
test_11926,0.9945909
test_11927,0.9900130
test_11928,0.4908772
test_11929,0.0776797
test_11930,0.9980711
test_11931,0.9888993
test_11932,0.0576999
test_11933,0.7738527
test_11934,0.0572362
test_11935,0.0643255
test_11936,0.9833101
test_11937,0.1325417
test_11938,0.9973353
test_11939,0.0731568
test_11940,0.7562996
test_11941,0.0036314
test_11942,0.5640358
test_11943,0.2476728
test_11944,0.0070959
test_11945,0.5908262
test_11946,0.6580628
test_11947,0.0074191
test_11948,0.1503067
test_11949,0.1256350
test_11950,0.0094314
test_11951,0.0268501
test_11952,0.0295253
test_11953,0.6555807
test_11954,0.2258423
test_11955,0.9474917
test_11956,0.0130097
test_11957,0.9018705
test_11958,0.4689652
test_11959,0.4599317
test_11960,0.0056247
test_11961,0.0229096
test_11962,0.0016832
test_11963,0.9940878
test_11964,0.0143750
test_11965,0.9730415
test_11966,0.9331905
test_11967,0.0146171
test_11968,0.9962448
test_11969,0.0416232
test_11970,0.0237019
test_11971,0.0114222
test_11972,0.9891915
test_11973,0.0167613
test_11974,0.9945700
test_11975,0.9970123
test_11976,0.0120755
test_11977,0.9939874
test_11978,0.9582209
test_11979,0.8452870
test_11980,0.9580640
test_11981,0.4273633
test_11982,0.9745859
test_11983,0.9731154
test_11984,0.8675483
test_11985,0.5066751
test_11986,0.8022749
test_11987,0.0400724
test_11988,0.7627891
test_11989,0.1625957
test_11990,0.9942703
test_11991,0.9011761
test_11992,0.0326475
test_11993,0.9743065
test_11994,0.3532366
test_11995,0.8977597
test_11996,0.0801000
test_11997,0.9959176
test_11998,0.0341503
test_11999,0.0985471
test_12000,0.9939163
test_12001,0.0022320
test_12002,0.0044268
test_12003,0.9537743
test_12004,0.0224937
test_12005,0.2343440
test_12006,0.2742453
test_12007,0.7054272
test_12008,0.0179346
test_12009,0.6752290
test_12010,0.1622849
test_12011,0.9045168
test_12012,0.9407386
test_12013,0.0632723
test_12014,0.9031726
test_12015,0.9891076
test_12016,0.9538890
test_12017,0.9991045
test_12018,0.9894466
test_12019,0.7377457
test_12020,0.5150903
test_12021,0.9774464
test_12022,0.9879954
test_12023,0.0035847
test_12024,0.0110235
test_12025,0.8012300
test_12026,0.0215105
test_12027,0.9791930
test_12028,0.1550503
test_12029,0.2010626
test_12030,0.0653346
test_12031,0.9265609
test_12032,0.2819267
test_12033,0.9949843
test_12034,0.9982338
test_12035,0.9484649
test_12036,0.1777744
test_12037,0.7006814
test_12038,0.0319985
test_12039,0.3514124
test_12040,0.9703634
test_12041,0.9728014
test_12042,0.0162112
test_12043,0.9669660
test_12044,0.0229897
test_12045,0.0030356
test_12046,0.9937974
test_12047,0.3045589
test_12048,0.9900609
test_12049,0.0019828
test_12050,0.0916279
test_12051,0.0269306
test_12052,0.2568002
test_12053,0.0214815
test_12054,0.9144111
test_12055,0.9993693
test_12056,0.5324601
test_12057,0.9675025
test_12058,0.9260247
test_12059,0.4925262
test_12060,0.9663855
test_12061,0.0100153
test_12062,0.1563378
test_12063,0.9957162
test_12064,0.9864885
test_12065,0.3255575
test_12066,0.0484831
test_12067,0.9870245
test_12068,0.0094186
test_12069,0.0254786
test_12070,0.3011640
test_12071,0.9717640
test_12072,0.9707493
test_12073,0.0084058
test_12074,0.0261633
test_12075,0.9792770
test_12076,0.9690486
test_12077,0.0349540
test_12078,0.9436489
test_12079,0.0953780
test_12080,0.0134516
test_12081,0.9730698
test_12082,0.1149977
test_12083,0.0498438
test_12084,0.8301032
test_12085,0.9865974
test_12086,0.9404026
test_12087,0.9848862
test_12088,0.1278063
test_12089,0.0264791
test_12090,0.0673015
test_12091,0.9837880
test_12092,0.9569991
test_12093,0.9932597
test_12094,0.7046989
test_12095,0.9820478
test_12096,0.8670018
test_12097,0.0733026
test_12098,0.9442516
test_12099,0.0276418
test_12100,0.0795746
test_12101,0.8751233
test_12102,0.0389507
test_12103,0.0035538
test_12104,0.4059724
test_12105,0.0318671
test_12106,0.9830984
test_12107,0.9849873
test_12108,0.9854813
test_12109,0.2614182
test_12110,0.0141664
test_12111,0.9913009
test_12112,0.5885177
test_12113,0.9635774
test_12114,0.9942138
test_12115,0.0474769
test_12116,0.0040040
test_12117,0.0200815
test_12118,0.9936509
test_12119,0.9991297
test_12120,0.9490606
test_12121,0.0067186
test_12122,0.0164418
test_12123,0.0020805
test_12124,0.9643202
test_12125,0.0149075
test_12126,0.9845358
test_12127,0.9853854
test_12128,0.6953775
test_12129,0.2073939
test_12130,0.7135127
test_12131,0.9546323
test_12132,0.0272991
test_12133,0.9626962
test_12134,0.9938679
test_12135,0.0595415
test_12136,0.9819022
test_12137,0.8852472
test_12138,0.0313498
test_12139,0.9784571
test_12140,0.9897633
test_12141,0.0074192
test_12142,0.9665463
test_12143,0.7885718
test_12144,0.1954159
test_12145,0.0729777
test_12146,0.9986112
test_12147,0.0586297
test_12148,0.1948244
test_12149,0.9985120
test_12150,0.0027197
test_12151,0.9016833
test_12152,0.7905197
test_12153,0.0112610
test_12154,0.9703136
test_12155,0.9039406
test_12156,0.0123674
test_12157,0.9887449
test_12158,0.0039199
test_12159,0.9850270
test_12160,0.9712152
test_12161,0.9467652
test_12162,0.7839786
test_12163,0.4569810
test_12164,0.9881696
test_12165,0.0027440
test_12166,0.9776797
test_12167,0.3530047
test_12168,0.0040031
test_12169,0.9932840
test_12170,0.0185265
test_12171,0.2041354
test_12172,0.9808031
test_12173,0.7807268
test_12174,0.6076397
test_12175,0.9444406
test_12176,0.6021279
test_12177,0.1085284
test_12178,0.5918207
test_12179,0.0202254
test_12180,0.9813706
test_12181,0.9776655
test_12182,0.9904057
test_12183,0.9364899
test_12184,0.1340882
test_12185,0.9607698
test_12186,0.9715263
test_12187,0.4038973
test_12188,0.5054272
test_12189,0.0640650
test_12190,0.9946445
test_12191,0.8675145
test_12192,0.0127434
test_12193,0.2744328
test_12194,0.0403683
test_12195,0.0067632
test_12196,0.0781359
test_12197,0.0078104
test_12198,0.0265283
test_12199,0.1453566
test_12200,0.9407333
test_12201,0.0779125
test_12202,0.9964120
test_12203,0.9907414
test_12204,0.2362126
test_12205,0.0097683
test_12206,0.1516228
test_12207,0.0050357
test_12208,0.9886213
test_12209,0.9928107
test_12210,0.4672377
test_12211,0.0167081
test_12212,0.9731597
test_12213,0.0203274
test_12214,0.9789852
test_12215,0.4896945
test_12216,0.3873262
test_12217,0.2905233
test_12218,0.8239100
test_12219,0.0233240
test_12220,0.0039482
test_12221,0.0300344
test_12222,0.0024243
test_12223,0.0133424
test_12224,0.8924964
test_12225,0.0126093
test_12226,0.0104377
test_12227,0.0386671
test_12228,0.9946521
test_12229,0.4208527
test_12230,0.7146739
test_12231,0.0098679
test_12232,0.0043840
test_12233,0.1122500
test_12234,0.9767849
test_12235,0.3035169
test_12236,0.0548097
test_12237,0.9852648
test_12238,0.5020610
test_12239,0.7846157
test_12240,0.1955421
test_12241,0.4920801
test_12242,0.0167370
test_12243,0.9833626
test_12244,0.0104312
test_12245,0.1636702
test_12246,0.9957517
test_12247,0.0009772
test_12248,0.0293255
test_12249,0.0083776
test_12250,0.0784600
test_12251,0.0503649
test_12252,0.0164390
test_12253,0.5956288
test_12254,0.8241625
test_12255,0.4183769
test_12256,0.0583878
test_12257,0.0353979
test_12258,0.0113342
test_12259,0.9793442
test_12260,0.9913761
test_12261,0.7665432
test_12262,0.1128080
test_12263,0.0698073
test_12264,0.3684972
test_12265,0.0145320
test_12266,0.2433111
test_12267,0.1936005
test_12268,0.0516053
test_12269,0.9987208
test_12270,0.0185360
test_12271,0.0573869
test_12272,0.9414827
test_12273,0.0078984
test_12274,0.9700759
test_12275,0.0535912
test_12276,0.7690871
test_12277,0.2388638
test_12278,0.0636907
test_12279,0.7376988
test_12280,0.9475570
test_12281,0.0215089
test_12282,0.0152736
test_12283,0.9384325
test_12284,0.0105438
test_12285,0.0119063
test_12286,0.4228200
test_12287,0.8104120
test_12288,0.8623984
test_12289,0.0261940
test_12290,0.0115457
test_12291,0.2827924
test_12292,0.0378147
test_12293,0.4911235
test_12294,0.0068178
test_12295,0.9701372
test_12296,0.9587477
test_12297,0.0048660
test_12298,0.0670009
test_12299,0.3688738
test_12300,0.0748846
test_12301,0.9770331
test_12302,0.1786536
test_12303,0.0159184
test_12304,0.9954205
test_12305,0.0017452
test_12306,0.8964343
test_12307,0.9121658
test_12308,0.0324775
test_12309,0.9901814
test_12310,0.0269055
test_12311,0.9870335
test_12312,0.5080580
test_12313,0.0691495
test_12314,0.9954526
test_12315,0.0128954
test_12316,0.0054018
test_12317,0.0023671
test_12318,0.0032470
test_12319,0.7813182
test_12320,0.9641007
test_12321,0.9952448
test_12322,0.0450001
test_12323,0.0946890
test_12324,0.3155335
test_12325,0.6630164
test_12326,0.9625950
test_12327,0.9978208
test_12328,0.0120895
test_12329,0.1750834
test_12330,0.9387998
test_12331,0.0181530
test_12332,0.9708060
test_12333,0.0209379
test_12334,0.0083757
test_12335,0.8202116
test_12336,0.2511547
test_12337,0.5628392
test_12338,0.0133566
test_12339,0.9951240
test_12340,0.9223539
test_12341,0.4554531
test_12342,0.0076601
test_12343,0.0165718
test_12344,0.9538282
test_12345,0.9853699
test_12346,0.9935468
test_12347,0.9794564
test_12348,0.0361987
test_12349,0.5473781
test_12350,0.0039205
test_12351,0.0091107
test_12352,0.9599370
test_12353,0.8586475
test_12354,0.2701681
test_12355,0.0289528
test_12356,0.5048611
test_12357,0.9868546
test_12358,0.0471056
test_12359,0.3970700
test_12360,0.0118810
test_12361,0.9668531
test_12362,0.1585927
test_12363,0.0106294
test_12364,0.0316844
test_12365,0.9961545
test_12366,0.1557064
test_12367,0.0205735
test_12368,0.9541311
test_12369,0.7308937
test_12370,0.0714409
test_12371,0.9849007
test_12372,0.9722873
test_12373,0.9729242
test_12374,0.0863373
test_12375,0.9882269
test_12376,0.2235993
test_12377,0.0237783
test_12378,0.0031190
test_12379,0.0022217
test_12380,0.0277329
test_12381,0.6128211
test_12382,0.0010968
test_12383,0.0732714
test_12384,0.9942520
test_12385,0.0062551
test_12386,0.9327384
test_12387,0.9915407
test_12388,0.0027947
test_12389,0.3401051
test_12390,0.0295928
test_12391,0.9789571
test_12392,0.0008616
test_12393,0.0335629
test_12394,0.0238121
test_12395,0.9853439
test_12396,0.0286230
test_12397,0.0028534
test_12398,0.0131335
test_12399,0.0049343
test_12400,0.9998052
test_12401,0.0099564
test_12402,0.0172747
test_12403,0.9846896
test_12404,0.0014254
test_12405,0.0220958
test_12406,0.9826384
test_12407,0.9935792
test_12408,0.9614465
test_12409,0.9380513
test_12410,0.0013652
test_12411,0.8833946
test_12412,0.9596921
test_12413,0.0492191
test_12414,0.0014384
test_12415,0.7751444
test_12416,0.9341154
test_12417,0.8003128
test_12418,0.9739938
test_12419,0.7692713
test_12420,0.9962636
test_12421,0.0186774
test_12422,0.9897863
test_12423,0.0411946
test_12424,0.3995515
test_12425,0.3340573
test_12426,0.7079856
test_12427,0.1633106
test_12428,0.6277594
test_12429,0.9548704
test_12430,0.9024758
test_12431,0.9858226
test_12432,0.9608856
test_12433,0.3581216
test_12434,0.9815799
test_12435,0.0223846
test_12436,0.0209534
test_12437,0.0101673
test_12438,0.0012431
test_12439,0.0110197
test_12440,0.8984313
test_12441,0.9960964
test_12442,0.9840384
test_12443,0.0105861
test_12444,0.1765309
test_12445,0.8159552
test_12446,0.0401506
test_12447,0.0124458
test_12448,0.0039520
test_12449,0.5066500
test_12450,0.9835845
test_12451,0.9847821
test_12452,0.3635205
test_12453,0.8077783
test_12454,0.4716227
test_12455,0.0291343
test_12456,0.0058544
test_12457,0.0140170
test_12458,0.9694404
test_12459,0.7837746
test_12460,0.0123824
test_12461,0.9912325
test_12462,0.2039067
test_12463,0.1520274
test_12464,0.0062000
test_12465,0.9975674
test_12466,0.0098485
test_12467,0.9852642
test_12468,0.0071133
test_12469,0.0063332
test_12470,0.9934365
test_12471,0.6054764
test_12472,0.1236008
test_12473,0.5246596
test_12474,0.0102045
test_12475,0.0060319
test_12476,0.9741532
test_12477,0.0056571
test_12478,0.9993238
test_12479,0.0387170
test_12480,0.0615957
test_12481,0.0043647
test_12482,0.9896979
test_12483,0.0505449
test_12484,0.9825467
test_12485,0.0019097
test_12486,0.0088444
test_12487,0.0112046
test_12488,0.0104550
test_12489,0.9897718
test_12490,0.0410019
test_12491,0.0052001
test_12492,0.8856161
test_12493,0.6305189
test_12494,0.9767128
test_12495,0.0038864
test_12496,0.8369051
test_12497,0.0037071
test_12498,0.7258472
test_12499,0.9556184
test_12500,0.9983547
test_12501,0.8469917
test_12502,0.0027963
test_12503,0.6768526
test_12504,0.9960904
test_12505,0.0285252
test_12506,0.9722860
test_12507,0.4832179
test_12508,0.9856932
test_12509,0.1053636
test_12510,0.8064153
test_12511,0.0289728
test_12512,0.1746107
test_12513,0.0411487
test_12514,0.9708478
test_12515,0.0069858
test_12516,0.9189023
test_12517,0.0103130
test_12518,0.0069024
test_12519,0.0688936
test_12520,0.0036930
test_12521,0.0075589
test_12522,0.0207350
test_12523,0.0075149
test_12524,0.9842433
test_12525,0.0118970
test_12526,0.9198975
test_12527,0.0376956
test_12528,0.0041755
test_12529,0.0059216
test_12530,0.9895715
test_12531,0.0364823
test_12532,0.0517135
test_12533,0.8875808
test_12534,0.8463475
test_12535,0.9909769
test_12536,0.0996750
test_12537,0.6657435
test_12538,0.9950229
test_12539,0.0275256
test_12540,0.0164508
test_12541,0.1163966
test_12542,0.0012755
test_12543,0.0233121
test_12544,0.0491366
test_12545,0.9984663
test_12546,0.0238371
test_12547,0.0448060
test_12548,0.4982884
test_12549,0.9841871
test_12550,0.9787652
test_12551,0.0458638
test_12552,0.9968060
test_12553,0.9612642
test_12554,0.0070040
test_12555,0.9941911
test_12556,0.0062645
test_12557,0.4595022
test_12558,0.0221364
test_12559,0.9910415
test_12560,0.6955324
test_12561,0.9989983
test_12562,0.0242640
test_12563,0.9882463
test_12564,0.1088739
test_12565,0.0206272
test_12566,0.8990000
test_12567,0.0061679
test_12568,0.0170179
test_12569,0.9907472
test_12570,0.9471315
test_12571,0.0046929
test_12572,0.9550198
test_12573,0.0029974
test_12574,0.0495600
test_12575,0.0029471
test_12576,0.1618086
test_12577,0.0316213
test_12578,0.0905111
test_12579,0.9972267
test_12580,0.0021724
test_12581,0.8476485
test_12582,0.0052340
test_12583,0.7916219
test_12584,0.7846880
test_12585,0.9869481
test_12586,0.1864083
test_12587,0.7884502
test_12588,0.0343814
test_12589,0.0138190
test_12590,0.7223952
test_12591,0.9674103
test_12592,0.0204470
test_12593,0.0190633
test_12594,0.6902648
test_12595,0.9964737
test_12596,0.1514966
test_12597,0.7516367
test_12598,0.0281288
test_12599,0.0562264
test_12600,0.9393216
test_12601,0.9460833
test_12602,0.0675624
test_12603,0.9950599
test_12604,0.0160138
test_12605,0.0045337
test_12606,0.9893720
test_12607,0.0181333
test_12608,0.9850183
test_12609,0.3630803
test_12610,0.0309286
test_12611,0.0058357
test_12612,0.0168537
test_12613,0.9734923
test_12614,0.8928946
test_12615,0.5032132
test_12616,0.0121212
test_12617,0.0029493
test_12618,0.3926294
test_12619,0.6486121
test_12620,0.9864891
test_12621,0.0100764
test_12622,0.0353666
test_12623,0.9675875
test_12624,0.9834998
test_12625,0.4604166
test_12626,0.0229609
test_12627,0.1502867
test_12628,0.0018738
test_12629,0.9840060
test_12630,0.0057342
test_12631,0.9965582
test_12632,0.2421302
test_12633,0.0055367
test_12634,0.0565669
test_12635,0.0143114
test_12636,0.9780570
test_12637,0.7172510
test_12638,0.0017559
test_12639,0.9950334
test_12640,0.0457855
test_12641,0.0504798
test_12642,0.2085160
test_12643,0.9130806
test_12644,0.0589546
test_12645,0.9513661
test_12646,0.8252315
test_12647,0.0092855
test_12648,0.0016031
test_12649,0.0084163
test_12650,0.9709199
test_12651,0.9881457
test_12652,0.0059258
test_12653,0.6257799
test_12654,0.0190228
test_12655,0.9944754
test_12656,0.9677032
test_12657,0.9963747
test_12658,0.9903150
test_12659,0.0054359
test_12660,0.4566099
test_12661,0.9996865
test_12662,0.9659876
test_12663,0.0028594
test_12664,0.0128410
test_12665,0.4578356
test_12666,0.4858449
test_12667,0.6356596
test_12668,0.0418908
test_12669,0.3207466
test_12670,0.9856210
test_12671,0.9905795
test_12672,0.0007551
test_12673,0.0026340
test_12674,0.1960190
test_12675,0.7956156
test_12676,0.9853868
test_12677,0.9848312
test_12678,0.0232945
test_12679,0.9484911
test_12680,0.9911793
test_12681,0.2834440
test_12682,0.9671589
test_12683,0.0719355
test_12684,0.7728853
test_12685,0.0075833
test_12686,0.9906923
test_12687,0.9797468
test_12688,0.9179558
test_12689,0.5036736
test_12690,0.4277039
test_12691,0.9942058
test_12692,0.8046682
test_12693,0.9771060
test_12694,0.0416475
test_12695,0.0166865
test_12696,0.5367115
test_12697,0.0327945
test_12698,0.9758246
test_12699,0.5942318
test_12700,0.0187837
test_12701,0.8367856
test_12702,0.0036987
test_12703,0.0537568
test_12704,0.9943222
test_12705,0.9985968
test_12706,0.0115887
test_12707,0.9562269
test_12708,0.9300640
test_12709,0.9946309
test_12710,0.0039699
test_12711,0.9775016
test_12712,0.9838711
test_12713,0.0575577
test_12714,0.0076677
test_12715,0.1326123
test_12716,0.0003942
test_12717,0.0084761
test_12718,0.0457900
test_12719,0.9638327
test_12720,0.9886762
test_12721,0.9943664
test_12722,0.9977431
test_12723,0.0588387
test_12724,0.0075440
test_12725,0.8247114
test_12726,0.9875744
test_12727,0.5380729
test_12728,0.8742062
test_12729,0.9298673
test_12730,0.0351021
test_12731,0.6274477
test_12732,0.0347278
test_12733,0.8438805
test_12734,0.9934191
test_12735,0.9779977
test_12736,0.9952105
test_12737,0.9552087
test_12738,0.0229380
test_12739,0.9934648
test_12740,0.7114906
test_12741,0.0027840
test_12742,0.0274772
test_12743,0.0042806
test_12744,0.0394780
test_12745,0.1670764
test_12746,0.9948657
test_12747,0.9922071
test_12748,0.1679540
test_12749,0.0024293
test_12750,0.0012823
test_12751,0.0748909
test_12752,0.9561110
test_12753,0.0156147
test_12754,0.0597987
test_12755,0.9459021
test_12756,0.8631503
test_12757,0.9418842
test_12758,0.0329582
test_12759,0.0043068
test_12760,0.8926826
test_12761,0.8478714
test_12762,0.0093210
test_12763,0.5770847
test_12764,0.0010768
test_12765,0.9795303
test_12766,0.0088792
test_12767,0.1671489
test_12768,0.9984553
test_12769,0.9977390
test_12770,0.0059661
test_12771,0.0025132
test_12772,0.2075673
test_12773,0.8633764
test_12774,0.0037351
test_12775,0.7884690
test_12776,0.0030742
test_12777,0.0022316
test_12778,0.9225643
test_12779,0.0028910
test_12780,0.8554830
test_12781,0.9945601
test_12782,0.0017213
test_12783,0.9989504
test_12784,0.0055863
test_12785,0.9861165
test_12786,0.4866762
test_12787,0.9914472
test_12788,0.0170577
test_12789,0.9816899
test_12790,0.0211100
test_12791,0.0938531
test_12792,0.0224674
test_12793,0.9338835
test_12794,0.0434767
test_12795,0.9260867
test_12796,0.9841485
test_12797,0.9553603
test_12798,0.9846246
test_12799,0.0017887
test_12800,0.1412920
test_12801,0.0172171
test_12802,0.0027064
test_12803,0.9962504
test_12804,0.9970261
test_12805,0.0185541
test_12806,0.3090981
test_12807,0.9879808
test_12808,0.0085009
test_12809,0.9976877
test_12810,0.0006796
test_12811,0.6727982
test_12812,0.9934548
test_12813,0.7398357
test_12814,0.0273971
test_12815,0.0654393
test_12816,0.0364369
test_12817,0.0057492
test_12818,0.0130006
test_12819,0.0015747
test_12820,0.5877544
test_12821,0.0319869
test_12822,0.9615555
test_12823,0.9976251
test_12824,0.0046701
test_12825,0.0862296
test_12826,0.4602419
test_12827,0.0571398
test_12828,0.4236796
test_12829,0.8427379
test_12830,0.0652832
test_12831,0.0500918
test_12832,0.9577445
test_12833,0.0017779
test_12834,0.9811079
test_12835,0.9904815
test_12836,0.8849067
test_12837,0.9707429
test_12838,0.9789863
test_12839,0.0027133
test_12840,0.0045755
test_12841,0.0011501
test_12842,0.0381645
test_12843,0.9982479
test_12844,0.9700745
test_12845,0.0143988
test_12846,0.3516200
test_12847,0.7251061
test_12848,0.9558879
test_12849,0.1876205
test_12850,0.9846631
test_12851,0.5099542
test_12852,0.0023926
test_12853,0.9763951
test_12854,0.2789962
test_12855,0.0539857
test_12856,0.9957349
test_12857,0.7441016
test_12858,0.0032620
test_12859,0.6166555
test_12860,0.9871603
test_12861,0.3078668
test_12862,0.0251878
test_12863,0.0060769
test_12864,0.0038787
test_12865,0.5490140
test_12866,0.1862977
test_12867,0.9869219
test_12868,0.8345072
test_12869,0.3748769
test_12870,0.9821908
test_12871,0.4619097
test_12872,0.9886460
test_12873,0.9676952
test_12874,0.9957644
test_12875,0.0362004
test_12876,0.0029001
test_12877,0.0540916
test_12878,0.9936090
test_12879,0.9928252
test_12880,0.0111260
test_12881,0.0005097
test_12882,0.5036665
test_12883,0.0142952
test_12884,0.0403355
test_12885,0.0042138
test_12886,0.6975517
test_12887,0.2085414
test_12888,0.1834670
test_12889,0.4152812
test_12890,0.9982938
test_12891,0.0680997
test_12892,0.0089078
test_12893,0.9840806
test_12894,0.0059998
test_12895,0.8821338
test_12896,0.6296571
test_12897,0.9960356
test_12898,0.0276539
test_12899,0.0045383
test_12900,0.9756845
test_12901,0.9797831
test_12902,0.9845616
test_12903,0.4526532
test_12904,0.9418418
test_12905,0.9944399
test_12906,0.0034679
test_12907,0.0053290
test_12908,0.9950703
test_12909,0.9337178
test_12910,0.0356083
test_12911,0.9973492
test_12912,0.9974130
test_12913,0.0077784
test_12914,0.0041448
test_12915,0.0085038
test_12916,0.9979080
test_12917,0.7773746
test_12918,0.1268852
test_12919,0.9944263
test_12920,0.5076938
test_12921,0.0042997
test_12922,0.0045810
test_12923,0.9814992
test_12924,0.9521326
test_12925,0.9176897
test_12926,0.9935977
test_12927,0.0164352
test_12928,0.0051455
test_12929,0.9979091
test_12930,0.8834224
test_12931,0.1655622
test_12932,0.0122462
test_12933,0.9932379
test_12934,0.9287582
test_12935,0.2444669
test_12936,0.5987492
test_12937,0.8636821
test_12938,0.0287407
test_12939,0.9937413
test_12940,0.9196828
test_12941,0.8132962
test_12942,0.0239888
test_12943,0.0041331
test_12944,0.9499699
test_12945,0.0256134
test_12946,0.9992882
test_12947,0.9672896
test_12948,0.1063213
test_12949,0.0082117
test_12950,0.9355633
test_12951,0.1199851
test_12952,0.9080572
test_12953,0.9841827
test_12954,0.0148769
test_12955,0.0382147
test_12956,0.9427750
test_12957,0.8558605
test_12958,0.0025078
test_12959,0.4314273
test_12960,0.6936909
test_12961,0.3048747
test_12962,0.0079165
test_12963,0.9636377
test_12964,0.0248149
test_12965,0.2198303
test_12966,0.9552663
test_12967,0.0229321
test_12968,0.0141870
test_12969,0.9826975
test_12970,0.4235979
test_12971,0.0177763
test_12972,0.1592982
test_12973,0.0460807
test_12974,0.2013943
test_12975,0.3940372
test_12976,0.1162420
test_12977,0.0036187
test_12978,0.9442099
test_12979,0.0315446
test_12980,0.0018291
test_12981,0.9175498
test_12982,0.9744276
test_12983,0.7907738
test_12984,0.5722636
test_12985,0.8464323
test_12986,0.9898319
test_12987,0.9681601
test_12988,0.0177333
test_12989,0.8989685
test_12990,0.9865229
test_12991,0.0197943
test_12992,0.0195303
test_12993,0.9969073
test_12994,0.0850734
test_12995,0.8430290
test_12996,0.9180042
test_12997,0.0026517
test_12998,0.9974868
test_12999,0.5502264
test_13000,0.1204587
test_13001,0.9995371
test_13002,0.0024278
test_13003,0.9974204
test_13004,0.0042705
test_13005,0.9632915
test_13006,0.0471522
test_13007,0.0068536
test_13008,0.0295142
test_13009,0.9912316
test_13010,0.1320278
test_13011,0.0469042
test_13012,0.5081956
test_13013,0.9991978
test_13014,0.0236638
test_13015,0.9853728
test_13016,0.0029866
test_13017,0.8467175
test_13018,0.0182930
test_13019,0.9942318
test_13020,0.0105453
test_13021,0.0735763
test_13022,0.0184447
test_13023,0.6529999
test_13024,0.9896273
test_13025,0.7777480
test_13026,0.9277948
test_13027,0.9854029
test_13028,0.5013114
test_13029,0.9540392
test_13030,0.0154601
test_13031,0.5254127
test_13032,0.9833176
test_13033,0.0057136
test_13034,0.9933994
test_13035,0.0128486
test_13036,0.4718950
test_13037,0.9941277
test_13038,0.9883207
test_13039,0.9971016
test_13040,0.9811834
test_13041,0.9791391
test_13042,0.9684439
test_13043,0.9804744
test_13044,0.8957949
test_13045,0.0093542
test_13046,0.9909440
test_13047,0.0286842
test_13048,0.0031558
test_13049,0.9988226
test_13050,0.0021594
test_13051,0.0353547
test_13052,0.9871577
test_13053,0.9724143
test_13054,0.0008402
test_13055,0.0100954
test_13056,0.9667009
test_13057,0.0198611
test_13058,0.0054761
test_13059,0.9681507
test_13060,0.8453023
test_13061,0.8118606
test_13062,0.9989014
test_13063,0.0390455
test_13064,0.4183593
test_13065,0.9969757
test_13066,0.9475902
test_13067,0.0734086
test_13068,0.8483281
test_13069,0.9328589
test_13070,0.9922673
test_13071,0.1223738
test_13072,0.0024860
test_13073,0.4880551
test_13074,0.7190958
test_13075,0.9847531
test_13076,0.0835546
test_13077,0.5272489
test_13078,0.9004925
test_13079,0.9648750
test_13080,0.1312614
test_13081,0.0156444
test_13082,0.9830705
test_13083,0.8582256
test_13084,0.9160579
test_13085,0.9714665
test_13086,0.8246374
test_13087,0.0030903
test_13088,0.9745536
test_13089,0.0887299
test_13090,0.0335654
test_13091,0.0143597
test_13092,0.9945811
test_13093,0.0345265
test_13094,0.9398903
test_13095,0.8761333
test_13096,0.0076244
test_13097,0.0263432
test_13098,0.1945595
test_13099,0.0512117
test_13100,0.0299872
test_13101,0.1065162
test_13102,0.1216003
test_13103,0.0462452
test_13104,0.0154670
test_13105,0.9629675
test_13106,0.9816411
test_13107,0.9921094
test_13108,0.9169196
test_13109,0.0048181
test_13110,0.9735221
test_13111,0.8893706
test_13112,0.9643706
test_13113,0.4600530
test_13114,0.5720719
test_13115,0.6888035
test_13116,0.4157085
test_13117,0.0194563
test_13118,0.1313196
test_13119,0.0286090
test_13120,0.0240102
test_13121,0.5435096
test_13122,0.0037482
test_13123,0.0264355
test_13124,0.9723908
test_13125,0.9995378
test_13126,0.0181579
test_13127,0.9977680
test_13128,0.9633162
test_13129,0.0509686
test_13130,0.9624606
test_13131,0.0353324
test_13132,0.9975560
test_13133,0.0166175
test_13134,0.0086294
test_13135,0.0464399
test_13136,0.0051692
test_13137,0.9889225
test_13138,0.9856547
test_13139,0.0026535
test_13140,0.0184845
test_13141,0.9748992
test_13142,0.0629392
test_13143,0.9954461
test_13144,0.1433682
test_13145,0.0096188
test_13146,0.8772316
test_13147,0.9964712
test_13148,0.0221194
test_13149,0.0072812
test_13150,0.0458103
test_13151,0.5645249
test_13152,0.0107910
test_13153,0.9874405
test_13154,0.0107183
test_13155,0.9986331
test_13156,0.0215510
test_13157,0.3965776
test_13158,0.2187849
test_13159,0.9893184
test_13160,0.2645609
test_13161,0.0149052
test_13162,0.8815415
test_13163,0.9914557
test_13164,0.0118136
test_13165,0.0456417
test_13166,0.0650948
test_13167,0.5311781
test_13168,0.0227128
test_13169,0.0277297
test_13170,0.0057053
test_13171,0.0370468
test_13172,0.9582730
test_13173,0.0519390
test_13174,0.9886191
test_13175,0.1116239
test_13176,0.0521794
test_13177,0.0454324
test_13178,0.0010051
test_13179,0.0178460
test_13180,0.9962012
test_13181,0.0484683
test_13182,0.6664630
test_13183,0.9951795
test_13184,0.0259298
test_13185,0.9976383
test_13186,0.7517071
test_13187,0.9936479
test_13188,0.0149485
test_13189,0.4230111
test_13190,0.1248970
test_13191,0.1125681
test_13192,0.9994633
test_13193,0.0111441
test_13194,0.9964114
test_13195,0.0029345
test_13196,0.9979575
test_13197,0.0089208
test_13198,0.1538686
test_13199,0.9073586
test_13200,0.0377122
test_13201,0.1438338
test_13202,0.9009565
test_13203,0.6868318
test_13204,0.1748386
test_13205,0.2817440
test_13206,0.0014373
test_13207,0.9938936
test_13208,0.0022168
test_13209,0.1729160
test_13210,0.9818445
test_13211,0.4880963
test_13212,0.9480864
test_13213,0.0065553
test_13214,0.0109840
test_13215,0.2931714
test_13216,0.9705250
test_13217,0.9902212
test_13218,0.9989106
test_13219,0.0133515
test_13220,0.9889680
test_13221,0.0516533
test_13222,0.6360390
test_13223,0.0446692
test_13224,0.9973864
test_13225,0.0629696
test_13226,0.9915226
test_13227,0.9898722
test_13228,0.0327950
test_13229,0.1555658
test_13230,0.0422553
test_13231,0.7084521
test_13232,0.9811274
test_13233,0.0044903
test_13234,0.9978806
test_13235,0.2781082
test_13236,0.0301873
test_13237,0.2397417
test_13238,0.9942696
test_13239,0.9054302
test_13240,0.0121922
test_13241,0.0059389
test_13242,0.0220075
test_13243,0.9997250
test_13244,0.9192685
test_13245,0.2145056
test_13246,0.9808219
test_13247,0.5589731
test_13248,0.9402902
test_13249,0.0038815
test_13250,0.9757399
test_13251,0.0090754
test_13252,0.2395628
test_13253,0.0403966
test_13254,0.0047185
test_13255,0.9887451
test_13256,0.0011676
test_13257,0.0043301
test_13258,0.6037518
test_13259,0.9930904
test_13260,0.0152900
test_13261,0.0136667
test_13262,0.0508959
test_13263,0.0431032
test_13264,0.9193087
test_13265,0.9927229
test_13266,0.9401867
test_13267,0.5525040
test_13268,0.2377504
test_13269,0.5247646
test_13270,0.0346950
test_13271,0.0163421
test_13272,0.0011923
test_13273,0.9917100
test_13274,0.0153149
test_13275,0.0126452
test_13276,0.0095257
test_13277,0.0627437
test_13278,0.0675098
test_13279,0.0083117
test_13280,0.0240917
test_13281,0.9466587
test_13282,0.0040679
test_13283,0.5925554
test_13284,0.9252485
test_13285,0.0037891
test_13286,0.9618047
test_13287,0.0135593
test_13288,0.9096670
test_13289,0.0041002
test_13290,0.9460026
test_13291,0.9732220
test_13292,0.9435322
test_13293,0.9088587
test_13294,0.2021719
test_13295,0.9877458
test_13296,0.9961550
test_13297,0.1212132
test_13298,0.9754507
test_13299,0.9930088
test_13300,0.0738459
test_13301,0.9908059
test_13302,0.9764906
test_13303,0.0097064
test_13304,0.7176130
test_13305,0.9146356
test_13306,0.0016572
test_13307,0.0343260
test_13308,0.9939965
test_13309,0.9700553
test_13310,0.9928507
test_13311,0.8861337
test_13312,0.0065321
test_13313,0.4093804
test_13314,0.9898695
test_13315,0.9878417
test_13316,0.0216689
test_13317,0.9658881
test_13318,0.0138163
test_13319,0.9849139
test_13320,0.0839909
test_13321,0.0431052
test_13322,0.2385896
test_13323,0.9985049
test_13324,0.0215746
test_13325,0.0006337
test_13326,0.5607592
test_13327,0.7685380
test_13328,0.1287614
test_13329,0.5190378
test_13330,0.1598459
test_13331,0.0489333
test_13332,0.0082876
test_13333,0.9747588
test_13334,0.0466788
test_13335,0.0444574
test_13336,0.1322109
test_13337,0.9268748
test_13338,0.0560325
test_13339,0.9789255
test_13340,0.0198403
test_13341,0.9949134
test_13342,0.0226309
test_13343,0.9462072
test_13344,0.9944708
test_13345,0.9758686
test_13346,0.4577029
test_13347,0.0163309
test_13348,0.0160310
test_13349,0.0501269
test_13350,0.0073632
test_13351,0.9596836
test_13352,0.0177232
test_13353,0.0158801
test_13354,0.9893183
test_13355,0.1338264
test_13356,0.9700075
test_13357,0.0110676
test_13358,0.9360312
test_13359,0.9948577
test_13360,0.9964797
test_13361,0.0558403
test_13362,0.8295505
test_13363,0.0082976
test_13364,0.9844630
test_13365,0.9850518
test_13366,0.4874373
test_13367,0.8263963
test_13368,0.9631560
test_13369,0.0242302
test_13370,0.5859876
test_13371,0.9359088
test_13372,0.9967901
test_13373,0.9583613
test_13374,0.9744388
test_13375,0.9710373
test_13376,0.9563777
test_13377,0.6566991
test_13378,0.0062330
test_13379,0.0073654
test_13380,0.9689548
test_13381,0.2354015
test_13382,0.9800314
test_13383,0.9708701
test_13384,0.9909262
test_13385,0.9253546
test_13386,0.0541465
test_13387,0.0966038
test_13388,0.0442402
test_13389,0.0020579
test_13390,0.0158050
test_13391,0.9972327
test_13392,0.0062713
test_13393,0.8162253
test_13394,0.9667082
test_13395,0.9954044
test_13396,0.9751337
test_13397,0.5988522
test_13398,0.0364123
test_13399,0.9858657
test_13400,0.9884649
test_13401,0.0983558
test_13402,0.9789021
test_13403,0.9577402
test_13404,0.8831392
test_13405,0.9986751
test_13406,0.9663764
test_13407,0.0050260
test_13408,0.3555838
test_13409,0.7266928
test_13410,0.0396158
test_13411,0.9802893
test_13412,0.8454615
test_13413,0.0323985
test_13414,0.0535783
test_13415,0.9841922
test_13416,0.8973207
test_13417,0.0367740
test_13418,0.0235381
test_13419,0.5417264
test_13420,0.9104810
test_13421,0.0049132
test_13422,0.0057693
test_13423,0.0366357
test_13424,0.9781221
test_13425,0.2228036
test_13426,0.0120242
test_13427,0.9551638
test_13428,0.9964622
test_13429,0.9908026
test_13430,0.0250269
test_13431,0.9956455
test_13432,0.0014576
test_13433,0.0322445
test_13434,0.9650030
test_13435,0.2177887
test_13436,0.0059598
test_13437,0.3241144
test_13438,0.9727939
test_13439,0.7675921
test_13440,0.9502296
test_13441,0.9707872
test_13442,0.9900142
test_13443,0.7128210
test_13444,0.9989293
test_13445,0.9987907
test_13446,0.0197620
test_13447,0.1670536
test_13448,0.0206056
test_13449,0.0210335
test_13450,0.7239203
test_13451,0.5874741
test_13452,0.9421905
test_13453,0.9700928
test_13454,0.0261500
test_13455,0.0302420
test_13456,0.9943022
test_13457,0.8775924
test_13458,0.8443071
test_13459,0.9769017
test_13460,0.0060242
test_13461,0.1195454
test_13462,0.9850047
test_13463,0.3636225
test_13464,0.1604890
test_13465,0.0325933
test_13466,0.9588446
test_13467,0.0023265
test_13468,0.3839366
test_13469,0.9883568
test_13470,0.0245342
test_13471,0.9960058
test_13472,0.9774375
test_13473,0.5498715
test_13474,0.9045032
test_13475,0.9957094
test_13476,0.0324017
test_13477,0.9819832
test_13478,0.9964613
test_13479,0.9980474
test_13480,0.9979187
test_13481,0.9518527
test_13482,0.0213916
test_13483,0.9708903
test_13484,0.1041930
test_13485,0.9865339
test_13486,0.2489435
test_13487,0.0511448
test_13488,0.0226435
test_13489,0.9851785
test_13490,0.0266838
test_13491,0.0464061
test_13492,0.9901637
test_13493,0.9932640
test_13494,0.0034176
test_13495,0.0615584
test_13496,0.9730609
test_13497,0.0460299
test_13498,0.7438760
test_13499,0.0616245
test_13500,0.9935398
test_13501,0.1364253
test_13502,0.1886943
test_13503,0.0094200
test_13504,0.0025274
test_13505,0.0521066
test_13506,0.0265176
test_13507,0.0142725
test_13508,0.9850663
test_13509,0.0042323
test_13510,0.0120147
test_13511,0.5678448
test_13512,0.7280602
test_13513,0.0059737
test_13514,0.0463245
test_13515,0.1333885
test_13516,0.0442085
test_13517,0.0340314
test_13518,0.0295706
test_13519,0.0311121
test_13520,0.2478667
test_13521,0.9841873
test_13522,0.0086068
test_13523,0.9958939
test_13524,0.9869398
test_13525,0.9618343
test_13526,0.0070988
test_13527,0.9876642
test_13528,0.9857370
test_13529,0.5555436
test_13530,0.7214667
test_13531,0.0452773
test_13532,0.0102600
test_13533,0.9644609
test_13534,0.0040640
test_13535,0.9931653
test_13536,0.0181355
test_13537,0.0043167
test_13538,0.0406376
test_13539,0.2259442
test_13540,0.4426006
test_13541,0.7283797
test_13542,0.0657284
test_13543,0.1397431
test_13544,0.4912275
test_13545,0.5502537
test_13546,0.9884401
test_13547,0.2180836
test_13548,0.1979554
test_13549,0.6723896
test_13550,0.1318557
test_13551,0.8298011
test_13552,0.0022548
test_13553,0.9825280
test_13554,0.9878866
test_13555,0.0334083
test_13556,0.3582101
test_13557,0.9907217
test_13558,0.0309810
test_13559,0.0339931
test_13560,0.0233991
test_13561,0.3754932
test_13562,0.2116597
test_13563,0.8878607
test_13564,0.9529762
test_13565,0.9903730
test_13566,0.9813776
test_13567,0.9929195
test_13568,0.9605652
test_13569,0.9940783
test_13570,0.9819282
test_13571,0.0987413
test_13572,0.9902788
test_13573,0.9937500
test_13574,0.2985438
test_13575,0.9792230
test_13576,0.0182960
test_13577,0.1037421
test_13578,0.9611867
test_13579,0.0260407
test_13580,0.0052630
test_13581,0.9597607
test_13582,0.8814432
test_13583,0.1246414
test_13584,0.9818515
test_13585,0.8409138
test_13586,0.9973752
test_13587,0.0220954
test_13588,0.6179194
test_13589,0.9371690
test_13590,0.0720129
test_13591,0.0013458
test_13592,0.9645433
test_13593,0.4957123
test_13594,0.0335926
test_13595,0.0055195
test_13596,0.0047944
test_13597,0.0248199
test_13598,0.1616510
test_13599,0.9814346
test_13600,0.0377384
test_13601,0.9919103
test_13602,0.9935198
test_13603,0.9814668
test_13604,0.6558089
test_13605,0.0355448
test_13606,0.9337770
test_13607,0.0054252
test_13608,0.1914261
test_13609,0.9979207
test_13610,0.9868652
test_13611,0.9829514
test_13612,0.9454265
test_13613,0.9761682
test_13614,0.9921450
test_13615,0.6537185
test_13616,0.0318449
test_13617,0.8529525
test_13618,0.0053933
test_13619,0.7709261
test_13620,0.0189205
test_13621,0.9330229
test_13622,0.9888012
test_13623,0.0114813
test_13624,0.0066064
test_13625,0.9069567
test_13626,0.0131780
test_13627,0.0003372
test_13628,0.2768580
test_13629,0.2740087
test_13630,0.0021195
test_13631,0.0802937
test_13632,0.9787213
test_13633,0.1434406
test_13634,0.9979893
test_13635,0.9855989
test_13636,0.9567544
test_13637,0.9731904
test_13638,0.4501195
test_13639,0.5618035
test_13640,0.4928122
test_13641,0.9575772
test_13642,0.0129069
test_13643,0.0002582
test_13644,0.1005773
test_13645,0.9994434
test_13646,0.7818199
test_13647,0.8931199
test_13648,0.0681802
test_13649,0.0169767
test_13650,0.0016913
test_13651,0.0238919
test_13652,0.0185163
test_13653,0.0663741
test_13654,0.0547519
test_13655,0.1178535
test_13656,0.8718152
test_13657,0.0320567
test_13658,0.9471865
test_13659,0.9845334
test_13660,0.0080142
test_13661,0.1274191
test_13662,0.9802533
test_13663,0.0268987
test_13664,0.9993929
test_13665,0.0242137
test_13666,0.5023634
test_13667,0.0243884
test_13668,0.0524381
test_13669,0.6022257
test_13670,0.0254417
test_13671,0.0016388
test_13672,0.1603217
test_13673,0.0891829
test_13674,0.6062298
test_13675,0.0355977
test_13676,0.6540026
test_13677,0.1990570
test_13678,0.0390272
test_13679,0.0183112
test_13680,0.0235055
test_13681,0.9950464
test_13682,0.9710516
test_13683,0.9000820
test_13684,0.1477384
test_13685,0.7084720
test_13686,0.0659175
test_13687,0.9519372
test_13688,0.8141737
test_13689,0.9962388
test_13690,0.5021652
test_13691,0.9971579
test_13692,0.0483046
test_13693,0.0309156
test_13694,0.1201842
test_13695,0.9991882
test_13696,0.9940376
test_13697,0.0219522
test_13698,0.9995202
test_13699,0.9806281
test_13700,0.9968004
test_13701,0.0138302
test_13702,0.9988272
test_13703,0.0298876
test_13704,0.0036345
test_13705,0.9926308
test_13706,0.1683258
test_13707,0.0048285
test_13708,0.0114117
test_13709,0.5032834
test_13710,0.0085983
test_13711,0.0107859
test_13712,0.1243639
test_13713,0.9497618
test_13714,0.0140943
test_13715,0.1075902
test_13716,0.0040583
test_13717,0.9656275
test_13718,0.8562300
test_13719,0.2362332
test_13720,0.2871163
test_13721,0.9753572
test_13722,0.9703149
test_13723,0.2536385
test_13724,0.3098713
test_13725,0.9956846
test_13726,0.0079758
test_13727,0.8991023
test_13728,0.0046554
test_13729,0.9960501
test_13730,0.0239151
test_13731,0.0033119
test_13732,0.9971524
test_13733,0.9429570
test_13734,0.7432176
test_13735,0.9152595
test_13736,0.5306146
test_13737,0.0286223
test_13738,0.9677569
test_13739,0.9238464
test_13740,0.0019497
test_13741,0.0736535
test_13742,0.0086969
test_13743,0.0033123
test_13744,0.1245073
test_13745,0.0644443
test_13746,0.2915083
test_13747,0.0161804
test_13748,0.0039999
test_13749,0.9841784
test_13750,0.0089745
test_13751,0.9808366
test_13752,0.1063699
test_13753,0.5105761
test_13754,0.9919894
test_13755,0.0041399
test_13756,0.9980999
test_13757,0.1426041
test_13758,0.3062864
test_13759,0.7634944
test_13760,0.0073748
test_13761,0.0013755
test_13762,0.0039525
test_13763,0.7880318
test_13764,0.9511331
test_13765,0.9958786
test_13766,0.0125492
test_13767,0.0742198
test_13768,0.9722077
test_13769,0.8848765
test_13770,0.0157472
test_13771,0.2951626
test_13772,0.0198683
test_13773,0.7936864
test_13774,0.0090049
test_13775,0.0070282
test_13776,0.8713532
test_13777,0.8164878
test_13778,0.3317573
test_13779,0.9820554
test_13780,0.9950150
test_13781,0.3184988
test_13782,0.9420561
test_13783,0.0070380
test_13784,0.0015762
test_13785,0.9984784
test_13786,0.0767770
test_13787,0.8780499
test_13788,0.1004523
test_13789,0.8929123
test_13790,0.3676510
test_13791,0.0074928
test_13792,0.9516237
test_13793,0.2571333
test_13794,0.0379390
test_13795,0.0089138
test_13796,0.9981465
test_13797,0.9765670
test_13798,0.0122102
test_13799,0.1062007
test_13800,0.9877318
test_13801,0.2638667
test_13802,0.0466864
test_13803,0.0022228
test_13804,0.8279836
test_13805,0.1141596
test_13806,0.8902505
test_13807,0.2824490
test_13808,0.9856884
test_13809,0.0698737
test_13810,0.8659891
test_13811,0.0393546
test_13812,0.9887506
test_13813,0.9463233
test_13814,0.0032813
test_13815,0.3103238
test_13816,0.9939528
test_13817,0.9945524
test_13818,0.6965492
test_13819,0.6183496
test_13820,0.9938131
test_13821,0.0143465
test_13822,0.0105785
test_13823,0.9740300
test_13824,0.3370332
test_13825,0.0181160
test_13826,0.9863183
test_13827,0.9869936
test_13828,0.9036953
test_13829,0.9925541
test_13830,0.0213025
test_13831,0.0059406
test_13832,0.9714143
test_13833,0.9782282
test_13834,0.0050160
test_13835,0.9181539
test_13836,0.9364780
test_13837,0.0346857
test_13838,0.5615854
test_13839,0.9979001
test_13840,0.8774045
test_13841,0.0049463
test_13842,0.9944260
test_13843,0.2139570
test_13844,0.0315046
test_13845,0.9947765
test_13846,0.9483222
test_13847,0.0165342
test_13848,0.7518907
test_13849,0.0274587
test_13850,0.3690368
test_13851,0.2087799
test_13852,0.4956013
test_13853,0.9978037
test_13854,0.9778420
test_13855,0.0093511
test_13856,0.0446479
test_13857,0.9822176
test_13858,0.9403166
test_13859,0.9820083
test_13860,0.3505174
test_13861,0.9922199
test_13862,0.9971541
test_13863,0.9847049
test_13864,0.0560879
test_13865,0.9909663
test_13866,0.0037485
test_13867,0.0068587
test_13868,0.0078546
test_13869,0.9811889
test_13870,0.1749001
test_13871,0.0405910
test_13872,0.0246888
test_13873,0.8869121
test_13874,0.8089179
test_13875,0.0159187
test_13876,0.9943832
test_13877,0.0173051
test_13878,0.9724908
test_13879,0.2420660
test_13880,0.9718207
test_13881,0.9990082
test_13882,0.0742742
test_13883,0.5710301
test_13884,0.0225405
test_13885,0.0162773
test_13886,0.0137722
test_13887,0.9840715
test_13888,0.0393301
test_13889,0.3975285
test_13890,0.0055206
test_13891,0.9959779
test_13892,0.9956257
test_13893,0.0346646
test_13894,0.0235458
test_13895,0.0026421
test_13896,0.9907310
test_13897,0.1373214
test_13898,0.8656393
test_13899,0.9893869
test_13900,0.9255627
test_13901,0.1504333
test_13902,0.0121214
test_13903,0.9781459
test_13904,0.9881008
test_13905,0.0119405
test_13906,0.7644562
test_13907,0.9666886
test_13908,0.0013265
test_13909,0.0949126
test_13910,0.9827256
test_13911,0.6374251
test_13912,0.9925665
test_13913,0.0193562
test_13914,0.0755159
test_13915,0.0217842
test_13916,0.8327903
test_13917,0.0183779
test_13918,0.0012124
test_13919,0.9975824
test_13920,0.4925481
test_13921,0.7736065
test_13922,0.8134016
test_13923,0.9291484
test_13924,0.9222670
test_13925,0.9856297
test_13926,0.9123856
test_13927,0.0035824
test_13928,0.9967309
test_13929,0.9629634
test_13930,0.6268812
test_13931,0.8836047
test_13932,0.9931954
test_13933,0.4965193
test_13934,0.0099084
test_13935,0.0297433
test_13936,0.8351694
test_13937,0.9843313
test_13938,0.9423558
test_13939,0.9986498
test_13940,0.9582048
test_13941,0.0222194
test_13942,0.0108867
test_13943,0.9662400
test_13944,0.9516613
test_13945,0.0055448
test_13946,0.0112491
test_13947,0.9695557
test_13948,0.0007789
test_13949,0.0134759
test_13950,0.1162859
test_13951,0.0155144
test_13952,0.9723497
test_13953,0.9921460
test_13954,0.9611543
test_13955,0.9923807
test_13956,0.3241582
test_13957,0.0222383
test_13958,0.9968336
test_13959,0.0131054
test_13960,0.9329431
test_13961,0.9982350
test_13962,0.9909817
test_13963,0.9890425
test_13964,0.8394595
test_13965,0.5080278
test_13966,0.4982728
test_13967,0.9767745
test_13968,0.5943247
test_13969,0.0303383
test_13970,0.1162889
test_13971,0.4864697
test_13972,0.0126086
test_13973,0.9956757
test_13974,0.9602007
test_13975,0.9864553
test_13976,0.0442785
test_13977,0.9015594
test_13978,0.9890922
test_13979,0.0019809
test_13980,0.0298587
test_13981,0.1619411
test_13982,0.0611295
test_13983,0.9891642
test_13984,0.7305623
test_13985,0.9653322
test_13986,0.1900577
test_13987,0.0474687
test_13988,0.7787663
test_13989,0.9948652
test_13990,0.7702475
test_13991,0.0230835
test_13992,0.9019734
test_13993,0.5078678
test_13994,0.2731909
test_13995,0.9819045
test_13996,0.8109299
test_13997,0.0131554
test_13998,0.0789488
test_13999,0.9986038
test_14000,0.0018933
test_14001,0.0137050
test_14002,0.0414239
test_14003,0.6093314
test_14004,0.9793076
test_14005,0.0154142
test_14006,0.9954590
test_14007,0.9988725
test_14008,0.9399427
test_14009,0.9646865
test_14010,0.0018816
test_14011,0.9673619
test_14012,0.9972013
test_14013,0.9472129
test_14014,0.2435912
test_14015,0.9412497
test_14016,0.9679533
test_14017,0.0428567
test_14018,0.0116847
test_14019,0.7725776
test_14020,0.5075024
test_14021,0.0331659
test_14022,0.9837142
test_14023,0.0032821
test_14024,0.0404601
test_14025,0.9911437
test_14026,0.0041093
test_14027,0.0315166
test_14028,0.8837147
test_14029,0.0047706
test_14030,0.9894055
test_14031,0.9785409
test_14032,0.0052569
test_14033,0.0030156
test_14034,0.0062287
test_14035,0.0629257
test_14036,0.0021141
test_14037,0.0142268
test_14038,0.0063681
test_14039,0.9446184
test_14040,0.0416605
test_14041,0.0224072
test_14042,0.5719279
test_14043,0.9766817
test_14044,0.6793542
test_14045,0.4717303
test_14046,0.0992904
test_14047,0.9371138
test_14048,0.0093768
test_14049,0.0413613
test_14050,0.0736751
test_14051,0.0066974
test_14052,0.9600267
test_14053,0.2749752
test_14054,0.9903889
test_14055,0.0023803
test_14056,0.0347036
test_14057,0.9911709
test_14058,0.9731897
test_14059,0.9707773
test_14060,0.9295830
test_14061,0.9840518
test_14062,0.1411331
test_14063,0.0005125
test_14064,0.8577367
test_14065,0.9883834
test_14066,0.1616360
test_14067,0.1507605
test_14068,0.9614246
test_14069,0.0194722
test_14070,0.1613544
test_14071,0.0046269
test_14072,0.9830814
test_14073,0.0075148
test_14074,0.9928465
test_14075,0.0084283
test_14076,0.0031178
test_14077,0.9967907
test_14078,0.9737693
test_14079,0.7632701
test_14080,0.9930900
test_14081,0.9141318
test_14082,0.0360557
test_14083,0.0329525
test_14084,0.9162145
test_14085,0.9203623
test_14086,0.1695220
test_14087,0.9971784
test_14088,0.9810008
test_14089,0.1939322
test_14090,0.0115570
test_14091,0.0081213
test_14092,0.0244685
test_14093,0.0327261
test_14094,0.9724702
test_14095,0.9889880
test_14096,0.9640723
test_14097,0.9900893
test_14098,0.8642240
test_14099,0.0113037
test_14100,0.0407880
test_14101,0.8547734
test_14102,0.1035945
test_14103,0.2821659
test_14104,0.9102078
test_14105,0.0694709
test_14106,0.9928040
test_14107,0.9799172
test_14108,0.0475143
test_14109,0.0062897
test_14110,0.0730961
test_14111,0.9926430
test_14112,0.6069331
test_14113,0.0109554
test_14114,0.0086527
test_14115,0.0003219
test_14116,0.9912114
test_14117,0.8730022
test_14118,0.0220612
test_14119,0.9934421
test_14120,0.0430141
test_14121,0.0058832
test_14122,0.8129228
test_14123,0.9821004
test_14124,0.0115918
test_14125,0.9746827
test_14126,0.8619618
test_14127,0.9006881
test_14128,0.0123037
test_14129,0.9256046
test_14130,0.0010862
test_14131,0.0107975
test_14132,0.7955594
test_14133,0.0026203
test_14134,0.0041057
test_14135,0.8813780
test_14136,0.0115422
test_14137,0.0119618
test_14138,0.0305989
test_14139,0.0109222
test_14140,0.4160298
test_14141,0.7669592
test_14142,0.0746148
test_14143,0.0113224
test_14144,0.0025970
test_14145,0.0046388
test_14146,0.9789783
test_14147,0.9976975
test_14148,0.0004755
test_14149,0.9776741
test_14150,0.0269156
test_14151,0.9373363
test_14152,0.2927654
test_14153,0.0361827
test_14154,0.2433355
test_14155,0.6359315
test_14156,0.0088299
test_14157,0.0116999
test_14158,0.9811599
test_14159,0.0074323
test_14160,0.1232490
test_14161,0.0447728
test_14162,0.7097344
test_14163,0.7710816
test_14164,0.0333030
test_14165,0.7595884
test_14166,0.0051504
test_14167,0.9479169
test_14168,0.0043997
test_14169,0.0502537
test_14170,0.9986241
test_14171,0.9894544
test_14172,0.0144672
test_14173,0.0078115
test_14174,0.4525736
test_14175,0.9308263
test_14176,0.1865443
test_14177,0.0853480
test_14178,0.0101459
test_14179,0.9978032
test_14180,0.0146593
test_14181,0.0406960
test_14182,0.0786852
test_14183,0.9712910
test_14184,0.2294237
test_14185,0.7410885
test_14186,0.0128193
test_14187,0.0119918
test_14188,0.1102420
test_14189,0.3360751
test_14190,0.8661335
test_14191,0.9966235
test_14192,0.9989489
test_14193,0.1498525
test_14194,0.0252923
test_14195,0.9552045
test_14196,0.9962710
test_14197,0.9765714
test_14198,0.7914655
test_14199,0.0119594
test_14200,0.0027161
test_14201,0.0795133
test_14202,0.0188770
test_14203,0.6753972
test_14204,0.1768502
test_14205,0.7672019
test_14206,0.9825643
test_14207,0.0195497
test_14208,0.9861245
test_14209,0.2973554
test_14210,0.9804301
test_14211,0.0045511
test_14212,0.8553963
test_14213,0.0225963
test_14214,0.9781299
test_14215,0.9684457
test_14216,0.2038306
test_14217,0.0072451
test_14218,0.0253612
test_14219,0.9910277
test_14220,0.0012565
test_14221,0.9860690
test_14222,0.0179954
test_14223,0.2374806
test_14224,0.0032189
test_14225,0.9951990
test_14226,0.0228181
test_14227,0.9960799
test_14228,0.0051385
test_14229,0.9937588
test_14230,0.9976881
test_14231,0.0561678
test_14232,0.0318794
test_14233,0.9864591
test_14234,0.0227680
test_14235,0.0464675
test_14236,0.0458266
test_14237,0.9994650
test_14238,0.1148355
test_14239,0.4348189
test_14240,0.0215707
test_14241,0.0951680
test_14242,0.0278567
test_14243,0.9944366
test_14244,0.9849525
test_14245,0.9848309
test_14246,0.9987139
test_14247,0.8014891
test_14248,0.8619347
test_14249,0.0156987
test_14250,0.9979316
test_14251,0.9577194
test_14252,0.9824980
test_14253,0.9957160
test_14254,0.9973213
test_14255,0.2112421
test_14256,0.0210065
test_14257,0.9830503
test_14258,0.0068984
test_14259,0.9573056
test_14260,0.0301780
test_14261,0.0047869
test_14262,0.9940858
test_14263,0.2741191
test_14264,0.6960099
test_14265,0.0028300
test_14266,0.0141429
test_14267,0.9326282
test_14268,0.0870984
test_14269,0.0216864
test_14270,0.0187274
test_14271,0.0027066
test_14272,0.9932597
test_14273,0.0087275
test_14274,0.9950784
test_14275,0.0336345
test_14276,0.0347831
test_14277,0.0035838
test_14278,0.9323610
test_14279,0.9890791
test_14280,0.9644938
test_14281,0.9521585
test_14282,0.1250085
test_14283,0.0464992
test_14284,0.9688671
test_14285,0.4946207
test_14286,0.8197699
test_14287,0.0235101
test_14288,0.7994964
test_14289,0.9757717
test_14290,0.0817953
test_14291,0.9858138
test_14292,0.0290791
test_14293,0.6662121
test_14294,0.0300178
test_14295,0.5854123
test_14296,0.9969326
test_14297,0.9334871
test_14298,0.9892672
test_14299,0.5575428
test_14300,0.5018944
test_14301,0.2734039
test_14302,0.0049732
test_14303,0.9890520
test_14304,0.5595240
test_14305,0.2190823
test_14306,0.9882689
test_14307,0.9816858
test_14308,0.6795989
test_14309,0.0063075
test_14310,0.0013731
test_14311,0.9958713
test_14312,0.8298068
test_14313,0.9464417
test_14314,0.6292677
test_14315,0.0030206
test_14316,0.0207303
test_14317,0.8251973
test_14318,0.0959988
test_14319,0.9380504
test_14320,0.0054439
test_14321,0.9911510
test_14322,0.5763253
test_14323,0.0564420
test_14324,0.9840252
test_14325,0.0551768
test_14326,0.0483902
test_14327,0.0031306
test_14328,0.9729218
test_14329,0.0418515
test_14330,0.0496535
test_14331,0.0277482
test_14332,0.9766032
test_14333,0.0493495
test_14334,0.9583154
test_14335,0.9730156
test_14336,0.9988320
test_14337,0.0034922
test_14338,0.0288559
test_14339,0.9934397
test_14340,0.8553091
test_14341,0.9962699
test_14342,0.0949649
test_14343,0.4836631
test_14344,0.0129317
test_14345,0.0060307
test_14346,0.3715432
test_14347,0.9986429
test_14348,0.0051521
test_14349,0.9803596
test_14350,0.0195935
test_14351,0.0266992
test_14352,0.0044957
test_14353,0.9909832
test_14354,0.0006593
test_14355,0.8073797
test_14356,0.7341720
test_14357,0.0018577
test_14358,0.9955456
test_14359,0.9891959
test_14360,0.9942003
test_14361,0.0303857
test_14362,0.9839028
test_14363,0.3039397
test_14364,0.8784540
test_14365,0.2051012
test_14366,0.9710427
test_14367,0.9882121
test_14368,0.9532245
test_14369,0.9762735
test_14370,0.9937752
test_14371,0.9160050
test_14372,0.0203440
test_14373,0.0246056
test_14374,0.0165618
test_14375,0.0292191
test_14376,0.0262189
test_14377,0.0095627
test_14378,0.9181033
test_14379,0.0081377
test_14380,0.6375836
test_14381,0.0072943
test_14382,0.0554892
test_14383,0.7447597
test_14384,0.0040820
test_14385,0.8060741
test_14386,0.1100757
test_14387,0.9844973
test_14388,0.0651202
test_14389,0.0048469
test_14390,0.9863715
test_14391,0.9673876
test_14392,0.9641610
test_14393,0.4428904
test_14394,0.6127623
test_14395,0.9060035
test_14396,0.9974447
test_14397,0.9894014
test_14398,0.9771178
test_14399,0.9725323
test_14400,0.9660316
test_14401,0.0749677
test_14402,0.1587162
test_14403,0.9617177
test_14404,0.2362768
test_14405,0.9106698
test_14406,0.9916451
test_14407,0.0698686
test_14408,0.1634393
test_14409,0.9885526
test_14410,0.1137585
test_14411,0.0053397
test_14412,0.9514446
test_14413,0.6676719
test_14414,0.0191374
test_14415,0.9167762
test_14416,0.8359488
test_14417,0.0104405
test_14418,0.0059725
test_14419,0.0018664
test_14420,0.0879565
test_14421,0.9978193
test_14422,0.4068335
test_14423,0.9035541
test_14424,0.0027466
test_14425,0.0809073
test_14426,0.0397316
test_14427,0.9428462
test_14428,0.0617391
test_14429,0.9798615
test_14430,0.0221313
test_14431,0.9881107
test_14432,0.1190021
test_14433,0.9946727
test_14434,0.8981633
test_14435,0.0064951
test_14436,0.2638510
test_14437,0.9282213
test_14438,0.9735763
test_14439,0.2147935
test_14440,0.0604181
test_14441,0.9921566
test_14442,0.1419210
test_14443,0.9231359
test_14444,0.9435887
test_14445,0.0129837
test_14446,0.2729822
test_14447,0.9929433
test_14448,0.0939632
test_14449,0.0712234
test_14450,0.8096886
test_14451,0.9866916
test_14452,0.2527204
test_14453,0.9679384
test_14454,0.0059499
test_14455,0.9834552
test_14456,0.7502052
test_14457,0.2118606
test_14458,0.5028113
test_14459,0.0098607
test_14460,0.0044652
test_14461,0.0156666
test_14462,0.9648611
test_14463,0.5043555
test_14464,0.9741065
test_14465,0.9864842
test_14466,0.1564654
test_14467,0.4299466
test_14468,0.1433788
test_14469,0.0092616
test_14470,0.9871326
test_14471,0.0027287
test_14472,0.0492252
test_14473,0.0416561
test_14474,0.9152943
test_14475,0.9314397
test_14476,0.9644215
test_14477,0.9910449
test_14478,0.9964403
test_14479,0.1427952
test_14480,0.8777868
test_14481,0.0511954
test_14482,0.1310387
test_14483,0.3414799
test_14484,0.9942109
test_14485,0.0298163
test_14486,0.0493400
test_14487,0.9843969
test_14488,0.5972096
test_14489,0.0044393
test_14490,0.2226098
test_14491,0.9252524
test_14492,0.1499331
test_14493,0.0040456
test_14494,0.1226201
test_14495,0.0393175
test_14496,0.0034033
test_14497,0.9942809
test_14498,0.9901606
test_14499,0.0200622
test_14500,0.0387585
test_14501,0.1234848
test_14502,0.7564417
test_14503,0.9233453
test_14504,0.2082663
test_14505,0.0123300
test_14506,0.0012327
test_14507,0.9644567
test_14508,0.0077113
test_14509,0.0433650
test_14510,0.8731339
test_14511,0.9987776
test_14512,0.9943270
test_14513,0.0149405
test_14514,0.0106408
test_14515,0.0029786
test_14516,0.9566118
test_14517,0.0494381
test_14518,0.9863076
test_14519,0.9100743
test_14520,0.0549198
test_14521,0.9667015
test_14522,0.0362680
test_14523,0.7245328
test_14524,0.5418615
test_14525,0.9878282
test_14526,0.0061495
test_14527,0.7936218
test_14528,0.9866579
test_14529,0.0169536
test_14530,0.9748142
test_14531,0.6571611
test_14532,0.0040485
test_14533,0.0102013
test_14534,0.9083046
test_14535,0.0087902
test_14536,0.9988998
test_14537,0.0471387
test_14538,0.0160585
test_14539,0.0112192
test_14540,0.9429139
test_14541,0.0007642
test_14542,0.8875573
test_14543,0.0041389
test_14544,0.0437448
test_14545,0.9591014
test_14546,0.9412789
test_14547,0.9795417
test_14548,0.6580632
test_14549,0.0137949
test_14550,0.9949408
test_14551,0.9821934
test_14552,0.6499546
test_14553,0.9870989
test_14554,0.0842848
test_14555,0.0244425
test_14556,0.9885063
test_14557,0.9955810
test_14558,0.0748519
test_14559,0.0177738
test_14560,0.0153322
test_14561,0.9990628
test_14562,0.9947788
test_14563,0.8257689
test_14564,0.0032251
test_14565,0.9839327
test_14566,0.2699725
test_14567,0.8548397
test_14568,0.9973898
test_14569,0.0637681
test_14570,0.9855351
test_14571,0.0461746
test_14572,0.1309339
test_14573,0.9910269
test_14574,0.7264454
test_14575,0.0012589
test_14576,0.5555717
test_14577,0.9925377
test_14578,0.0022226
test_14579,0.0031355
test_14580,0.5279281
test_14581,0.9896170
test_14582,0.9764491
test_14583,0.8072098
test_14584,0.9695092
test_14585,0.9733647
test_14586,0.1475712
test_14587,0.2688892
test_14588,0.6644161
test_14589,0.1277414
test_14590,0.9821920
test_14591,0.9926134
test_14592,0.9962062
test_14593,0.9768724
test_14594,0.9943991
test_14595,0.8385738
test_14596,0.0012208
test_14597,0.2947997
test_14598,0.0042379
test_14599,0.9970936
test_14600,0.9989208
test_14601,0.9969966
test_14602,0.9054449
test_14603,0.2593743
test_14604,0.8720487
test_14605,0.4839382
test_14606,0.7183020
test_14607,0.0165280
test_14608,0.9943690
test_14609,0.1734176
test_14610,0.1556597
test_14611,0.0517628
test_14612,0.0200003
test_14613,0.9660171
test_14614,0.6040259
test_14615,0.8454486
test_14616,0.0110973
test_14617,0.9852589
test_14618,0.9509075
test_14619,0.9687667
test_14620,0.9854825
test_14621,0.9095612
test_14622,0.9897600
test_14623,0.9991212
test_14624,0.9924238
test_14625,0.9615042
test_14626,0.9984567
test_14627,0.9900521
test_14628,0.1147856
test_14629,0.9817652
test_14630,0.0014953
test_14631,0.6087420
test_14632,0.0434147
test_14633,0.9429888
test_14634,0.0443736
test_14635,0.9851491
test_14636,0.0048675
test_14637,0.4172793
test_14638,0.6500526
test_14639,0.0029876
test_14640,0.0280776
test_14641,0.0697767
test_14642,0.1957098
test_14643,0.9612229
test_14644,0.0698079
test_14645,0.0355385
test_14646,0.6878719
test_14647,0.0871305
test_14648,0.0084407
test_14649,0.9492221
test_14650,0.9588982
test_14651,0.9689845
test_14652,0.0543241
test_14653,0.9258593
test_14654,0.0012865
test_14655,0.1780329
test_14656,0.0057412
test_14657,0.9962200
test_14658,0.2268390
test_14659,0.2608709
test_14660,0.0184983
test_14661,0.0313416
test_14662,0.9925819
test_14663,0.9510223
test_14664,0.9981969
test_14665,0.0046913
test_14666,0.9862208
test_14667,0.9048348
test_14668,0.9767987
test_14669,0.0300381
test_14670,0.9751985
test_14671,0.0734263
test_14672,0.9761103
test_14673,0.8304035
test_14674,0.9798375
test_14675,0.9658629
test_14676,0.9942818
test_14677,0.3132474
test_14678,0.9906143
test_14679,0.9017567
test_14680,0.4583368
test_14681,0.4321789
test_14682,0.9937596
test_14683,0.0247593
test_14684,0.9456460
test_14685,0.7277195
test_14686,0.1568051
test_14687,0.1189439
test_14688,0.8449215
test_14689,0.0144992
test_14690,0.7943167
test_14691,0.9584070
test_14692,0.0130392
test_14693,0.8493738
test_14694,0.5770475
test_14695,0.7137499
test_14696,0.9830393
test_14697,0.0137515
test_14698,0.8286464
test_14699,0.9993892
test_14700,0.5078514
test_14701,0.2058035
test_14702,0.9971534
test_14703,0.4168906
test_14704,0.9705225
test_14705,0.1035244
test_14706,0.5560508
test_14707,0.2631640
test_14708,0.0256983
test_14709,0.9967775
test_14710,0.9319550
test_14711,0.0093071
test_14712,0.0026456
test_14713,0.9980590
test_14714,0.7657850
test_14715,0.4541066
test_14716,0.7599938
test_14717,0.8457699
test_14718,0.0100525
test_14719,0.2864870
test_14720,0.9965871
test_14721,0.9800850
test_14722,0.9658570
test_14723,0.9911997
test_14724,0.9259304
test_14725,0.9367598
test_14726,0.9888753
test_14727,0.9722591
test_14728,0.0030741
test_14729,0.2163691
test_14730,0.9905802
test_14731,0.9170305
test_14732,0.9858577
test_14733,0.9936292
test_14734,0.0027676
test_14735,0.9950427
test_14736,0.9335247
test_14737,0.8547866
test_14738,0.0037647
test_14739,0.8944976
test_14740,0.9855854
test_14741,0.0073662
test_14742,0.0114667
test_14743,0.9386929
test_14744,0.9931347
test_14745,0.9728191
test_14746,0.9874214
test_14747,0.9835863
test_14748,0.2081010
test_14749,0.8519742
test_14750,0.0275415
test_14751,0.0119994
test_14752,0.2373013
test_14753,0.0437132
test_14754,0.9847270
test_14755,0.0410802
test_14756,0.7833629
test_14757,0.8967651
test_14758,0.9834713
test_14759,0.0128225
test_14760,0.7279466
test_14761,0.6150029
test_14762,0.0620897
test_14763,0.4813790
test_14764,0.9992939
test_14765,0.0630091
test_14766,0.9980277
test_14767,0.6007100
test_14768,0.9898990
test_14769,0.9199115
test_14770,0.7735998
test_14771,0.9758973
test_14772,0.0177221
test_14773,0.0095248
test_14774,0.8786346
test_14775,0.0086947
test_14776,0.7044002
test_14777,0.9888892
test_14778,0.9696772
test_14779,0.0360208
test_14780,0.9683148
test_14781,0.0788229
test_14782,0.9690125
test_14783,0.0076306
test_14784,0.2674716
test_14785,0.9917982
test_14786,0.0421905
test_14787,0.0175532
test_14788,0.9932299
test_14789,0.0086479
test_14790,0.0450504
test_14791,0.9814556
test_14792,0.9151555
test_14793,0.9923239
test_14794,0.0290122
test_14795,0.8517740
test_14796,0.9669259
test_14797,0.6093136
test_14798,0.9957226
test_14799,0.0122839
test_14800,0.0425324
test_14801,0.0067873
test_14802,0.0032992
test_14803,0.0588213
test_14804,0.0014526
test_14805,0.0086209
test_14806,0.0279694
test_14807,0.5540652
test_14808,0.4902036
test_14809,0.9686498
test_14810,0.0302219
test_14811,0.8497229
test_14812,0.9938170
test_14813,0.9709697
test_14814,0.9796829
test_14815,0.8855487
test_14816,0.4969434
test_14817,0.6798376
test_14818,0.7585088
test_14819,0.9944248
test_14820,0.0154943
test_14821,0.0198378
test_14822,0.9804996
test_14823,0.4335408
test_14824,0.6934681
test_14825,0.0236727
test_14826,0.5885367
test_14827,0.9369538
test_14828,0.0267873
test_14829,0.9760643
test_14830,0.0446033
test_14831,0.9676221
test_14832,0.0156816
test_14833,0.0074777
test_14834,0.9974470
test_14835,0.0013089
test_14836,0.9608011
test_14837,0.6366266
test_14838,0.0074192
test_14839,0.1382025
test_14840,0.0426470
test_14841,0.9796947
test_14842,0.9407910
test_14843,0.0582646
test_14844,0.5045747
test_14845,0.8529985
test_14846,0.9925764
test_14847,0.9917724
test_14848,0.9956667
test_14849,0.9967138
test_14850,0.0082278
test_14851,0.9884821
test_14852,0.0290927
test_14853,0.0025395
test_14854,0.0358768
test_14855,0.9574852
test_14856,0.0660171
test_14857,0.9916903
test_14858,0.7948660
test_14859,0.9871546
test_14860,0.9967182
test_14861,0.8114585
test_14862,0.9980807
test_14863,0.0065775
test_14864,0.0024446
test_14865,0.9856899
test_14866,0.0484292
test_14867,0.0172422
test_14868,0.7658513
test_14869,0.9981182
test_14870,0.0201563
test_14871,0.9839275
test_14872,0.9421645
test_14873,0.0409405
test_14874,0.2582866
test_14875,0.8648051
test_14876,0.0218242
test_14877,0.0163426
test_14878,0.9738694
test_14879,0.9674592
test_14880,0.8532345
test_14881,0.0101563
test_14882,0.0042187
test_14883,0.9931648
test_14884,0.0383927
test_14885,0.9014554
test_14886,0.5291979
test_14887,0.0585864
test_14888,0.9186803
test_14889,0.1842993
test_14890,0.0771683
test_14891,0.9785129
test_14892,0.0137195
test_14893,0.4068544
test_14894,0.6684420
test_14895,0.9721512
test_14896,0.0067459
test_14897,0.2447385
test_14898,0.8308181
test_14899,0.0343704
test_14900,0.3266791
test_14901,0.0147507
test_14902,0.0215091
test_14903,0.9632955
test_14904,0.9254090
test_14905,0.9980075
test_14906,0.9950244
test_14907,0.0222764
test_14908,0.0068129
test_14909,0.0291542
test_14910,0.0862931
test_14911,0.9982826
test_14912,0.9957281
test_14913,0.9629625
test_14914,0.9941363
test_14915,0.1139227
test_14916,0.9745120
test_14917,0.5415508
test_14918,0.0034814
test_14919,0.0083621
test_14920,0.0430121
test_14921,0.0334131
test_14922,0.3998612
test_14923,0.0065223
test_14924,0.9743387
test_14925,0.9949812
test_14926,0.0945564
test_14927,0.0178540
test_14928,0.9903728
test_14929,0.3125147
test_14930,0.0885360
test_14931,0.9971031
test_14932,0.0226007
test_14933,0.3613294
test_14934,0.1385856
test_14935,0.0132406
test_14936,0.5978482
test_14937,0.9866299
test_14938,0.0292819
test_14939,0.0294365
test_14940,0.1946949
test_14941,0.9874945
test_14942,0.9957260
test_14943,0.0191405
test_14944,0.9637743
test_14945,0.0040126
test_14946,0.0300739
test_14947,0.9188659
test_14948,0.9778478
test_14949,0.7992421
test_14950,0.9133510
test_14951,0.0033577
test_14952,0.0074876
test_14953,0.9885502
test_14954,0.0019876
test_14955,0.0039420
test_14956,0.0103360
test_14957,0.4869149
test_14958,0.0018434
test_14959,0.1300423
test_14960,0.9259133
test_14961,0.8848462
test_14962,0.9423765
test_14963,0.5704694
test_14964,0.0023953
test_14965,0.9665202
test_14966,0.9460270
test_14967,0.0108217
test_14968,0.0023552
test_14969,0.0053685
test_14970,0.0039359
test_14971,0.0058455
test_14972,0.8831695
test_14973,0.3562448
test_14974,0.9917946
test_14975,0.9869351
test_14976,0.0369573
test_14977,0.0628858
test_14978,0.0819701
test_14979,0.0144617
test_14980,0.9923752
test_14981,0.2240655
test_14982,0.9103392
test_14983,0.9702030
test_14984,0.1658853
test_14985,0.2085122
test_14986,0.9560258
test_14987,0.0946795
test_14988,0.0138096
test_14989,0.9508778
test_14990,0.0438863
test_14991,0.9956363
test_14992,0.5749601
test_14993,0.9502384
test_14994,0.8479330
test_14995,0.0198075
test_14996,0.9956236
test_14997,0.0020173
test_14998,0.9977544
test_14999,0.5722800
test_15000,0.9611526
test_15001,0.9828168
test_15002,0.0164547
test_15003,0.3444263
test_15004,0.0923098
test_15005,0.0203600
test_15006,0.0029202
test_15007,0.1422917
test_15008,0.9249647
test_15009,0.0087298
test_15010,0.0106615
test_15011,0.0027626
test_15012,0.2932146
test_15013,0.9359696
test_15014,0.9661843
test_15015,0.9375829
test_15016,0.2997873
test_15017,0.0466412
test_15018,0.5132055
test_15019,0.1526971
test_15020,0.9954145
test_15021,0.0234154
test_15022,0.0044480
test_15023,0.9812073
test_15024,0.8209507
test_15025,0.0210837
test_15026,0.3134727
test_15027,0.0554863
test_15028,0.0071115
test_15029,0.9890853
test_15030,0.1525920
test_15031,0.5029933
test_15032,0.0075194
test_15033,0.1810167
test_15034,0.9931548
test_15035,0.9055843
test_15036,0.0104558
test_15037,0.0917517
test_15038,0.9901049
test_15039,0.0288900
test_15040,0.9700432
test_15041,0.0622588
test_15042,0.9676536
test_15043,0.0093613
test_15044,0.6859968
test_15045,0.0055751
test_15046,0.0014508
test_15047,0.9779897
test_15048,0.9963887
test_15049,0.9978428
test_15050,0.9339055
test_15051,0.9527716
test_15052,0.8775092
test_15053,0.0262115
test_15054,0.1541449
test_15055,0.0070466
test_15056,0.9904891
test_15057,0.9785779
test_15058,0.9272684
test_15059,0.9980169
test_15060,0.3009795
test_15061,0.8608495
test_15062,0.9941032
test_15063,0.9987122
test_15064,0.0755671
test_15065,0.9834530
test_15066,0.3151384
test_15067,0.5395758
test_15068,0.0838310
test_15069,0.0830538
test_15070,0.9693510
test_15071,0.0354123
test_15072,0.8923188
test_15073,0.0009721
test_15074,0.0310272
test_15075,0.0021861
test_15076,0.9901434
test_15077,0.8274049
test_15078,0.0215228
test_15079,0.2237590
test_15080,0.0389090
test_15081,0.8825901
test_15082,0.9614537
test_15083,0.9924390
test_15084,0.9546816
test_15085,0.9972475
test_15086,0.0827828
test_15087,0.9577652
test_15088,0.9222656
test_15089,0.2375846
test_15090,0.0122446
test_15091,0.9872374
test_15092,0.9868852
test_15093,0.0591473
test_15094,0.9780883
test_15095,0.0072370
test_15096,0.0414869
test_15097,0.9840265
test_15098,0.0055690
test_15099,0.9885191
test_15100,0.5893072
test_15101,0.0053088
test_15102,0.9891323
test_15103,0.0131339
test_15104,0.8979857
test_15105,0.9748098
test_15106,0.9868616
test_15107,0.0058837
test_15108,0.0055609
test_15109,0.5839983
test_15110,0.9627772
test_15111,0.9630724
test_15112,0.9794958
test_15113,0.6271642
test_15114,0.9724580
test_15115,0.9911403
test_15116,0.9948689
test_15117,0.5359981
test_15118,0.6435871
test_15119,0.0097407
test_15120,0.0566255
test_15121,0.0019585
test_15122,0.1458193
test_15123,0.2092509
test_15124,0.0084033
test_15125,0.3731390
test_15126,0.1492458
test_15127,0.9259837
test_15128,0.3483655
test_15129,0.0024481
test_15130,0.0068219
test_15131,0.7638175
test_15132,0.0737339
test_15133,0.9976891
test_15134,0.8274826
test_15135,0.8052626
test_15136,0.9870339
test_15137,0.1100871
test_15138,0.9953627
test_15139,0.0153969
test_15140,0.0150646
test_15141,0.9884110
test_15142,0.9934918
test_15143,0.1108754
test_15144,0.1129120
test_15145,0.9934537
test_15146,0.9691658
test_15147,0.0317406
test_15148,0.0297100
test_15149,0.4199067
test_15150,0.1633536
test_15151,0.9829686
test_15152,0.0053379
test_15153,0.0227237
test_15154,0.9806269
test_15155,0.0197048
test_15156,0.0483151
test_15157,0.9570777
test_15158,0.0020576
test_15159,0.0124963
test_15160,0.8488468
test_15161,0.9901477
test_15162,0.9730533
test_15163,0.0197302
test_15164,0.9561386
test_15165,0.0798028
test_15166,0.2490692
test_15167,0.8021484
test_15168,0.0368583
test_15169,0.0434830
test_15170,0.0485525
test_15171,0.9760146
test_15172,0.0216916
test_15173,0.0129007
test_15174,0.0247795
test_15175,0.9892169
test_15176,0.9640815
test_15177,0.0433035
test_15178,0.0253227
test_15179,0.1827497
test_15180,0.9971216
test_15181,0.0037433
test_15182,0.7321927
test_15183,0.0015260
test_15184,0.9952643
test_15185,0.5160691
test_15186,0.4899300
test_15187,0.3594156
test_15188,0.9781758
test_15189,0.9628081
test_15190,0.0008390
test_15191,0.0096166
test_15192,0.4849417
test_15193,0.0769581
test_15194,0.2768895
test_15195,0.0078149
test_15196,0.0649857
test_15197,0.9955848
test_15198,0.2355698
test_15199,0.0122722
test_15200,0.0066800
test_15201,0.9005276
test_15202,0.9977961
test_15203,0.0059550
test_15204,0.9878859
test_15205,0.9802552
test_15206,0.9753144
test_15207,0.9475549
test_15208,0.0523414
test_15209,0.3067979
test_15210,0.0047035
test_15211,0.0368024
test_15212,0.0160654
test_15213,0.9854335
test_15214,0.9806277
test_15215,0.9914882
test_15216,0.9495138
test_15217,0.4007123
test_15218,0.9928555
test_15219,0.9083703
test_15220,0.0063007
test_15221,0.0566283
test_15222,0.9929351
test_15223,0.0575417
test_15224,0.0729311
test_15225,0.2552827
test_15226,0.9165983
test_15227,0.0031503
test_15228,0.8701946
test_15229,0.0423276
test_15230,0.9943401
test_15231,0.9901553
test_15232,0.9657183
test_15233,0.0221124
test_15234,0.5233973
test_15235,0.0179386
test_15236,0.9625515
test_15237,0.0503744
test_15238,0.9922553
test_15239,0.0448051
test_15240,0.9975843
test_15241,0.7077987
test_15242,0.0010484
test_15243,0.0175258
test_15244,0.0591560
test_15245,0.9448831
test_15246,0.2461174
test_15247,0.9919381
test_15248,0.7237344
test_15249,0.3174101
test_15250,0.9508267
test_15251,0.9445918
test_15252,0.9590938
test_15253,0.9539208
test_15254,0.0147377
test_15255,0.0371099
test_15256,0.0232787
test_15257,0.9607859
test_15258,0.0021953
test_15259,0.0401062
test_15260,0.6989507
test_15261,0.9508194
test_15262,0.6196514
test_15263,0.9943386
test_15264,0.0045180
test_15265,0.0114084
test_15266,0.9750753
test_15267,0.0118344
test_15268,0.0004697
test_15269,0.9881406
test_15270,0.9975080
test_15271,0.0076019
test_15272,0.9534761
test_15273,0.6515198
test_15274,0.0150913
test_15275,0.0016382
test_15276,0.2608550
test_15277,0.1201797
test_15278,0.9837525
test_15279,0.7730374
test_15280,0.9817110
test_15281,0.0142026
test_15282,0.5086042
test_15283,0.7631056
test_15284,0.4650405
test_15285,0.0100636
test_15286,0.3548448
test_15287,0.4148929
test_15288,0.0070133
test_15289,0.0171386
test_15290,0.7841029
test_15291,0.0422161
test_15292,0.0040166
test_15293,0.0496801
test_15294,0.9889040
test_15295,0.2934774
test_15296,0.9943387
test_15297,0.9773728
test_15298,0.0832209
test_15299,0.0033397
test_15300,0.0045968
test_15301,0.0051483
test_15302,0.5179130
test_15303,0.6680303
test_15304,0.9406703
test_15305,0.9986801
test_15306,0.9641294
test_15307,0.9573284
test_15308,0.1402442
test_15309,0.9911891
test_15310,0.1426419
test_15311,0.0040441
test_15312,0.0025119
test_15313,0.0312414
test_15314,0.1176747
test_15315,0.9017146
test_15316,0.4663743
test_15317,0.1652635
test_15318,0.0115248
test_15319,0.0434309
test_15320,0.0698437
test_15321,0.9888234
test_15322,0.0862078
test_15323,0.9943836
test_15324,0.9197038
test_15325,0.9952245
test_15326,0.9915123
test_15327,0.8623884
test_15328,0.0180552
test_15329,0.9630738
test_15330,0.0114064
test_15331,0.7753915
test_15332,0.9761266
test_15333,0.0012626
test_15334,0.7603343
test_15335,0.0550640
test_15336,0.9922814
test_15337,0.9876537
test_15338,0.0128965
test_15339,0.4080277
test_15340,0.9704527
test_15341,0.9533181
test_15342,0.0550107
test_15343,0.0083011
test_15344,0.9954030
test_15345,0.9950519
test_15346,0.0145662
test_15347,0.9253394
test_15348,0.0217122
test_15349,0.9393451
test_15350,0.1502762
test_15351,0.0044646
test_15352,0.2661825
test_15353,0.6947973
test_15354,0.9833100
test_15355,0.9864612
test_15356,0.0492157
test_15357,0.2543101
test_15358,0.0989716
test_15359,0.9935775
test_15360,0.9956388
test_15361,0.9611910
test_15362,0.0341336
test_15363,0.2002408
test_15364,0.9776335
test_15365,0.0241578
test_15366,0.2714994
test_15367,0.9660801
test_15368,0.8741299
test_15369,0.9931772
test_15370,0.0414304
test_15371,0.0991776
test_15372,0.0055280
test_15373,0.0811580
test_15374,0.9576173
test_15375,0.0333109
test_15376,0.9815014
test_15377,0.9883035
test_15378,0.9798886
test_15379,0.9547917
test_15380,0.9900483
test_15381,0.9665443
test_15382,0.1685670
test_15383,0.1131591
test_15384,0.1345114
test_15385,0.1291922
test_15386,0.9930735
test_15387,0.6395176
test_15388,0.9961293
test_15389,0.8446431
test_15390,0.0195099
test_15391,0.9386395
test_15392,0.0095199
test_15393,0.9302639
test_15394,0.0349771
test_15395,0.9937239
test_15396,0.0020279
test_15397,0.5250189
test_15398,0.9932584
test_15399,0.0382942
test_15400,0.9549447
test_15401,0.9704713
test_15402,0.9526578
test_15403,0.6087682
test_15404,0.7320326
test_15405,0.9162651
test_15406,0.8669902
test_15407,0.9821084
test_15408,0.6023213
test_15409,0.9906626
test_15410,0.5756652
test_15411,0.9630376
test_15412,0.9966971
test_15413,0.9961829
test_15414,0.9962996
test_15415,0.3798862
test_15416,0.0124938
test_15417,0.9823284
test_15418,0.9943918
test_15419,0.9931144
test_15420,0.9771150
test_15421,0.9775932
test_15422,0.1856940
test_15423,0.0215800
test_15424,0.9936255
test_15425,0.9409220
test_15426,0.9811104
test_15427,0.9781868
test_15428,0.9723959
test_15429,0.4153528
test_15430,0.5196357
test_15431,0.9975507
test_15432,0.0240420
test_15433,0.0203884
test_15434,0.9986399
test_15435,0.6470597
test_15436,0.1385316
test_15437,0.9456152
test_15438,0.0151480
test_15439,0.9760926
test_15440,0.0526097
test_15441,0.7222740
test_15442,0.0610500
test_15443,0.0170493
test_15444,0.0072191
test_15445,0.9840841
test_15446,0.9128703
test_15447,0.0382322
test_15448,0.8782029
test_15449,0.1604617
test_15450,0.9930289
test_15451,0.5460165
test_15452,0.9529020
test_15453,0.9700550
test_15454,0.0728908
test_15455,0.9949844
test_15456,0.9922655
test_15457,0.0086918
test_15458,0.0400299
test_15459,0.0754369
test_15460,0.8496965
test_15461,0.9811091
test_15462,0.9787192
test_15463,0.0095521
test_15464,0.2419632
test_15465,0.9946831
test_15466,0.6033731
test_15467,0.2928930
test_15468,0.9764624
test_15469,0.3295871
test_15470,0.9552650
test_15471,0.3119607
test_15472,0.0051618
test_15473,0.0462066
test_15474,0.1673510
test_15475,0.1281217
test_15476,0.1538708
test_15477,0.9562045
test_15478,0.8947885
test_15479,0.8270863
test_15480,0.5607245
test_15481,0.8751317
test_15482,0.5758656
test_15483,0.9913997
test_15484,0.0125842
test_15485,0.9845261
test_15486,0.0722650
test_15487,0.0046492
test_15488,0.4281489
test_15489,0.0106921
test_15490,0.0109201
test_15491,0.0114981
test_15492,0.9986684
test_15493,0.0225241
test_15494,0.9921805
test_15495,0.0120440
test_15496,0.3941174
test_15497,0.8876461
test_15498,0.8715214
test_15499,0.9890633
test_15500,0.0145726
test_15501,0.9941340
test_15502,0.9952602
test_15503,0.4957963
test_15504,0.9999471
test_15505,0.9393320
test_15506,0.7711417
test_15507,0.0178816
test_15508,0.9839382
test_15509,0.0745037
test_15510,0.0503379
test_15511,0.9971080
test_15512,0.0111750
test_15513,0.9368178
test_15514,0.9955531
test_15515,0.9920951
test_15516,0.9698448
test_15517,0.2658815
test_15518,0.0134757
test_15519,0.9985462
test_15520,0.1213364
test_15521,0.9991696
test_15522,0.8939461
test_15523,0.0042064
test_15524,0.1456154
test_15525,0.0947974
test_15526,0.9881605
test_15527,0.9949622
test_15528,0.0216546
test_15529,0.0682673
test_15530,0.9650733
test_15531,0.0345491
test_15532,0.0136586
test_15533,0.0061882
test_15534,0.0076697
test_15535,0.0071032
test_15536,0.0118370
test_15537,0.9819810
test_15538,0.5584546
test_15539,0.0439821
test_15540,0.0059331
test_15541,0.9863007
test_15542,0.0237203
test_15543,0.0481631
test_15544,0.5030391
test_15545,0.5453880
test_15546,0.0652007
test_15547,0.0313282
test_15548,0.0093392
test_15549,0.0678767
test_15550,0.9479013
test_15551,0.0007569
test_15552,0.0027807
test_15553,0.9625081
test_15554,0.0305090
test_15555,0.9374055
test_15556,0.5316151
test_15557,0.1018587
test_15558,0.0037301
test_15559,0.5983307
test_15560,0.9404914
test_15561,0.1506128
test_15562,0.9957088
test_15563,0.8093138
test_15564,0.0040196
test_15565,0.0343438
test_15566,0.9973673
test_15567,0.0302572
test_15568,0.7907060
test_15569,0.0009664
test_15570,0.9988921
test_15571,0.1206511
test_15572,0.0104793
test_15573,0.9301517
test_15574,0.9803314
test_15575,0.0069234
test_15576,0.9973432
test_15577,0.6035340
test_15578,0.9969442
test_15579,0.9102893
test_15580,0.9021890
test_15581,0.0012345
test_15582,0.8836960
test_15583,0.1619155
test_15584,0.0088569
test_15585,0.9937916
test_15586,0.9978665
test_15587,0.0594793
test_15588,0.0843387
test_15589,0.9827757
test_15590,0.0053426
test_15591,0.0130600
test_15592,0.9719540
test_15593,0.8143249
test_15594,0.9029993
test_15595,0.0183383
test_15596,0.9685109
test_15597,0.9588761
test_15598,0.0201478
test_15599,0.0082211
test_15600,0.0117983
test_15601,0.9939902
test_15602,0.0273649
test_15603,0.0160868
test_15604,0.0342936
test_15605,0.0357918
test_15606,0.5353138
test_15607,0.9557050
test_15608,0.1718000
test_15609,0.9914181
test_15610,0.5121607
test_15611,0.7089016
test_15612,0.9898593
test_15613,0.5129882
test_15614,0.0709380
test_15615,0.0319551
test_15616,0.0682238
test_15617,0.9577718
test_15618,0.0035377
test_15619,0.9841437
test_15620,0.0872053
test_15621,0.9836553
test_15622,0.0253237
test_15623,0.0064080
test_15624,0.3898717
test_15625,0.0115287
test_15626,0.7146116
test_15627,0.9445358
test_15628,0.0091560
test_15629,0.0228877
test_15630,0.3215321
test_15631,0.9951170
test_15632,0.8781837
test_15633,0.9880342
test_15634,0.0677367
test_15635,0.0129292
test_15636,0.9896148
test_15637,0.9890903
test_15638,0.9951887
test_15639,0.0193015
test_15640,0.9823438
test_15641,0.9795403
test_15642,0.9781425
test_15643,0.9518588
test_15644,0.1075915
test_15645,0.9947237
test_15646,0.9936355
test_15647,0.2642180
test_15648,0.3666573
test_15649,0.0620363
test_15650,0.9896531
test_15651,0.0061366
test_15652,0.9920609
test_15653,0.0003235
test_15654,0.9022976
test_15655,0.5668035
test_15656,0.9820482
test_15657,0.1840174
test_15658,0.9915848
test_15659,0.0060588
test_15660,0.0056309
test_15661,0.0353098
test_15662,0.0293696
test_15663,0.7102187
test_15664,0.0876303
test_15665,0.9948738
test_15666,0.9972552
test_15667,0.0069289
test_15668,0.9800785
test_15669,0.9745722
test_15670,0.3980353
test_15671,0.9895684
test_15672,0.9990358
test_15673,0.0095568
test_15674,0.1289944
test_15675,0.8936307
test_15676,0.0040752
test_15677,0.1307757
test_15678,0.9748656
test_15679,0.9974014
test_15680,0.9860728
test_15681,0.2534851
test_15682,0.0332594
test_15683,0.1363861
test_15684,0.9113851
test_15685,0.0009496
test_15686,0.2590248
test_15687,0.9659659
test_15688,0.9396462
test_15689,0.0120910
test_15690,0.0263098
test_15691,0.0349782
test_15692,0.0042754
test_15693,0.9839850
test_15694,0.0249607
test_15695,0.0440136
test_15696,0.8993652
test_15697,0.9837561
test_15698,0.0083051
test_15699,0.9963623
test_15700,0.0007161
test_15701,0.9825500
test_15702,0.8545725
test_15703,0.7590126
test_15704,0.5042388
test_15705,0.0128545
test_15706,0.9810737
test_15707,0.9994541
test_15708,0.7773439
test_15709,0.9701515
test_15710,0.9964172
test_15711,0.9866850
test_15712,0.0039340
test_15713,0.9426488
test_15714,0.0222103
test_15715,0.9932254
test_15716,0.0176149
test_15717,0.7161949
test_15718,0.9823530
test_15719,0.0241638
test_15720,0.9725795
test_15721,0.9880021
test_15722,0.9855320
test_15723,0.9406512
test_15724,0.5524536
test_15725,0.4507664
test_15726,0.9118148
test_15727,0.0241970
test_15728,0.0231917
test_15729,0.0101389
test_15730,0.0047578
test_15731,0.0262579
test_15732,0.9843565
test_15733,0.4550822
test_15734,0.0180968
test_15735,0.2659959
test_15736,0.0228583
test_15737,0.9947890
test_15738,0.0280392
test_15739,0.8001661
test_15740,0.0572720
test_15741,0.9901077
test_15742,0.9961588
test_15743,0.9967505
test_15744,0.0617343
test_15745,0.9185891
test_15746,0.9988570
test_15747,0.4848270
test_15748,0.0174726
test_15749,0.9977884
test_15750,0.4458692
test_15751,0.9946526
test_15752,0.8834245
test_15753,0.9926871
test_15754,0.0227845
test_15755,0.5468292
test_15756,0.2272700
test_15757,0.5530030
test_15758,0.3608712
test_15759,0.0135584
test_15760,0.7770588
test_15761,0.9622653
test_15762,0.9235635
test_15763,0.0993814
test_15764,0.9530391
test_15765,0.9703606
test_15766,0.0602955
test_15767,0.9934576
test_15768,0.0075358
test_15769,0.0224047
test_15770,0.9137725
test_15771,0.0371264
test_15772,0.7151873
test_15773,0.0350305
test_15774,0.9887069
test_15775,0.5823872
test_15776,0.0019625
test_15777,0.0091073
test_15778,0.0092479
test_15779,0.0052294
test_15780,0.0272943
test_15781,0.1282057
test_15782,0.8756475
test_15783,0.9470534
test_15784,0.0448214
test_15785,0.2040305
test_15786,0.9837972
test_15787,0.2185907
test_15788,0.0135468
test_15789,0.0017572
test_15790,0.9733190
test_15791,0.9047067
test_15792,0.9641255
test_15793,0.5721767
test_15794,0.9581888
test_15795,0.0104165
test_15796,0.0066477
test_15797,0.0127178
test_15798,0.0574630
test_15799,0.0436881
test_15800,0.8437193
test_15801,0.8884245
test_15802,0.0643023
test_15803,0.0540765
test_15804,0.0011376
test_15805,0.9747888
test_15806,0.0204945
test_15807,0.9302863
test_15808,0.9859763
test_15809,0.7272938
test_15810,0.0017298
test_15811,0.9305720
test_15812,0.0542506
test_15813,0.9197612
test_15814,0.2145458
test_15815,0.0245667
test_15816,0.9910762
test_15817,0.0579769
test_15818,0.4951899
test_15819,0.9953989
test_15820,0.0211710
test_15821,0.9963872
test_15822,0.8094441
test_15823,0.0063766
test_15824,0.0922784
test_15825,0.3573259
test_15826,0.0448724
test_15827,0.9478563
test_15828,0.9501529
test_15829,0.9648716
test_15830,0.0064309
test_15831,0.0040895
test_15832,0.9970647
test_15833,0.7056528
test_15834,0.0221422
test_15835,0.0617958
test_15836,0.9802796
test_15837,0.9198627
test_15838,0.4815694
test_15839,0.9656271
test_15840,0.8890777
test_15841,0.0009659
test_15842,0.9827726
test_15843,0.1514471
test_15844,0.1116309
test_15845,0.9937877
test_15846,0.3746509
test_15847,0.0184732
test_15848,0.2122200
test_15849,0.5580753
test_15850,0.0137217
test_15851,0.9045920
test_15852,0.0436400
test_15853,0.9926152
test_15854,0.9815178
test_15855,0.8378553
test_15856,0.9624342
test_15857,0.0023967
test_15858,0.9588661
test_15859,0.9890628
test_15860,0.0193027
test_15861,0.8944067
test_15862,0.3219134
test_15863,0.9504172
test_15864,0.9760481
test_15865,0.9938154
test_15866,0.9893861
test_15867,0.9939573
test_15868,0.9672275
test_15869,0.0101742
test_15870,0.0084481
test_15871,0.8004040
test_15872,0.0186448
test_15873,0.1876589
test_15874,0.0182560
test_15875,0.0127717
test_15876,0.0124633
test_15877,0.1501599
test_15878,0.7712581
test_15879,0.2780667
test_15880,0.0511113
test_15881,0.0007848
test_15882,0.4321241
test_15883,0.0046218
test_15884,0.9140384
test_15885,0.9874635
test_15886,0.0354176
test_15887,0.9943138
test_15888,0.7528515
test_15889,0.8243178
test_15890,0.6865563
test_15891,0.3642656
test_15892,0.9705075
test_15893,0.0309977
test_15894,0.0023188
test_15895,0.9973724
test_15896,0.9510545
test_15897,0.9377424
test_15898,0.3615237
test_15899,0.1636714
test_15900,0.9964367
test_15901,0.9872029
test_15902,0.0414547
test_15903,0.5288309
test_15904,0.0292365
test_15905,0.9929857
test_15906,0.0638634
test_15907,0.9294561
test_15908,0.4627369
test_15909,0.9579439
test_15910,0.9920776
test_15911,0.0153395
test_15912,0.9323326
test_15913,0.9368340
test_15914,0.9791788
test_15915,0.0649848
test_15916,0.0269916
test_15917,0.0443924
test_15918,0.0527867
test_15919,0.9909964
test_15920,0.8691931
test_15921,0.5924261
test_15922,0.0639690
test_15923,0.9290040
test_15924,0.1074602
test_15925,0.3558068
test_15926,0.9943570
test_15927,0.9988889
test_15928,0.9184502
test_15929,0.9979587
test_15930,0.2740378
test_15931,0.0117655
test_15932,0.9992014
test_15933,0.9937397
test_15934,0.0064358
test_15935,0.9946845
test_15936,0.3449036
test_15937,0.5857444
test_15938,0.9977309
test_15939,0.9786348
test_15940,0.9923499
test_15941,0.8859100
test_15942,0.0267227
test_15943,0.9893913
test_15944,0.0652561
test_15945,0.7697415
test_15946,0.0582330
test_15947,0.0034741
test_15948,0.9803182
test_15949,0.9958452
test_15950,0.0121092
test_15951,0.0004876
test_15952,0.6811642
test_15953,0.2214393
test_15954,0.5939660
test_15955,0.0177545
test_15956,0.0375599
test_15957,0.0213251
test_15958,0.9862186
test_15959,0.9876269
test_15960,0.1887720
test_15961,0.8765417
test_15962,0.9927660
test_15963,0.4497245
test_15964,0.8630699
test_15965,0.1803355
test_15966,0.9852337
test_15967,0.0097394
test_15968,0.0164454
test_15969,0.0793813
test_15970,0.7988920
test_15971,0.0264314
test_15972,0.0163475
test_15973,0.0101095
test_15974,0.2721302
test_15975,0.3932618
test_15976,0.2398809
test_15977,0.7975087
test_15978,0.5834621
test_15979,0.9070057
test_15980,0.0065885
test_15981,0.8460383
test_15982,0.0047127
test_15983,0.8603738
test_15984,0.9924034
test_15985,0.0791838
test_15986,0.0088165
test_15987,0.0161885
test_15988,0.9750751
test_15989,0.1412705
test_15990,0.9856060
test_15991,0.9748763
test_15992,0.0045182
test_15993,0.8412639
test_15994,0.0008615
test_15995,0.4454768
test_15996,0.0562584
test_15997,0.0071316
test_15998,0.2396291
test_15999,0.5991719
test_16000,0.0024869
test_16001,0.6449691
test_16002,0.0034801
test_16003,0.9945830
test_16004,0.0070480
test_16005,0.0042153
test_16006,0.6708168
test_16007,0.7558668
test_16008,0.6917450
test_16009,0.0047571
test_16010,0.9467965
test_16011,0.0849386
test_16012,0.1012166
test_16013,0.9974883
test_16014,0.0533586
test_16015,0.0057067
test_16016,0.1262406
test_16017,0.1182790
test_16018,0.9948199
test_16019,0.3558694
test_16020,0.9377998
test_16021,0.9911657
test_16022,0.9683099
test_16023,0.0362064
test_16024,0.1395884
test_16025,0.0533902
test_16026,0.9721009
test_16027,0.9332910
test_16028,0.0182357
test_16029,0.0423281
test_16030,0.2919618
test_16031,0.2658070
test_16032,0.9702530
test_16033,0.3396536
test_16034,0.8332675
test_16035,0.0159494
test_16036,0.0162597
test_16037,0.0024744
test_16038,0.0258622
test_16039,0.0163770
test_16040,0.0028520
test_16041,0.9925778
test_16042,0.9669378
test_16043,0.9918537
test_16044,0.9693924
test_16045,0.9900703
test_16046,0.0063382
test_16047,0.0816998
test_16048,0.9477526
test_16049,0.5738053
test_16050,0.7334427
test_16051,0.6504041
test_16052,0.0015228
test_16053,0.9529521
test_16054,0.2040195
test_16055,0.0066487
test_16056,0.9800151
test_16057,0.6790119
test_16058,0.0279824
test_16059,0.9670451
test_16060,0.6113533
test_16061,0.9415314
test_16062,0.2376743
test_16063,0.8717189
test_16064,0.8283795
test_16065,0.9881003
test_16066,0.3362412
test_16067,0.8989506
test_16068,0.0096825
test_16069,0.0258168
test_16070,0.1208500
test_16071,0.5289426
test_16072,0.9840682
test_16073,0.0027943
test_16074,0.0349867
test_16075,0.9166326
test_16076,0.9526104
test_16077,0.9970038
test_16078,0.4870542
test_16079,0.9009422
test_16080,0.9941756
test_16081,0.9778510
test_16082,0.8151887
test_16083,0.1918969
test_16084,0.0052760
test_16085,0.1033999
test_16086,0.9719863
test_16087,0.9844861
test_16088,0.9931622
test_16089,0.0050649
test_16090,0.0243966
test_16091,0.9709276
test_16092,0.7181339
test_16093,0.0783539
test_16094,0.9997394
test_16095,0.9827849
test_16096,0.9912263
test_16097,0.2705109
test_16098,0.9227890
test_16099,0.9930726
test_16100,0.0070564
test_16101,0.0109173
test_16102,0.9731300
test_16103,0.3899657
test_16104,0.1307780
test_16105,0.9318323
test_16106,0.9701173
test_16107,0.9823368
test_16108,0.1659267
test_16109,0.9768699
test_16110,0.0489475
test_16111,0.9408847
test_16112,0.9963226
test_16113,0.9813788
test_16114,0.0585927
test_16115,0.0337884
test_16116,0.0114920
test_16117,0.9939324
test_16118,0.7133018
test_16119,0.9840564
test_16120,0.0295720
test_16121,0.3999490
test_16122,0.1749658
test_16123,0.9913825
test_16124,0.9823779
test_16125,0.9896490
test_16126,0.0764585
test_16127,0.9603024
test_16128,0.0460035
test_16129,0.0442046
test_16130,0.9931095
test_16131,0.4040037
test_16132,0.9938108
test_16133,0.0135699
test_16134,0.9733299
test_16135,0.9508990
test_16136,0.9965333
test_16137,0.9991025
test_16138,0.3112722
test_16139,0.9825438
test_16140,0.0107258
test_16141,0.2832432
test_16142,0.0369497
test_16143,0.8926913
test_16144,0.9575848
test_16145,0.1537501
test_16146,0.3112433
test_16147,0.0899500
test_16148,0.0502413
test_16149,0.0370604
test_16150,0.1393130
test_16151,0.9851198
test_16152,0.0169663
test_16153,0.8562716
test_16154,0.0389931
test_16155,0.9953596
test_16156,0.9425886
test_16157,0.0303693
test_16158,0.0032565
test_16159,0.4165788
test_16160,0.0688696
test_16161,0.8922971
test_16162,0.9567965
test_16163,0.0017549
test_16164,0.4541914
test_16165,0.0157409
test_16166,0.0070306
test_16167,0.0321160
test_16168,0.0138664
test_16169,0.9872854
test_16170,0.8012602
test_16171,0.0215503
test_16172,0.3294946
test_16173,0.8678306
test_16174,0.0142707
test_16175,0.8832128
test_16176,0.0305191
test_16177,0.0217227
test_16178,0.0085610
test_16179,0.0236900
test_16180,0.2685669
test_16181,0.9873748
test_16182,0.0351858
test_16183,0.0407689
test_16184,0.9852632
test_16185,0.8403494
test_16186,0.0102464
test_16187,0.1969465
test_16188,0.0546256
test_16189,0.9987980
test_16190,0.2921564
test_16191,0.1049922
test_16192,0.8162344
test_16193,0.9926562
test_16194,0.0235616
test_16195,0.9899956
test_16196,0.0180123
test_16197,0.9956105
test_16198,0.0199674
test_16199,0.9296967
test_16200,0.6115596
test_16201,0.0237270
test_16202,0.8766533
test_16203,0.9809651
test_16204,0.8701763
test_16205,0.8992724
test_16206,0.9988388
test_16207,0.9084092
test_16208,0.9553090
test_16209,0.0523470
test_16210,0.9926750
test_16211,0.9972612
test_16212,0.7165331
test_16213,0.9943762
test_16214,0.0019529
test_16215,0.9833243
test_16216,0.9883652
test_16217,0.0034718
test_16218,0.9993441
test_16219,0.9731477
test_16220,0.9728218
test_16221,0.9920257
test_16222,0.9892066
test_16223,0.3154398
test_16224,0.9861156
test_16225,0.9485968
test_16226,0.9855258
test_16227,0.0273628
test_16228,0.0122519
test_16229,0.9759971
test_16230,0.9870305
test_16231,0.9564443
test_16232,0.0167247
test_16233,0.0586264
test_16234,0.9588749
test_16235,0.8150441
test_16236,0.0014785
test_16237,0.8541154
test_16238,0.0347345
test_16239,0.0307140
test_16240,0.9640760
test_16241,0.0269545
test_16242,0.2468535
test_16243,0.8836265
test_16244,0.3477441
test_16245,0.9732062
test_16246,0.9088558
test_16247,0.0081863
test_16248,0.9963193
test_16249,0.0032155
test_16250,0.9300596
test_16251,0.6028981
test_16252,0.0185237
test_16253,0.9790503
test_16254,0.9893662
test_16255,0.0383178
test_16256,0.0238712
test_16257,0.3872911
test_16258,0.0009834
test_16259,0.9872615
test_16260,0.4250182
test_16261,0.9299695
test_16262,0.9992756
test_16263,0.8312095
test_16264,0.0104451
test_16265,0.9729150
test_16266,0.9671968
test_16267,0.0085908
test_16268,0.9942189
test_16269,0.1837189
test_16270,0.9369394
test_16271,0.9986902
test_16272,0.9980500
test_16273,0.9996790
test_16274,0.9719218
test_16275,0.0032386
test_16276,0.0075500
test_16277,0.9926021
test_16278,0.0057157
test_16279,0.0013248
test_16280,0.9873375
test_16281,0.9676445
test_16282,0.5151423
test_16283,0.0054766
test_16284,0.1718185
test_16285,0.9206049
test_16286,0.1553835
test_16287,0.9983640
test_16288,0.0055046
test_16289,0.9861318
test_16290,0.0473500
test_16291,0.9699293
test_16292,0.9829082
test_16293,0.9988923
test_16294,0.0233414
test_16295,0.8022280
test_16296,0.4858439
test_16297,0.8257267
test_16298,0.8871469
test_16299,0.8200137
test_16300,0.0111099
test_16301,0.0100445
test_16302,0.0053979
test_16303,0.9885910
test_16304,0.0415816
test_16305,0.6536956
test_16306,0.9870006
test_16307,0.9922184
test_16308,0.9891807
test_16309,0.9992444
test_16310,0.0022313
test_16311,0.9742937
test_16312,0.0076632
test_16313,0.3507553
test_16314,0.9963334
test_16315,0.1047514
test_16316,0.5599880
test_16317,0.9865861
test_16318,0.9801090
test_16319,0.0762579
test_16320,0.9988282
test_16321,0.9798736
test_16322,0.0362458
test_16323,0.0678857
test_16324,0.9871223
test_16325,0.7801288
test_16326,0.6739725
test_16327,0.0187754
test_16328,0.0101022
test_16329,0.0148829
test_16330,0.9946957
test_16331,0.0617544
test_16332,0.6520313
test_16333,0.0471492
test_16334,0.8953866
test_16335,0.9860798
test_16336,0.0245794
test_16337,0.5022534
test_16338,0.9805970
test_16339,0.9376113
test_16340,0.9849496
test_16341,0.7177868
test_16342,0.9963743
test_16343,0.9908625
test_16344,0.8993567
test_16345,0.2172431
test_16346,0.9660696
test_16347,0.0562202
test_16348,0.9657360
test_16349,0.9998095
test_16350,0.0901425
test_16351,0.5088044
test_16352,0.0033988
test_16353,0.9948686
test_16354,0.1485094
test_16355,0.8101923
test_16356,0.0534456
test_16357,0.2571907
test_16358,0.0503758
test_16359,0.9758746
test_16360,0.0334756
test_16361,0.4145420
test_16362,0.9809634
test_16363,0.1567982
test_16364,0.0268196
test_16365,0.9156433
test_16366,0.5235664
test_16367,0.9916306
test_16368,0.0520364
test_16369,0.0095764
test_16370,0.0404205
test_16371,0.8756004
test_16372,0.9920779
test_16373,0.5510270
test_16374,0.0039927
test_16375,0.9874303
test_16376,0.9851928
test_16377,0.9842010
test_16378,0.8198388
test_16379,0.0056440
test_16380,0.0791361
test_16381,0.2833920
test_16382,0.0698986
test_16383,0.7271978
test_16384,0.9763228
test_16385,0.0044152
test_16386,0.9482059
test_16387,0.9703654
test_16388,0.4317990
test_16389,0.9199386
test_16390,0.9906126
test_16391,0.2063729
test_16392,0.9942304
test_16393,0.0604047
test_16394,0.8791229
test_16395,0.0131106
test_16396,0.9827284
test_16397,0.0076566
test_16398,0.5371109
test_16399,0.2884136
test_16400,0.0044017
test_16401,0.9898882
test_16402,0.9964777
test_16403,0.9804659
test_16404,0.9913212
test_16405,0.0018831
test_16406,0.0022480
test_16407,0.9791857
test_16408,0.7790444
test_16409,0.0228222
test_16410,0.0242740
test_16411,0.0211886
test_16412,0.0265217
test_16413,0.0030811
test_16414,0.9749951
test_16415,0.9880599
test_16416,0.0546319
test_16417,0.0277405
test_16418,0.0116005
test_16419,0.0546581
test_16420,0.0065508
test_16421,0.9388070
test_16422,0.9987419
test_16423,0.9665412
test_16424,0.2366770
test_16425,0.0798487
test_16426,0.0255330
test_16427,0.7886459
test_16428,0.1095536
test_16429,0.9604613
test_16430,0.7680499
test_16431,0.9156054
test_16432,0.7604797
test_16433,0.0116516
test_16434,0.4084273
test_16435,0.0086120
test_16436,0.0969649
test_16437,0.8786356
test_16438,0.9944916
test_16439,0.9888467
test_16440,0.9935564
test_16441,0.0645930
test_16442,0.9889455
test_16443,0.1066566
test_16444,0.8614835
test_16445,0.8317665
test_16446,0.4507988
test_16447,0.6663430
test_16448,0.0227437
test_16449,0.9949687
test_16450,0.1694084
test_16451,0.0583980
test_16452,0.0101533
test_16453,0.9759831
test_16454,0.0073354
test_16455,0.9817690
test_16456,0.1128895
test_16457,0.0679446
test_16458,0.0062011
test_16459,0.0183043
test_16460,0.0037539
test_16461,0.9899087
test_16462,0.1807545
test_16463,0.9982649
test_16464,0.9595542
test_16465,0.7332448
test_16466,0.9383023
test_16467,0.9938050
test_16468,0.8093805
test_16469,0.9760973
test_16470,0.9980458
test_16471,0.0054152
test_16472,0.0022036
test_16473,0.4723623
test_16474,0.8620438
test_16475,0.0332592
test_16476,0.1560971
test_16477,0.0162614
test_16478,0.9739531
test_16479,0.1726114
test_16480,0.9979810
test_16481,0.0068688
test_16482,0.9799600
test_16483,0.0752381
test_16484,0.9861567
test_16485,0.0150813
test_16486,0.9803780
test_16487,0.1297078
test_16488,0.0424416
test_16489,0.0109422
test_16490,0.9748538
test_16491,0.1492207
test_16492,0.3008578
test_16493,0.0839050
test_16494,0.0455317
test_16495,0.0400358
test_16496,0.9556519
test_16497,0.0070154
test_16498,0.0149079
test_16499,0.0317557
test_16500,0.1373366
test_16501,0.9668373
test_16502,0.0802359
test_16503,0.0115020
test_16504,0.0404289
test_16505,0.9763275
test_16506,0.4752881
test_16507,0.9511999
test_16508,0.6948152
test_16509,0.0045004
test_16510,0.0908256
test_16511,0.9566015
test_16512,0.0402785
test_16513,0.0885087
test_16514,0.0068347
test_16515,0.9797553
test_16516,0.9864271
test_16517,0.0163873
test_16518,0.9894940
test_16519,0.8569590
test_16520,0.9038166
test_16521,0.0427282
test_16522,0.8641590
test_16523,0.9828056
test_16524,0.3711209
test_16525,0.0229134
test_16526,0.9921997
test_16527,0.1872305
test_16528,0.0641437
test_16529,0.9735933
test_16530,0.0212886
test_16531,0.8861459
test_16532,0.9673996
test_16533,0.0047216
test_16534,0.9978461
test_16535,0.8094267
test_16536,0.0072077
test_16537,0.8317513
test_16538,0.6830080
test_16539,0.9850109
test_16540,0.0069818
test_16541,0.0153636
test_16542,0.1066541
test_16543,0.9375337
test_16544,0.0121727
test_16545,0.0142135
test_16546,0.9989265
test_16547,0.9756907
test_16548,0.0832120
test_16549,0.0264836
test_16550,0.9921534
test_16551,0.9954722
test_16552,0.9767104
test_16553,0.0416312
test_16554,0.1683527
test_16555,0.1654464
test_16556,0.9790610
test_16557,0.9498631
test_16558,0.9936131
test_16559,0.9923128
test_16560,0.0032293
test_16561,0.9788203
test_16562,0.6057879
test_16563,0.0253792
test_16564,0.9863358
test_16565,0.9747191
test_16566,0.0079076
test_16567,0.6809267
test_16568,0.8452722
test_16569,0.0090605
test_16570,0.9130879
test_16571,0.9486967
test_16572,0.2336983
test_16573,0.0009689
test_16574,0.0655232
test_16575,0.0051392
test_16576,0.0103087
test_16577,0.0056984
test_16578,0.7985312
test_16579,0.0292243
test_16580,0.0037301
test_16581,0.0045657
test_16582,0.2714784
test_16583,0.9950331
test_16584,0.9018077
test_16585,0.0096613
test_16586,0.5053259
test_16587,0.9797769
test_16588,0.0047817
test_16589,0.7071027
test_16590,0.0401611
test_16591,0.9763143
test_16592,0.1260206
test_16593,0.0569069
test_16594,0.2653006
test_16595,0.1193182
test_16596,0.1869716
test_16597,0.0623760
test_16598,0.9827779
test_16599,0.5581292
test_16600,0.9874080
test_16601,0.0115440
test_16602,0.7468232
test_16603,0.9219326
test_16604,0.9965747
test_16605,0.0079440
test_16606,0.0150920
test_16607,0.0894059
test_16608,0.9807707
test_16609,0.9868867
test_16610,0.0071341
test_16611,0.4318347
test_16612,0.0512649
test_16613,0.9939431
test_16614,0.9913961
test_16615,0.0189161
test_16616,0.0212697
test_16617,0.0169661
test_16618,0.0144087
test_16619,0.2456010
test_16620,0.9844064
test_16621,0.9716905
test_16622,0.9792475
test_16623,0.4428510
test_16624,0.9598185
test_16625,0.0612564
test_16626,0.0457216
test_16627,0.0056766
test_16628,0.0168751
test_16629,0.1153367
test_16630,0.0029093
test_16631,0.0097038
test_16632,0.9790987
test_16633,0.0015624
test_16634,0.2408696
test_16635,0.4132130
test_16636,0.9417087
test_16637,0.0992891
test_16638,0.9971802
test_16639,0.9775156
test_16640,0.9702660
test_16641,0.2228022
test_16642,0.9916847
test_16643,0.9987698
test_16644,0.9925608
test_16645,0.9961830
test_16646,0.9904562
test_16647,0.9825693
test_16648,0.2905622
test_16649,0.9807870
test_16650,0.0179775
test_16651,0.0014658
test_16652,0.0261104
test_16653,0.9962781
test_16654,0.9923827
test_16655,0.0070914
test_16656,0.8915854
test_16657,0.9981553
test_16658,0.9895840
test_16659,0.5442358
test_16660,0.9901780
test_16661,0.0213619
test_16662,0.9814376
test_16663,0.0067990
test_16664,0.9745033
test_16665,0.0372820
test_16666,0.9325811
test_16667,0.0317284
test_16668,0.9963493
test_16669,0.0099837
test_16670,0.0081148
test_16671,0.4562334
test_16672,0.9786853
test_16673,0.0188258
test_16674,0.0821402
test_16675,0.0132325
test_16676,0.1343234
test_16677,0.9750130
test_16678,0.5425037
test_16679,0.1840948
test_16680,0.0380342
test_16681,0.0754344
test_16682,0.7514069
test_16683,0.2823331
test_16684,0.0489695
test_16685,0.0163781
test_16686,0.0194322
test_16687,0.9266773
test_16688,0.1484634
test_16689,0.9440469
test_16690,0.9872459
test_16691,0.7154198
test_16692,0.9128730
test_16693,0.0169405
test_16694,0.9968030
test_16695,0.0057636
test_16696,0.0266298
test_16697,0.0191051
test_16698,0.8512457
test_16699,0.1491182
test_16700,0.6880735
test_16701,0.0277524
test_16702,0.0283936
test_16703,0.9839278
test_16704,0.0201089
test_16705,0.5884819
test_16706,0.7485144
test_16707,0.2554732
test_16708,0.9759659
test_16709,0.9277798
test_16710,0.0405183
test_16711,0.8558399
test_16712,0.1674961
test_16713,0.1037497
test_16714,0.1287534
test_16715,0.0032512
test_16716,0.0300232
test_16717,0.0352955
test_16718,0.0193638
test_16719,0.1956059
test_16720,0.0023885
test_16721,0.9809301
test_16722,0.9936609
test_16723,0.9598031
test_16724,0.0223040
test_16725,0.0160302
test_16726,0.0300652
test_16727,0.9507096
test_16728,0.0241850
test_16729,0.0383932
test_16730,0.9748659
test_16731,0.0153439
test_16732,0.3478387
test_16733,0.0026602
test_16734,0.9475737
test_16735,0.0017670
test_16736,0.9778581
test_16737,0.7291103
test_16738,0.9763393
test_16739,0.9267144
test_16740,0.9851622
test_16741,0.0438108
test_16742,0.0100985
test_16743,0.0373137
test_16744,0.9554046
test_16745,0.0038040
test_16746,0.0363050
test_16747,0.4569948
test_16748,0.9632437
test_16749,0.9910060
test_16750,0.0144821
test_16751,0.9987041
test_16752,0.0302126
test_16753,0.9895484
test_16754,0.0130703
test_16755,0.0186321
test_16756,0.9975120
test_16757,0.0212739
test_16758,0.9873981
test_16759,0.9199336
test_16760,0.9584528
test_16761,0.9933528
test_16762,0.6605406
test_16763,0.9608335
test_16764,0.0041269
test_16765,0.9809296
test_16766,0.9888611
test_16767,0.1109490
test_16768,0.0191162
test_16769,0.9854056
test_16770,0.7563729
test_16771,0.9704459
test_16772,0.0155333
test_16773,0.9792909
test_16774,0.9910177
test_16775,0.0091453
test_16776,0.0189938
test_16777,0.9757009
test_16778,0.0151280
test_16779,0.0063241
test_16780,0.9950091
test_16781,0.0146779
test_16782,0.9879836
test_16783,0.5078043
test_16784,0.9801636
test_16785,0.9911984
test_16786,0.0374361
test_16787,0.7373090
test_16788,0.5982882
test_16789,0.9975141
test_16790,0.0331734
test_16791,0.0771343
test_16792,0.9885555
test_16793,0.0050040
test_16794,0.9898242
test_16795,0.0028350
test_16796,0.9575028
test_16797,0.0184101
test_16798,0.9076187
test_16799,0.9857380
test_16800,0.9782308
test_16801,0.9837436
test_16802,0.9968801
test_16803,0.0061591
test_16804,0.9979904
test_16805,0.9529150
test_16806,0.8922817
test_16807,0.9960591
test_16808,0.0181502
test_16809,0.0523950
test_16810,0.0230328
test_16811,0.9982618
test_16812,0.0393983
test_16813,0.2366308
test_16814,0.0586548
test_16815,0.9597756
test_16816,0.0039007
test_16817,0.9930648
test_16818,0.0278847
test_16819,0.9410589
test_16820,0.0058596
test_16821,0.7786529
test_16822,0.9948986
test_16823,0.8317107
test_16824,0.9962131
test_16825,0.8142908
test_16826,0.9388946
test_16827,0.0399905
test_16828,0.0110364
test_16829,0.0270186
test_16830,0.0119848
test_16831,0.9966416
test_16832,0.9797289
test_16833,0.1694093
test_16834,0.9535401
test_16835,0.9606147
test_16836,0.0088279
test_16837,0.9401002
test_16838,0.9659975
test_16839,0.9417034
test_16840,0.9919573
test_16841,0.9227167
test_16842,0.7023596
test_16843,0.0014269
test_16844,0.9927983
test_16845,0.0123869
test_16846,0.0455572
test_16847,0.4878234
test_16848,0.9953042
test_16849,0.9367440
test_16850,0.0372629
test_16851,0.0061249
test_16852,0.1030793
test_16853,0.1351292
test_16854,0.0123141
test_16855,0.0088102
test_16856,0.9917367
test_16857,0.9957882
test_16858,0.8631539
test_16859,0.0257843
test_16860,0.9184315
test_16861,0.0142642
test_16862,0.0372005
test_16863,0.9987332
test_16864,0.0270525
test_16865,0.0104767
test_16866,0.0257620
test_16867,0.9767147
test_16868,0.9660310
test_16869,0.9865587
test_16870,0.9782903
test_16871,0.9890424
test_16872,0.4917382
test_16873,0.0111350
test_16874,0.1054527
test_16875,0.0113542
test_16876,0.9194154
test_16877,0.0513696
test_16878,0.0009252
test_16879,0.6242881
test_16880,0.9959251
test_16881,0.0119421
test_16882,0.0130145
test_16883,0.9931027
test_16884,0.7903206
test_16885,0.0868988
test_16886,0.9113326
test_16887,0.9540531
test_16888,0.9560156
test_16889,0.9923555
test_16890,0.9665663
test_16891,0.0823234
test_16892,0.9909852
test_16893,0.9892254
test_16894,0.9950249
test_16895,0.0275035
test_16896,0.9731178
test_16897,0.0789855
test_16898,0.3743195
test_16899,0.4738138
test_16900,0.0417081
test_16901,0.0242964
test_16902,0.0222906
test_16903,0.6532184
test_16904,0.9964720
test_16905,0.0116097
test_16906,0.2362017
test_16907,0.9725176
test_16908,0.0109244
test_16909,0.9565020
test_16910,0.0049261
test_16911,0.1986018
test_16912,0.9951171
test_16913,0.3939173
test_16914,0.0251262
test_16915,0.9982375
test_16916,0.9579061
test_16917,0.0072170
test_16918,0.5312532
test_16919,0.2809432
test_16920,0.8010818
test_16921,0.9738335
test_16922,0.9002802
test_16923,0.5446711
test_16924,0.9631718
test_16925,0.1753617
test_16926,0.0125364
test_16927,0.0335148
test_16928,0.0198942
test_16929,0.0257938
test_16930,0.0383090
test_16931,0.9839406
test_16932,0.0004151
test_16933,0.9889471
test_16934,0.9813778
test_16935,0.4560953
test_16936,0.9977285
test_16937,0.9495786
test_16938,0.0088555
test_16939,0.9297834
test_16940,0.9810460
test_16941,0.6201453
test_16942,0.1370116
test_16943,0.6701127
test_16944,0.0418657
test_16945,0.0061127
test_16946,0.9733922
test_16947,0.0018139
test_16948,0.0265357
test_16949,0.9953318
test_16950,0.9453030
test_16951,0.9784712
test_16952,0.9481150
test_16953,0.9373907
test_16954,0.3120303
test_16955,0.9553636
test_16956,0.0006071
test_16957,0.0838023
test_16958,0.9572954
test_16959,0.0934392
test_16960,0.9954102
test_16961,0.0901251
test_16962,0.0198232
test_16963,0.9399123
test_16964,0.0034170
test_16965,0.8424548
test_16966,0.0345674
test_16967,0.0422778
test_16968,0.0155613
test_16969,0.5896459
test_16970,0.1208836
test_16971,0.9684058
test_16972,0.4748771
test_16973,0.8871622
test_16974,0.5450310
test_16975,0.0582992
test_16976,0.0712410
test_16977,0.1140425
test_16978,0.9812896
test_16979,0.0365044
test_16980,0.9393812
test_16981,0.7801483
test_16982,0.0214534
test_16983,0.9559500
test_16984,0.0510272
test_16985,0.1650358
test_16986,0.0034512
test_16987,0.0033074
test_16988,0.1638276
test_16989,0.4655591
test_16990,0.0734268
test_16991,0.1174676
test_16992,0.9882356
test_16993,0.3081726
test_16994,0.0087032
test_16995,0.6987489
test_16996,0.9419744
test_16997,0.7846652
test_16998,0.0216301
test_16999,0.9232950
test_17000,0.8476987
test_17001,0.1423182
test_17002,0.9855291
test_17003,0.0048714
test_17004,0.9820951
test_17005,0.5893630
test_17006,0.7199358
test_17007,0.7696086
test_17008,0.5821135
test_17009,0.0066650
test_17010,0.0735339
test_17011,0.4417080
test_17012,0.9084839
test_17013,0.6935772
test_17014,0.0019754
test_17015,0.0299262
test_17016,0.4089628
test_17017,0.8511447
test_17018,0.0268309
test_17019,0.0177622
test_17020,0.7098763
test_17021,0.9851228
test_17022,0.0156039
test_17023,0.0263331
test_17024,0.9954005
test_17025,0.0091384
test_17026,0.0351123
test_17027,0.9786193
test_17028,0.9750124
test_17029,0.0124449
test_17030,0.6017634
test_17031,0.0311458
test_17032,0.9926006
test_17033,0.9211864
test_17034,0.0073316
test_17035,0.6175923
test_17036,0.9916735
test_17037,0.0138208
test_17038,0.7150491
test_17039,0.2017852
test_17040,0.0823170
test_17041,0.6202606
test_17042,0.0863051
test_17043,0.0083420
test_17044,0.0361724
test_17045,0.0175446
test_17046,0.9930914
test_17047,0.9814898
test_17048,0.4953928
test_17049,0.9923705
test_17050,0.4218440
test_17051,0.6336419
test_17052,0.0512392
test_17053,0.4914965
test_17054,0.9813383
test_17055,0.4778236
test_17056,0.9962993
test_17057,0.7626706
test_17058,0.0031538
test_17059,0.0316989
test_17060,0.6997421
test_17061,0.0177670
test_17062,0.9800078
test_17063,0.9163064
test_17064,0.0037030
test_17065,0.7785746
test_17066,0.9362090
test_17067,0.8092335
test_17068,0.0107481
test_17069,0.9815803
test_17070,0.0679853
test_17071,0.9872407
test_17072,0.9706492
test_17073,0.0223566
test_17074,0.9506863
test_17075,0.2164085
test_17076,0.1018293
test_17077,0.9879887
test_17078,0.1530990
test_17079,0.9704164
test_17080,0.9496954
test_17081,0.0184888
test_17082,0.9639314
test_17083,0.0370554
test_17084,0.8635070
test_17085,0.0163592
test_17086,0.8403678
test_17087,0.9670782
test_17088,0.9984616
test_17089,0.3730519
test_17090,0.0937664
test_17091,0.0454705
test_17092,0.1186323
test_17093,0.6394196
test_17094,0.0028556
test_17095,0.9779950
test_17096,0.2191351
test_17097,0.9961180
test_17098,0.5957565
test_17099,0.9916620
test_17100,0.1460982
test_17101,0.0903654
test_17102,0.9959852
test_17103,0.0125311
test_17104,0.9584713
test_17105,0.9811989
test_17106,0.9582400
test_17107,0.2108097
test_17108,0.0115765
test_17109,0.9106524
test_17110,0.9873115
test_17111,0.9399669
test_17112,0.9652997
test_17113,0.9379247
test_17114,0.9890091
test_17115,0.5835302
test_17116,0.8252000
test_17117,0.0335812
test_17118,0.9447989
test_17119,0.9881377
test_17120,0.9103094
test_17121,0.9648421
test_17122,0.9981617
test_17123,0.0613033
test_17124,0.0099552
test_17125,0.8545047
test_17126,0.8948497
test_17127,0.1713176
test_17128,0.0577466
test_17129,0.9955412
test_17130,0.9814922
test_17131,0.0730355
test_17132,0.9782928
test_17133,0.0381734
test_17134,0.0044847
test_17135,0.3367250
test_17136,0.9904677
test_17137,0.2191766
test_17138,0.9592550
test_17139,0.0304614
test_17140,0.0337756
test_17141,0.7367432
test_17142,0.9903545
test_17143,0.9860071
test_17144,0.1132268
test_17145,0.0022937
test_17146,0.9931945
test_17147,0.9980433
test_17148,0.2334298
test_17149,0.0317840
test_17150,0.0035233
test_17151,0.8593285
test_17152,0.0087787
test_17153,0.0313181
test_17154,0.1831190
test_17155,0.0711992
test_17156,0.0896442
test_17157,0.8613324
test_17158,0.4999190
test_17159,0.0291746
test_17160,0.9956880
test_17161,0.9476479
test_17162,0.0389237
test_17163,0.9793857
test_17164,0.9836432
test_17165,0.9896482
test_17166,0.0604112
test_17167,0.0076049
test_17168,0.9724537
test_17169,0.9958931
test_17170,0.0978333
test_17171,0.0054658
test_17172,0.6593721
test_17173,0.8084613
test_17174,0.9781523
test_17175,0.0751925
test_17176,0.0109362
test_17177,0.5189601
test_17178,0.1629625
test_17179,0.9809796
test_17180,0.9024682
test_17181,0.9984860
test_17182,0.0324520
test_17183,0.9791770
test_17184,0.0492600
test_17185,0.9652860
test_17186,0.7787126
test_17187,0.9357198
test_17188,0.4421223
test_17189,0.0872054
test_17190,0.0196154
test_17191,0.2291010
test_17192,0.0667680
test_17193,0.0789236
test_17194,0.9880674
test_17195,0.0529150
test_17196,0.0607353
test_17197,0.0216356
test_17198,0.0070613
test_17199,0.0663538
test_17200,0.9801184
test_17201,0.0133365
test_17202,0.0134510
test_17203,0.9819448
test_17204,0.8633367
test_17205,0.0200779
test_17206,0.8921717
test_17207,0.1057120
test_17208,0.9902134
test_17209,0.0694077
test_17210,0.0916268
test_17211,0.0834296
test_17212,0.8560380
test_17213,0.6071544
test_17214,0.9920878
test_17215,0.9912288
test_17216,0.0401703
test_17217,0.0189545
test_17218,0.0037234
test_17219,0.0540473
test_17220,0.0067380
test_17221,0.0276935
test_17222,0.9964233
test_17223,0.0505534
test_17224,0.0053152
test_17225,0.0442439
test_17226,0.0239058
test_17227,0.9799752
test_17228,0.9866061
test_17229,0.7542445
test_17230,0.6907156
test_17231,0.9477994
test_17232,0.0013096
test_17233,0.0159191
test_17234,0.1827191
test_17235,0.9286894
test_17236,0.0234343
test_17237,0.9896250
test_17238,0.0049304
test_17239,0.9747608
test_17240,0.0116927
test_17241,0.0196636
test_17242,0.9906327
test_17243,0.0017014
test_17244,0.9805686
test_17245,0.0063211
test_17246,0.0171824
test_17247,0.0226041
test_17248,0.0613196
test_17249,0.9934714
test_17250,0.0149113
test_17251,0.9909202
test_17252,0.9878592
test_17253,0.8849029
test_17254,0.0793561
test_17255,0.9987102
test_17256,0.0803261
test_17257,0.0678732
test_17258,0.2202861
test_17259,0.9934096
test_17260,0.0053187
test_17261,0.9978070
test_17262,0.6887320
test_17263,0.6389043
test_17264,0.9574315
test_17265,0.9979456
test_17266,0.0067372
test_17267,0.0099569
test_17268,0.2431800
test_17269,0.0058872
test_17270,0.9793319
test_17271,0.0006717
test_17272,0.9752743
test_17273,0.9312333
test_17274,0.6537336
test_17275,0.0483348
test_17276,0.9746011
test_17277,0.9779316
test_17278,0.0646040
test_17279,0.0264594
test_17280,0.9319800
test_17281,0.0102532
test_17282,0.4527228
test_17283,0.4989499
test_17284,0.9828467
test_17285,0.9950685
test_17286,0.9930430
test_17287,0.0024837
test_17288,0.9785793
test_17289,0.0348691
test_17290,0.0188090
test_17291,0.9752223
test_17292,0.9907038
test_17293,0.0095327
test_17294,0.9649998
test_17295,0.0156100
test_17296,0.9771497
test_17297,0.9764174
test_17298,0.0097968
test_17299,0.8558972
test_17300,0.0293728
test_17301,0.6433195
test_17302,0.0041817
test_17303,0.1501847
test_17304,0.0625324
test_17305,0.7478563
test_17306,0.9748567
test_17307,0.9912267
test_17308,0.4815073
test_17309,0.0724031
test_17310,0.7667696
test_17311,0.0060741
test_17312,0.9645161
test_17313,0.9768953
test_17314,0.9883243
test_17315,0.4070660
test_17316,0.0125667
test_17317,0.9404438
test_17318,0.9458815
test_17319,0.9030229
test_17320,0.9861034
test_17321,0.9902380
test_17322,0.0108470
test_17323,0.9773508
test_17324,0.0049721
test_17325,0.0102606
test_17326,0.9904841
test_17327,0.0325905
test_17328,0.4717691
test_17329,0.0058118
test_17330,0.0229798
test_17331,0.2390887
test_17332,0.9761217
test_17333,0.9884566
test_17334,0.0124613
test_17335,0.9974700
test_17336,0.7613927
test_17337,0.0209333
test_17338,0.9972178
test_17339,0.0851524
test_17340,0.0163683
test_17341,0.0010158
test_17342,0.0512294
test_17343,0.0080887
test_17344,0.8944443
test_17345,0.9566376
test_17346,0.9720477
test_17347,0.0068024
test_17348,0.9946348
test_17349,0.0108030
test_17350,0.0100835
test_17351,0.9230254
test_17352,0.9983197
test_17353,0.9445307
test_17354,0.8911832
test_17355,0.0138330
test_17356,0.1902575
test_17357,0.9482601
test_17358,0.0028988
test_17359,0.9936569
test_17360,0.8850804
test_17361,0.9723660
test_17362,0.0192638
test_17363,0.2271638
test_17364,0.0790582
test_17365,0.0170388
test_17366,0.3697071
test_17367,0.9776477
test_17368,0.0193422
test_17369,0.9694089
test_17370,0.6845446
test_17371,0.9332921
test_17372,0.6246669
test_17373,0.2622896
test_17374,0.9340315
test_17375,0.0891609
test_17376,0.9771962
test_17377,0.0215926
test_17378,0.0151315
test_17379,0.8572748
test_17380,0.9979696
test_17381,0.2441497
test_17382,0.9702567
test_17383,0.7541336
test_17384,0.8735302
test_17385,0.0162225
test_17386,0.0032930
test_17387,0.9789581
test_17388,0.0015795
test_17389,0.0084297
test_17390,0.4443906
test_17391,0.0304686
test_17392,0.0180904
test_17393,0.2225809
test_17394,0.0628797
test_17395,0.0227447
test_17396,0.9989320
test_17397,0.0038667
test_17398,0.9972256
test_17399,0.6357664
test_17400,0.0138015
test_17401,0.9915993
test_17402,0.9540557
test_17403,0.9839644
test_17404,0.9415685
test_17405,0.9792338
test_17406,0.0067028
test_17407,0.9765410
test_17408,0.0056303
test_17409,0.8734070
test_17410,0.5761544
test_17411,0.9754694
test_17412,0.1179233
test_17413,0.9737506
test_17414,0.0136300
test_17415,0.0383349
test_17416,0.9854813
test_17417,0.9865284
test_17418,0.0080280
test_17419,0.0059524
test_17420,0.9933476
test_17421,0.9392363
test_17422,0.4602230
test_17423,0.9252945
test_17424,0.2004515
test_17425,0.5931156
test_17426,0.9920100
test_17427,0.4953101
test_17428,0.0574331
test_17429,0.0137120
test_17430,0.9530716
test_17431,0.0504845
test_17432,0.0236113
test_17433,0.0749911
test_17434,0.4585662
test_17435,0.8210569
test_17436,0.0011469
test_17437,0.4640366
test_17438,0.9940686
test_17439,0.1474389
test_17440,0.0012926
test_17441,0.9529810
test_17442,0.0112727
test_17443,0.9844160
test_17444,0.0069040
test_17445,0.0984592
test_17446,0.8738328
test_17447,0.3340079
test_17448,0.9685621
test_17449,0.9916751
test_17450,0.9362738
test_17451,0.1683441
test_17452,0.0306459
test_17453,0.9935874
test_17454,0.9773468
test_17455,0.0403514
test_17456,0.0477087
test_17457,0.9812590
test_17458,0.0391799
test_17459,0.7098803
test_17460,0.0075423
test_17461,0.9887059
test_17462,0.0320542
test_17463,0.0125087
test_17464,0.0051840
test_17465,0.0113024
test_17466,0.2786828
test_17467,0.9951065
test_17468,0.9730303
test_17469,0.0113897
test_17470,0.0215190
test_17471,0.8045911
test_17472,0.8288444
test_17473,0.7045004
test_17474,0.8292028
test_17475,0.0235647
test_17476,0.9464285
test_17477,0.2195750
test_17478,0.0369115
test_17479,0.0433777
test_17480,0.9988887
test_17481,0.9295053
test_17482,0.9760699
test_17483,0.0091808
test_17484,0.0506065
test_17485,0.9912007
test_17486,0.0138033
test_17487,0.4133392
test_17488,0.0126353
test_17489,0.9899028
test_17490,0.0324582
test_17491,0.0865009
test_17492,0.0239166
test_17493,0.9947727
test_17494,0.3480418
test_17495,0.0168131
test_17496,0.0947611
test_17497,0.0279985
test_17498,0.1103063
test_17499,0.8151624
test_17500,0.2829667
test_17501,0.4547348
test_17502,0.0140794
test_17503,0.9796018
test_17504,0.0073324
test_17505,0.0545389
test_17506,0.0029109
test_17507,0.9853151
test_17508,0.9959352
test_17509,0.9690402
test_17510,0.0078822
test_17511,0.9860616
test_17512,0.2020353
test_17513,0.9733043
test_17514,0.9295443
test_17515,0.9927008
test_17516,0.2053929
test_17517,0.9317428
test_17518,0.0592544
test_17519,0.0101468
test_17520,0.0813875
test_17521,0.9930566
test_17522,0.7071171
test_17523,0.0041453
test_17524,0.3589518
test_17525,0.1675874
test_17526,0.9844882
test_17527,0.0105307
test_17528,0.9940015
test_17529,0.0433379
test_17530,0.9964521
test_17531,0.0139810
test_17532,0.2222570
test_17533,0.9849588
test_17534,0.9792251
test_17535,0.9074371
test_17536,0.9991891
test_17537,0.2646876
test_17538,0.9406610
test_17539,0.3943426
test_17540,0.0201260
test_17541,0.9962937
test_17542,0.9969273
test_17543,0.9720399
test_17544,0.0241588
test_17545,0.5610534
test_17546,0.8783502
test_17547,0.2146376
test_17548,0.9953302
test_17549,0.0090522
test_17550,0.9639685
test_17551,0.2203692
test_17552,0.9869338
test_17553,0.2102064
test_17554,0.6096448
test_17555,0.1911560
test_17556,0.0732385
test_17557,0.9597436
test_17558,0.8874447
test_17559,0.9974895
test_17560,0.0123703
test_17561,0.0386273
test_17562,0.0032009
test_17563,0.9186538
test_17564,0.0114770
test_17565,0.0893973
test_17566,0.0053362
test_17567,0.9708708
test_17568,0.9754763
test_17569,0.0757798
test_17570,0.5091434
test_17571,0.0290223
test_17572,0.9772527
test_17573,0.9213520
test_17574,0.0027651
test_17575,0.0641848
test_17576,0.9639673
test_17577,0.9878866
test_17578,0.0603371
test_17579,0.4788628
test_17580,0.0301391
test_17581,0.0729785
test_17582,0.9888616
test_17583,0.3323060
test_17584,0.9758641
test_17585,0.9685593
test_17586,0.0568414
test_17587,0.0471295
test_17588,0.2131233
test_17589,0.7521335
test_17590,0.0287161
test_17591,0.9721077
test_17592,0.1124690
test_17593,0.9985656
test_17594,0.0034175
test_17595,0.9933773
test_17596,0.9194591
test_17597,0.6135265
test_17598,0.0713734
test_17599,0.8649963
test_17600,0.2003841
test_17601,0.1567793
test_17602,0.9948395
test_17603,0.1641646
test_17604,0.0334749
test_17605,0.0702236
test_17606,0.0027457
test_17607,0.0362951
test_17608,0.3076999
test_17609,0.8165072
test_17610,0.9452547
test_17611,0.9264979
test_17612,0.1364180
test_17613,0.1078407
test_17614,0.9469673
test_17615,0.0041020
test_17616,0.9881349
test_17617,0.1164572
test_17618,0.0095362
test_17619,0.5653256
test_17620,0.9677243
test_17621,0.2739013
test_17622,0.2947820
test_17623,0.9813522
test_17624,0.9788609
test_17625,0.9323117
test_17626,0.0107588
test_17627,0.7560009
test_17628,0.9643819
test_17629,0.9931539
test_17630,0.9941911
test_17631,0.9046558
test_17632,0.0074910
test_17633,0.9951147
test_17634,0.1437196
test_17635,0.8439571
test_17636,0.0033172
test_17637,0.0090887
test_17638,0.8048689
test_17639,0.8025758
test_17640,0.9873686
test_17641,0.0210037
test_17642,0.9705375
test_17643,0.2413952
test_17644,0.9323092
test_17645,0.9939342
test_17646,0.8562493
test_17647,0.0024797
test_17648,0.7798375
test_17649,0.4083853
test_17650,0.2188909
test_17651,0.9629065
test_17652,0.0276814
test_17653,0.0338779
test_17654,0.0052847
test_17655,0.0027182
test_17656,0.9579303
test_17657,0.9796193
test_17658,0.2299222
test_17659,0.0359343
test_17660,0.9907351
test_17661,0.9083102
test_17662,0.0173834
test_17663,0.9996120
test_17664,0.0473735
test_17665,0.0541611
test_17666,0.0377216
test_17667,0.9896170
test_17668,0.0655798
test_17669,0.8958970
test_17670,0.0003234
test_17671,0.2928396
test_17672,0.9253561
test_17673,0.0078583
test_17674,0.2724663
test_17675,0.9990983
test_17676,0.9113195
test_17677,0.6735879
test_17678,0.0203933
test_17679,0.9919116
test_17680,0.0135178
test_17681,0.0621443
test_17682,0.8831775
test_17683,0.9375514
test_17684,0.8953443
test_17685,0.9946159
test_17686,0.0455287
test_17687,0.0248864
test_17688,0.0159302
test_17689,0.9991733
test_17690,0.0064764
test_17691,0.4668591
test_17692,0.6171032
test_17693,0.9787096
test_17694,0.9796855
test_17695,0.8675029
test_17696,0.9963987
test_17697,0.9395085
test_17698,0.0207480
test_17699,0.0161221
test_17700,0.0036729
test_17701,0.9389122
test_17702,0.0456860
test_17703,0.0149684
test_17704,0.0639500
test_17705,0.0121746
test_17706,0.9862469
test_17707,0.0016765
test_17708,0.9901730
test_17709,0.0164575
test_17710,0.9919261
test_17711,0.0420079
test_17712,0.0057775
test_17713,0.0131537
test_17714,0.0397903
test_17715,0.0442033
test_17716,0.0322869
test_17717,0.8208827
test_17718,0.0216364
test_17719,0.0238518
test_17720,0.0660805
test_17721,0.4692155
test_17722,0.0174765
test_17723,0.7865576
test_17724,0.9793291
test_17725,0.0028221
test_17726,0.9855186
test_17727,0.7664464
test_17728,0.9454876
test_17729,0.6498988
test_17730,0.9880589
test_17731,0.5598702
test_17732,0.9929970
test_17733,0.9901310
test_17734,0.2833117
test_17735,0.9287437
test_17736,0.9977528
test_17737,0.0327142
test_17738,0.0223587
test_17739,0.9751760
test_17740,0.0001357
test_17741,0.9950867
test_17742,0.0253571
test_17743,0.9971513
test_17744,0.9858848
test_17745,0.2126875
test_17746,0.0925534
test_17747,0.0137893
test_17748,0.3208600
test_17749,0.9909534
test_17750,0.0156960
test_17751,0.1228762
test_17752,0.0081568
test_17753,0.9867061
test_17754,0.0545763
test_17755,0.5222017
test_17756,0.1705228
test_17757,0.9866801
test_17758,0.0026187
test_17759,0.9934911
test_17760,0.0912903
test_17761,0.5285122
test_17762,0.0113389
test_17763,0.0982040
test_17764,0.0213909
test_17765,0.9857672
test_17766,0.0055029
test_17767,0.0338447
test_17768,0.9856148
test_17769,0.0105094
test_17770,0.9768676
test_17771,0.5837613
test_17772,0.9653443
test_17773,0.0177571
test_17774,0.0019503
test_17775,0.0788634
test_17776,0.9727579
test_17777,0.0419344
test_17778,0.1306737
test_17779,0.0029093
test_17780,0.9909387
test_17781,0.0035859
test_17782,0.9394009
test_17783,0.0044030
test_17784,0.9136577
test_17785,0.9709143
test_17786,0.9425988
test_17787,0.6798182
test_17788,0.5776919
test_17789,0.1689878
test_17790,0.0123164
test_17791,0.9037859
test_17792,0.0150709
test_17793,0.0315903
test_17794,0.0379864
test_17795,0.0430200
test_17796,0.0061381
test_17797,0.9879799
test_17798,0.0843233
test_17799,0.0163249
test_17800,0.9805396
test_17801,0.0140282
test_17802,0.2040896
test_17803,0.0086043
test_17804,0.9914538
test_17805,0.9893066
test_17806,0.9731261
test_17807,0.0258168
test_17808,0.0661930
test_17809,0.0020557
test_17810,0.0073318
test_17811,0.0706402
test_17812,0.1667035
test_17813,0.2021964
test_17814,0.8263568
test_17815,0.9836736
test_17816,0.9859471
test_17817,0.0452273
test_17818,0.5637111
test_17819,0.9885342
test_17820,0.0046365
test_17821,0.9928357
test_17822,0.0009370
test_17823,0.0096490
test_17824,0.9708173
test_17825,0.0011085
test_17826,0.0902962
test_17827,0.1097623
test_17828,0.9828996
test_17829,0.5550414
test_17830,0.9906313
test_17831,0.0566441
test_17832,0.0072550
test_17833,0.7065452
test_17834,0.0767540
test_17835,0.9984533
test_17836,0.5210637
test_17837,0.9871774
test_17838,0.8966827
test_17839,0.9985928
test_17840,0.8073721
test_17841,0.7586272
test_17842,0.9505963
test_17843,0.0499093
test_17844,0.0885919
test_17845,0.5786367
test_17846,0.0152349
test_17847,0.9962339
test_17848,0.9336818
test_17849,0.3213690
test_17850,0.0151650
test_17851,0.4779122
test_17852,0.8237816
test_17853,0.8480296
test_17854,0.0178733
test_17855,0.0329970
test_17856,0.9788405
test_17857,0.0055549
test_17858,0.5491679
test_17859,0.5160760
test_17860,0.0099902
test_17861,0.8805177
test_17862,0.9960201
test_17863,0.3322175
test_17864,0.2213966
test_17865,0.9863656
test_17866,0.1338821
test_17867,0.3743880
test_17868,0.3092968
test_17869,0.0066699
test_17870,0.9884325
test_17871,0.7233729
test_17872,0.0300112
test_17873,0.9646499
test_17874,0.0041349
test_17875,0.9965646
test_17876,0.0211357
test_17877,0.4565919
test_17878,0.0272581
test_17879,0.7896535
test_17880,0.0036809
test_17881,0.5400898
test_17882,0.0336434
test_17883,0.9792801
test_17884,0.9792238
test_17885,0.9945890
test_17886,0.0163685
test_17887,0.9962782
test_17888,0.0049871
test_17889,0.9998837
test_17890,0.9790543
test_17891,0.9811627
test_17892,0.5969189
test_17893,0.9873357
test_17894,0.8770967
test_17895,0.0996144
test_17896,0.8278645
test_17897,0.3202249
test_17898,0.9555771
test_17899,0.0594242
test_17900,0.9569543
test_17901,0.0076682
test_17902,0.0330395
test_17903,0.9971210
test_17904,0.9092495
test_17905,0.0632737
test_17906,0.9995089
test_17907,0.9013259
test_17908,0.4559030
test_17909,0.8197712
test_17910,0.0070825
test_17911,0.0795688
test_17912,0.9907227
test_17913,0.8291734
test_17914,0.1969345
test_17915,0.9586599
test_17916,0.0028010
test_17917,0.0008227
test_17918,0.0172291
test_17919,0.0494612
test_17920,0.0432718
test_17921,0.9796458
test_17922,0.8892317
test_17923,0.5983952
test_17924,0.0036932
test_17925,0.0229437
test_17926,0.0136933
test_17927,0.2916905
test_17928,0.7589631
test_17929,0.2417161
test_17930,0.9369485
test_17931,0.9110768
test_17932,0.0717006
test_17933,0.9973778
test_17934,0.0003360
test_17935,0.0386360
test_17936,0.9844670
test_17937,0.0578735
test_17938,0.0039729
test_17939,0.9541146
test_17940,0.7018204
test_17941,0.2600856
test_17942,0.9805774
test_17943,0.9418199
test_17944,0.9757304
test_17945,0.0233682
test_17946,0.9132603
test_17947,0.1218298
test_17948,0.1850578
test_17949,0.4949790
test_17950,0.9976266
test_17951,0.2324213
test_17952,0.0356325
test_17953,0.9928963
test_17954,0.0175700
test_17955,0.0560989
test_17956,0.9865866
test_17957,0.0206136
test_17958,0.0614377
test_17959,0.0103218
test_17960,0.0039740
test_17961,0.1378665
test_17962,0.0414252
test_17963,0.9864056
test_17964,0.9345254
test_17965,0.9431415
test_17966,0.9446728
test_17967,0.7904176
test_17968,0.0163813
test_17969,0.2021790
test_17970,0.0618562
test_17971,0.9972411
test_17972,0.0093133
test_17973,0.9981449
test_17974,0.1254330
test_17975,0.2680504
test_17976,0.5261433
test_17977,0.5822175
test_17978,0.9450997
test_17979,0.9379705
test_17980,0.2382724
test_17981,0.5591816
test_17982,0.9896950
test_17983,0.8689585
test_17984,0.0161181
test_17985,0.0570185
test_17986,0.0306623
test_17987,0.0193598
test_17988,0.9883720
test_17989,0.9975144
test_17990,0.0603183
test_17991,0.9934837
test_17992,0.9907278
test_17993,0.0265147
test_17994,0.0232356
test_17995,0.1388651
test_17996,0.9919201
test_17997,0.0423806
test_17998,0.2977602
test_17999,0.3702141
test_18000,0.3524991
test_18001,0.0012754
test_18002,0.9915322
test_18003,0.9356350
test_18004,0.0302359
test_18005,0.9761648
test_18006,0.6710517
test_18007,0.8777280
test_18008,0.9962072
test_18009,0.9754663
test_18010,0.0801243
test_18011,0.9958704
test_18012,0.0117982
test_18013,0.9821384
test_18014,0.0168217
test_18015,0.0590611
test_18016,0.4005907
test_18017,0.0047190
test_18018,0.0306595
test_18019,0.0019322
test_18020,0.3343178
test_18021,0.8345647
test_18022,0.9385253
test_18023,0.8818364
test_18024,0.4584750
test_18025,0.0041763
test_18026,0.9624994
test_18027,0.0089240
test_18028,0.6569206
test_18029,0.0490808
test_18030,0.8696536
test_18031,0.9620312
test_18032,0.0166722
test_18033,0.9772199
test_18034,0.9832618
test_18035,0.4598069
test_18036,0.7665552
test_18037,0.3853622
test_18038,0.7791181
test_18039,0.9794182
test_18040,0.9888769
test_18041,0.8923496
test_18042,0.9947369
test_18043,0.2519456
test_18044,0.9949932
test_18045,0.0135488
test_18046,0.3149769
test_18047,0.0079658
test_18048,0.2340148
test_18049,0.9705647
test_18050,0.9806458
test_18051,0.0125460
test_18052,0.0388681
test_18053,0.0291249
test_18054,0.1570905
test_18055,0.9931529
test_18056,0.0266152
test_18057,0.2691118
test_18058,0.9893216
test_18059,0.0574648
test_18060,0.9202058
test_18061,0.9687663
test_18062,0.9981238
test_18063,0.0263628
test_18064,0.9888845
test_18065,0.9494720
test_18066,0.1051937
test_18067,0.9881299
test_18068,0.3612099
test_18069,0.7738530
test_18070,0.9921642
test_18071,0.0029674
test_18072,0.7081121
test_18073,0.0282820
test_18074,0.1013743
test_18075,0.9988306
test_18076,0.9904518
test_18077,0.0009581
test_18078,0.9589701
test_18079,0.5922615
test_18080,0.4774715
test_18081,0.9920441
test_18082,0.9769694
test_18083,0.9599621
test_18084,0.9881985
test_18085,0.0096105
test_18086,0.9945238
test_18087,0.0274067
test_18088,0.9442372
test_18089,0.0533561
test_18090,0.0044930
test_18091,0.9701846
test_18092,0.9972656
test_18093,0.4172388
test_18094,0.1851331
test_18095,0.9385419
test_18096,0.9236673
test_18097,0.9989008
test_18098,0.9882853
test_18099,0.9880504
test_18100,0.0715481
test_18101,0.0124117
test_18102,0.9835461
test_18103,0.4772642
test_18104,0.9352117
test_18105,0.9961696
test_18106,0.6636427
test_18107,0.6874108
test_18108,0.0231832
test_18109,0.0239067
test_18110,0.9760340
test_18111,0.3779908
test_18112,0.1565823
test_18113,0.4410279
test_18114,0.5725561
test_18115,0.7683308
test_18116,0.9969205
test_18117,0.0277793
test_18118,0.0099592
test_18119,0.0221930
test_18120,0.0705531
test_18121,0.9615493
test_18122,0.0277353
test_18123,0.9560938
test_18124,0.0088432
test_18125,0.9969849
test_18126,0.9856206
test_18127,0.0138800
test_18128,0.0072154
test_18129,0.0134693
test_18130,0.0029455
test_18131,0.9960864
test_18132,0.0310448
test_18133,0.4307839
test_18134,0.0526247
test_18135,0.1313088
test_18136,0.0209042
test_18137,0.0263841
test_18138,0.0151908
test_18139,0.0241537
test_18140,0.0454142
test_18141,0.0463317
test_18142,0.0016661
test_18143,0.9276122
test_18144,0.0147302
test_18145,0.7058937
test_18146,0.9715545
test_18147,0.1506242
test_18148,0.0737388
test_18149,0.9556279
test_18150,0.9879438
test_18151,0.9680061
test_18152,0.9989114
test_18153,0.0093387
test_18154,0.9738879
test_18155,0.9984559
test_18156,0.4160304
test_18157,0.0210102
test_18158,0.8839181
test_18159,0.2058839
test_18160,0.9923744
test_18161,0.9473998
test_18162,0.0081616
test_18163,0.0020212
test_18164,0.9976810
test_18165,0.4855679
test_18166,0.0143944
test_18167,0.6108398
test_18168,0.9161780
test_18169,0.9858852
test_18170,0.9912647
test_18171,0.8950598
test_18172,0.1805013
test_18173,0.9870400
test_18174,0.9983118
test_18175,0.0247917
test_18176,0.9978498
test_18177,0.9978190
test_18178,0.8497245
test_18179,0.9419582
test_18180,0.0269679
test_18181,0.7779015
test_18182,0.9902768
test_18183,0.8213149
test_18184,0.9783577
test_18185,0.9753352
test_18186,0.0067218
test_18187,0.0035763
test_18188,0.0156039
test_18189,0.0201802
test_18190,0.9997110
test_18191,0.7748275
test_18192,0.6771957
test_18193,0.2894912
test_18194,0.0245754
test_18195,0.9865647
test_18196,0.9929792
test_18197,0.8505335
test_18198,0.0171627
test_18199,0.6908662
test_18200,0.1879333
test_18201,0.9851982
test_18202,0.9899347
test_18203,0.1445743
test_18204,0.9748448
test_18205,0.9053228
test_18206,0.0198776
test_18207,0.5826019
test_18208,0.1935940
test_18209,0.9963114
test_18210,0.9647667
test_18211,0.0137007
test_18212,0.0947759
test_18213,0.0927071
test_18214,0.0160020
test_18215,0.7540066
test_18216,0.0152311
test_18217,0.0249849
test_18218,0.9801399
test_18219,0.0193922
test_18220,0.9804618
test_18221,0.0155651
test_18222,0.0015320
test_18223,0.0075714
test_18224,0.9896737
test_18225,0.9890017
test_18226,0.9714438
test_18227,0.9775856
test_18228,0.9908171
test_18229,0.0296787
test_18230,0.9952064
test_18231,0.9812756
test_18232,0.0112775
test_18233,0.8415757
test_18234,0.0442442
test_18235,0.9029899
test_18236,0.0629582
test_18237,0.0306367
test_18238,0.9865632
test_18239,0.9496605
test_18240,0.2126964
test_18241,0.3805958
test_18242,0.0028540
test_18243,0.0372332
test_18244,0.9900358
test_18245,0.6849239
test_18246,0.9160085
test_18247,0.0216076
test_18248,0.9544830
test_18249,0.0082447
test_18250,0.0177610
test_18251,0.1168579
test_18252,0.9592430
test_18253,0.9943613
test_18254,0.0238653
test_18255,0.0181746
test_18256,0.0020377
test_18257,0.0035146
test_18258,0.9761510
test_18259,0.1418545
test_18260,0.9623498
test_18261,0.9704424
test_18262,0.0207334
test_18263,0.9453371
test_18264,0.0624846
test_18265,0.0082395
test_18266,0.0698331
test_18267,0.6925606
test_18268,0.9927304
test_18269,0.0018866
test_18270,0.6155877
test_18271,0.0133972
test_18272,0.3034150
test_18273,0.0125490
test_18274,0.0337675
test_18275,0.0234635
test_18276,0.0137733
test_18277,0.0062618
test_18278,0.0127094
test_18279,0.9562395
test_18280,0.8619331
test_18281,0.0519460
test_18282,0.5343498
test_18283,0.0211713
test_18284,0.8181512
test_18285,0.8632874
test_18286,0.0322151
test_18287,0.4018106
test_18288,0.0034222
test_18289,0.9294471
test_18290,0.9637643
test_18291,0.0594554
test_18292,0.0485714
test_18293,0.7316436
test_18294,0.7697057
test_18295,0.9982358
test_18296,0.3550883
test_18297,0.0620371
test_18298,0.9127870
test_18299,0.0087294
test_18300,0.6275872
test_18301,0.0968086
test_18302,0.0132787
test_18303,0.0081188
test_18304,0.0023245
test_18305,0.9938764
test_18306,0.0796387
test_18307,0.0218830
test_18308,0.0118086
test_18309,0.9844674
test_18310,0.9973966
test_18311,0.0028788
test_18312,0.0304503
test_18313,0.9969972
test_18314,0.4004804
test_18315,0.0314050
test_18316,0.9396684
test_18317,0.6262382
test_18318,0.9797136
test_18319,0.0137865
test_18320,0.1737219
test_18321,0.0057360
test_18322,0.7553172
test_18323,0.8441797
test_18324,0.9708750
test_18325,0.3984502
test_18326,0.9950494
test_18327,0.0109610
test_18328,0.0629927
test_18329,0.8537363
test_18330,0.0102682
test_18331,0.9818370
test_18332,0.0058528
test_18333,0.0326595
test_18334,0.7432974
test_18335,0.0629050
test_18336,0.0091221
test_18337,0.9119457
test_18338,0.9732441
test_18339,0.3150744
test_18340,0.9955401
test_18341,0.0148823
test_18342,0.0016801
test_18343,0.9921146
test_18344,0.8959150
test_18345,0.0063987
test_18346,0.0194246
test_18347,0.9969364
test_18348,0.0121562
test_18349,0.0209022
test_18350,0.9396126
test_18351,0.0167620
test_18352,0.0643599
test_18353,0.0288650
test_18354,0.5474868
test_18355,0.9715232
test_18356,0.0066984
test_18357,0.9962482
test_18358,0.0185575
test_18359,0.0384898
test_18360,0.9953253
test_18361,0.9902592
test_18362,0.0402471
test_18363,0.9802692
test_18364,0.0760172
test_18365,0.9741473
test_18366,0.9982231
test_18367,0.0184153
test_18368,0.9990578
test_18369,0.8327860
test_18370,0.9862156
test_18371,0.0572237
test_18372,0.9824362
test_18373,0.0587216
test_18374,0.9804241
test_18375,0.9954141
test_18376,0.0147715
test_18377,0.9642192
test_18378,0.4738999
test_18379,0.9802120
test_18380,0.0450812
test_18381,0.9956719
test_18382,0.2450355
test_18383,0.9929710
test_18384,0.4106874
test_18385,0.9886729
test_18386,0.9961079
test_18387,0.0312091
test_18388,0.8460825
test_18389,0.9144490
test_18390,0.9895344
test_18391,0.0040050
test_18392,0.9278100
test_18393,0.8661045
test_18394,0.0925738
test_18395,0.0337449
test_18396,0.0704297
test_18397,0.9961789
test_18398,0.9030768
test_18399,0.9616153
test_18400,0.0206439
test_18401,0.9841574
test_18402,0.8124951
test_18403,0.9849404
test_18404,0.9593117
test_18405,0.4781928
test_18406,0.9327129
test_18407,0.8967959
test_18408,0.9950120
test_18409,0.0059478
test_18410,0.9989591
test_18411,0.9813058
test_18412,0.9537850
test_18413,0.9949751
test_18414,0.1935951
test_18415,0.0028920
test_18416,0.9958714
test_18417,0.0111538
test_18418,0.9047412
test_18419,0.9910772
test_18420,0.3969201
test_18421,0.0175264
test_18422,0.9642209
test_18423,0.9753940
test_18424,0.9505884
test_18425,0.1870682
test_18426,0.9996982
test_18427,0.9583885
test_18428,0.0047562
test_18429,0.0034867
test_18430,0.9895814
test_18431,0.9890905
test_18432,0.0049125
test_18433,0.9768456
test_18434,0.9704131
test_18435,0.9979467
test_18436,0.9913124
test_18437,0.3531469
test_18438,0.0049940
test_18439,0.9867783
test_18440,0.0313153
test_18441,0.7668201
test_18442,0.9922774
test_18443,0.0107416
test_18444,0.0093848
test_18445,0.9959500
test_18446,0.9585238
test_18447,0.1455515
test_18448,0.0527697
test_18449,0.0009543
test_18450,0.7438028
test_18451,0.0114954
test_18452,0.1421492
test_18453,0.9644133
test_18454,0.0176396
test_18455,0.9742697
test_18456,0.9896357
test_18457,0.0353243
test_18458,0.9897577
test_18459,0.9342009
test_18460,0.9852693
test_18461,0.9695032
test_18462,0.9684311
test_18463,0.9841930
test_18464,0.9897432
test_18465,0.1244068
test_18466,0.9266523
test_18467,0.0798288
test_18468,0.1568280
test_18469,0.0069346
test_18470,0.7669470
test_18471,0.9684868
test_18472,0.0262176
test_18473,0.9944371
test_18474,0.2855144
test_18475,0.1252769
test_18476,0.9725668
test_18477,0.0140762
test_18478,0.0073639
test_18479,0.9083902
test_18480,0.8538064
test_18481,0.3717299
test_18482,0.0066673
test_18483,0.9941520
test_18484,0.9862351
test_18485,0.9860724
test_18486,0.2822272
test_18487,0.4175690
test_18488,0.7591211
test_18489,0.0155346
test_18490,0.9526373
test_18491,0.0152988
test_18492,0.0961677
test_18493,0.0239873
test_18494,0.1455556
test_18495,0.9693175
test_18496,0.6712153
test_18497,0.9326940
test_18498,0.9821742
test_18499,0.0138655
test_18500,0.0817667
test_18501,0.4946342
test_18502,0.8096519
test_18503,0.0415232
test_18504,0.8308054
test_18505,0.0320311
test_18506,0.9747975
test_18507,0.7025557
test_18508,0.0092735
test_18509,0.9930737
test_18510,0.9554920
test_18511,0.0233032
test_18512,0.9842814
test_18513,0.0062498
test_18514,0.4408644
test_18515,0.0375421
test_18516,0.9926953
test_18517,0.9637714
test_18518,0.3053531
test_18519,0.6727495
test_18520,0.0118329
test_18521,0.3736454
test_18522,0.0069409
test_18523,0.5944837
test_18524,0.0181510
test_18525,0.0180018
test_18526,0.8317856
test_18527,0.0198629
test_18528,0.0256624
test_18529,0.9511345
test_18530,0.9841889
test_18531,0.9872740
test_18532,0.0064777
test_18533,0.8172299
test_18534,0.0188894
test_18535,0.0447919
test_18536,0.9613997
test_18537,0.9507995
test_18538,0.7870418
test_18539,0.0308689
test_18540,0.1990068
test_18541,0.4310998
test_18542,0.0562696
test_18543,0.7663698
test_18544,0.2349225
test_18545,0.9565968
test_18546,0.9945242
test_18547,0.9875569
test_18548,0.8811290
test_18549,0.8975862
test_18550,0.8357868
test_18551,0.9770284
test_18552,0.0121054
test_18553,0.0212880
test_18554,0.9755368
test_18555,0.9952080
test_18556,0.9868689
test_18557,0.2046584
test_18558,0.9595539
test_18559,0.9900262
test_18560,0.0025628
test_18561,0.2501085
test_18562,0.9700619
test_18563,0.9815833
test_18564,0.0061038
test_18565,0.8627204
test_18566,0.0233796
test_18567,0.9943544
test_18568,0.9242582
test_18569,0.9667117
test_18570,0.1236714
test_18571,0.0119756
test_18572,0.0968911
test_18573,0.9888669
test_18574,0.9848269
test_18575,0.0468808
test_18576,0.0151742
test_18577,0.0130355
test_18578,0.9845132
test_18579,0.9951033
test_18580,0.0524556
test_18581,0.0022970
test_18582,0.9920718
test_18583,0.0181409
test_18584,0.0088909
test_18585,0.0235116
test_18586,0.9947888
test_18587,0.7201265
test_18588,0.9731146
test_18589,0.0042827
test_18590,0.8394541
test_18591,0.2251687
test_18592,0.0017882
test_18593,0.0087859
test_18594,0.0921474
test_18595,0.9607273
test_18596,0.9516956
test_18597,0.6724323
test_18598,0.9920576
test_18599,0.9784474
test_18600,0.9544850
test_18601,0.9079589
test_18602,0.9856191
test_18603,0.9867937
test_18604,0.3463510
test_18605,0.0102575
test_18606,0.9787851
test_18607,0.9844899
test_18608,0.0214718
test_18609,0.0358070
test_18610,0.0201413
test_18611,0.9746751
test_18612,0.9964004
test_18613,0.2718934
test_18614,0.0090563
test_18615,0.9980229
test_18616,0.0052031
test_18617,0.9958521
test_18618,0.0626101
test_18619,0.9686059
test_18620,0.9969531
test_18621,0.3987365
test_18622,0.1887716
test_18623,0.5280305
test_18624,0.0289435
test_18625,0.9677774
test_18626,0.0042500
test_18627,0.7249419
test_18628,0.0120849
test_18629,0.3323079
test_18630,0.9954877
test_18631,0.0188244
test_18632,0.2229056
test_18633,0.0073845
test_18634,0.9899778
test_18635,0.9862770
test_18636,0.0013106
test_18637,0.9926112
test_18638,0.0863658
test_18639,0.9919708
test_18640,0.9931489
test_18641,0.2979231
test_18642,0.0469157
test_18643,0.0105160
test_18644,0.0217202
test_18645,0.0151848
test_18646,0.9508831
test_18647,0.0120403
test_18648,0.9894195
test_18649,0.0216652
test_18650,0.0040698
test_18651,0.9715126
test_18652,0.0527773
test_18653,0.0079947
test_18654,0.0310008
test_18655,0.1297379
test_18656,0.2922826
test_18657,0.0130910
test_18658,0.0063178
test_18659,0.9829813
test_18660,0.9732881
test_18661,0.1470824
test_18662,0.0054671
test_18663,0.5450572
test_18664,0.8372125
test_18665,0.1242748
test_18666,0.0176331
test_18667,0.7821870
test_18668,0.9724893
test_18669,0.5823019
test_18670,0.0035788
test_18671,0.0145578
test_18672,0.0722844
test_18673,0.7895226
test_18674,0.0339669
test_18675,0.0714346
test_18676,0.9003658
test_18677,0.0940365
test_18678,0.0138651
test_18679,0.9663794
test_18680,0.7540148
test_18681,0.5416165
test_18682,0.9918746
test_18683,0.9926600
test_18684,0.9834784
test_18685,0.8812004
test_18686,0.8214374
test_18687,0.9730917
test_18688,0.0060558
test_18689,0.9924193
test_18690,0.8425533
test_18691,0.8108705
test_18692,0.0071175
test_18693,0.9783274
test_18694,0.1708715
test_18695,0.9936255
test_18696,0.9866036
test_18697,0.0064030
test_18698,0.0849493
test_18699,0.3677608
test_18700,0.4734954
test_18701,0.6617043
test_18702,0.3402421
test_18703,0.0194031
test_18704,0.7798490
test_18705,0.0478549
test_18706,0.9866754
test_18707,0.0142596
test_18708,0.0110218
test_18709,0.9787838
test_18710,0.8482260
test_18711,0.5311054
test_18712,0.0078679
test_18713,0.9713751
test_18714,0.0492592
test_18715,0.9855835
test_18716,0.9957264
test_18717,0.0246969
test_18718,0.1060086
test_18719,0.9609329
test_18720,0.0053987
test_18721,0.8829229
test_18722,0.8867354
test_18723,0.0403357
test_18724,0.9833707
test_18725,0.9827808
test_18726,0.9549206
test_18727,0.9819928
test_18728,0.4450217
test_18729,0.9807235
test_18730,0.2356479
test_18731,0.9857213
test_18732,0.0007415
test_18733,0.9968345
test_18734,0.4113046
test_18735,0.0035181
test_18736,0.9923473
test_18737,0.9767331
test_18738,0.0077491
test_18739,0.8597770
test_18740,0.0219436
test_18741,0.0124075
test_18742,0.4064519
test_18743,0.9952910
test_18744,0.8385205
test_18745,0.9828476
test_18746,0.9845678
test_18747,0.0961630
test_18748,0.9971451
test_18749,0.9975168
test_18750,0.0214613
test_18751,0.3732307
test_18752,0.0400140
test_18753,0.9284572
test_18754,0.9388029
test_18755,0.5073797
test_18756,0.3763761
test_18757,0.2259867
test_18758,0.0050542
test_18759,0.9803020
test_18760,0.0509384
test_18761,0.2557575
test_18762,0.9786147
test_18763,0.9749202
test_18764,0.9841985
test_18765,0.2977418
test_18766,0.0080357
test_18767,0.9613241
test_18768,0.2358006
test_18769,0.6326411
test_18770,0.8061385
test_18771,0.0130472
test_18772,0.0237846
test_18773,0.4080117
test_18774,0.4785182
test_18775,0.2094579
test_18776,0.3943816
test_18777,0.1931781
test_18778,0.9750141
test_18779,0.4336728
test_18780,0.3059745
test_18781,0.0665525
test_18782,0.9939522
test_18783,0.0181915
test_18784,0.0694575
test_18785,0.5897927
test_18786,0.1927049
test_18787,0.9315271
test_18788,0.9876763
test_18789,0.0023605
test_18790,0.0205849
test_18791,0.0142701
test_18792,0.9619765
test_18793,0.0005454
test_18794,0.9853246
test_18795,0.0998557
test_18796,0.9761598
test_18797,0.9934390
test_18798,0.0292265
test_18799,0.9972534
test_18800,0.5437155
test_18801,0.0531104
test_18802,0.8606212
test_18803,0.1790656
test_18804,0.0341239
test_18805,0.0571921
test_18806,0.9758709
test_18807,0.2574281
test_18808,0.0216902
test_18809,0.0011190
test_18810,0.0068472
test_18811,0.6741590
test_18812,0.0079469
test_18813,0.9967739
test_18814,0.9009609
test_18815,0.1109793
test_18816,0.9536451
test_18817,0.1700311
test_18818,0.0441532
test_18819,0.9293230
test_18820,0.7495183
test_18821,0.8911495
test_18822,0.8957060
test_18823,0.9897983
test_18824,0.0012963
test_18825,0.1209529
test_18826,0.0938573
test_18827,0.0075583
test_18828,0.0055424
test_18829,0.0390190
test_18830,0.0431376
test_18831,0.9499459
test_18832,0.4363463
test_18833,0.1502397
test_18834,0.9706365
test_18835,0.9802096
test_18836,0.8851367
test_18837,0.7621166
test_18838,0.0176015
test_18839,0.9841301
test_18840,0.6631480
test_18841,0.0097456
test_18842,0.0081716
test_18843,0.9819500
test_18844,0.0022557
test_18845,0.9974880
test_18846,0.8637199
test_18847,0.0546753
test_18848,0.1700654
test_18849,0.9923621
test_18850,0.7782993
test_18851,0.9804567
test_18852,0.0028659
test_18853,0.1783830
test_18854,0.6970834
test_18855,0.4656108
test_18856,0.0181828
test_18857,0.0013299
test_18858,0.4627117
test_18859,0.0654524
test_18860,0.9818631
test_18861,0.0179894
test_18862,0.0090633
test_18863,0.0258520
test_18864,0.9984156
test_18865,0.0020157
test_18866,0.3379050
test_18867,0.9899632
test_18868,0.0043087
test_18869,0.4717017
test_18870,0.9966515
test_18871,0.0175579
test_18872,0.5347391
test_18873,0.2238283
test_18874,0.0857329
test_18875,0.1021661
test_18876,0.9038295
test_18877,0.0286266
test_18878,0.9742930
test_18879,0.0097440
test_18880,0.9967528
test_18881,0.9911565
test_18882,0.0020793
test_18883,0.2289624
test_18884,0.5065132
test_18885,0.0499218
test_18886,0.9664054
test_18887,0.5550669
test_18888,0.4511821
test_18889,0.0206402
test_18890,0.0697894
test_18891,0.2158928
test_18892,0.9860063
test_18893,0.8575982
test_18894,0.9933387
test_18895,0.9040415
test_18896,0.9864967
test_18897,0.9888771
test_18898,0.8265268
test_18899,0.5052876
test_18900,0.0463084
test_18901,0.9970638
test_18902,0.9810205
test_18903,0.0550905
test_18904,0.2973330
test_18905,0.1327035
test_18906,0.1000475
test_18907,0.0100384
test_18908,0.4973348
test_18909,0.9880280
test_18910,0.0069893
test_18911,0.0218691
test_18912,0.8393499
test_18913,0.0415062
test_18914,0.0044864
test_18915,0.2650634
test_18916,0.0059800
test_18917,0.1885036
test_18918,0.9880055
test_18919,0.9869050
test_18920,0.0224581
test_18921,0.9832831
test_18922,0.0021898
test_18923,0.9624677
test_18924,0.3728097
test_18925,0.0387521
test_18926,0.0378142
test_18927,0.4903175
test_18928,0.0038529
test_18929,0.2305316
test_18930,0.9755692
test_18931,0.9897333
test_18932,0.0116861
test_18933,0.0299542
test_18934,0.9905170
test_18935,0.4560871
test_18936,0.0126309
test_18937,0.9750520
test_18938,0.0066626
test_18939,0.0381866
test_18940,0.0116917
test_18941,0.9879593
test_18942,0.0231272
test_18943,0.0020865
test_18944,0.0143866
test_18945,0.9968364
test_18946,0.0160715
test_18947,0.9954149
test_18948,0.7171359
test_18949,0.9326088
test_18950,0.1789213
test_18951,0.0103526
test_18952,0.9649189
test_18953,0.7004257
test_18954,0.9967690
test_18955,0.0062774
test_18956,0.0201084
test_18957,0.9862174
test_18958,0.9625108
test_18959,0.0267545
test_18960,0.4372940
test_18961,0.7608399
test_18962,0.0026554
test_18963,0.0038084
test_18964,0.0048499
test_18965,0.0537044
test_18966,0.9836271
test_18967,0.9987812
test_18968,0.9836606
test_18969,0.9815057
test_18970,0.0044044
test_18971,0.9972448
test_18972,0.0213062
test_18973,0.9621758
test_18974,0.9960796
test_18975,0.5575645
test_18976,0.9781398
test_18977,0.9962280
test_18978,0.5618960
test_18979,0.9581112
test_18980,0.9934641
test_18981,0.0318905
test_18982,0.0070663
test_18983,0.6382418
test_18984,0.9374453
test_18985,0.0691883
test_18986,0.5156586
test_18987,0.7481185
test_18988,0.5415634
test_18989,0.9646263
test_18990,0.9713802
test_18991,0.9920568
test_18992,0.0230283
test_18993,0.9977593
test_18994,0.8744298
test_18995,0.9972510
test_18996,0.0018961
test_18997,0.0222886
test_18998,0.6349814
test_18999,0.0917952
test_19000,0.5890100
test_19001,0.1169771
test_19002,0.0121140
test_19003,0.0757968
test_19004,0.8979967
test_19005,0.0052856
test_19006,0.9909057
test_19007,0.0309893
test_19008,0.1264774
test_19009,0.0088811
test_19010,0.4285822
test_19011,0.9858948
test_19012,0.0027985
test_19013,0.0313900
test_19014,0.9822205
test_19015,0.0807696
test_19016,0.9823972
test_19017,0.3782920
test_19018,0.0115042
test_19019,0.9969270
test_19020,0.0227338
test_19021,0.0041853
test_19022,0.7388858
test_19023,0.0634081
test_19024,0.7240863
test_19025,0.9415882
test_19026,0.9774686
test_19027,0.0720873
test_19028,0.2439192
test_19029,0.9978085
test_19030,0.0016263
test_19031,0.9985643
test_19032,0.0248818
test_19033,0.9937121
test_19034,0.9419922
test_19035,0.0072612
test_19036,0.4385488
test_19037,0.9440259
test_19038,0.0082814
test_19039,0.0292524
test_19040,0.9880512
test_19041,0.9507338
test_19042,0.9990471
test_19043,0.9476800
test_19044,0.2671025
test_19045,0.0068055
test_19046,0.8416485
test_19047,0.9893979
test_19048,0.9919415
test_19049,0.9907473
test_19050,0.9154122
test_19051,0.0061623
test_19052,0.4614177
test_19053,0.8284549
test_19054,0.0098582
test_19055,0.9949579
test_19056,0.5290655
test_19057,0.7239653
test_19058,0.0034731
test_19059,0.0085113
test_19060,0.0134749
test_19061,0.9250599
test_19062,0.4296289
test_19063,0.9723958
test_19064,0.0086658
test_19065,0.0464838
test_19066,0.0161414
test_19067,0.9807183
test_19068,0.9457929
test_19069,0.0155792
test_19070,0.6709294
test_19071,0.0427214
test_19072,0.4276848
test_19073,0.9803581
test_19074,0.7931976
test_19075,0.9848770
test_19076,0.9252168
test_19077,0.2225604
test_19078,0.0627974
test_19079,0.6512383
test_19080,0.0116868
test_19081,0.9925548
test_19082,0.4735664
test_19083,0.8507655
test_19084,0.9211771
test_19085,0.0192151
test_19086,0.0134566
test_19087,0.1046196
test_19088,0.0268064
test_19089,0.3725923
test_19090,0.1085052
test_19091,0.9965897
test_19092,0.9408599
test_19093,0.0599569
test_19094,0.0344721
test_19095,0.0073077
test_19096,0.9700384
test_19097,0.2718762
test_19098,0.4677220
test_19099,0.9963465
test_19100,0.3174780
test_19101,0.9892225
test_19102,0.0041470
test_19103,0.0412879
test_19104,0.0355760
test_19105,0.8736713
test_19106,0.0471410
test_19107,0.9233337
test_19108,0.0224332
test_19109,0.3675719
test_19110,0.0384510
test_19111,0.0059330
test_19112,0.9758445
test_19113,0.1122830
test_19114,0.0148675
test_19115,0.0586979
test_19116,0.6446161
test_19117,0.0598589
test_19118,0.0048865
test_19119,0.3004061
test_19120,0.0287487
test_19121,0.9877467
test_19122,0.9186466
test_19123,0.9917675
test_19124,0.0086143
test_19125,0.9709806
test_19126,0.7995436
test_19127,0.0589432
test_19128,0.1807918
test_19129,0.0052327
test_19130,0.9897889
test_19131,0.5976575
test_19132,0.0234301
test_19133,0.0114040
test_19134,0.4491347
test_19135,0.0211737
test_19136,0.9896673
test_19137,0.9745538
test_19138,0.0103942
test_19139,0.0688247
test_19140,0.7746722
test_19141,0.1172518
test_19142,0.8788894
test_19143,0.0006756
test_19144,0.6926754
test_19145,0.9934021
test_19146,0.9893485
test_19147,0.9934430
test_19148,0.5692766
test_19149,0.9575719
test_19150,0.5478553
test_19151,0.0247327
test_19152,0.9890974
test_19153,0.6583540
test_19154,0.2511298
test_19155,0.8051276
test_19156,0.4126038
test_19157,0.9981122
test_19158,0.9861628
test_19159,0.9772162
test_19160,0.0230145
test_19161,0.0180719
test_19162,0.0052128
test_19163,0.9963498
test_19164,0.0624375
test_19165,0.0368524
test_19166,0.9317105
test_19167,0.9153290
test_19168,0.9285443
test_19169,0.0006024
test_19170,0.9974283
test_19171,0.7714635
test_19172,0.9730074
test_19173,0.9312227
test_19174,0.8198241
test_19175,0.0227879
test_19176,0.0694376
test_19177,0.8197537
test_19178,0.9884260
test_19179,0.3859802
test_19180,0.0043197
test_19181,0.6347619
test_19182,0.0111424
test_19183,0.6469868
test_19184,0.9197979
test_19185,0.9926099
test_19186,0.6115211
test_19187,0.9948891
test_19188,0.8735834
test_19189,0.9671642
test_19190,0.9910376
test_19191,0.0161379
test_19192,0.9650658
test_19193,0.0993277
test_19194,0.0304931
test_19195,0.1312488
test_19196,0.5225821
test_19197,0.0351737
test_19198,0.9708167
test_19199,0.0429180
test_19200,0.9666927
test_19201,0.9423162
test_19202,0.9652750
test_19203,0.9850302
test_19204,0.7206293
test_19205,0.0070246
test_19206,0.9167061
test_19207,0.0414910
test_19208,0.9974684
test_19209,0.9856206
test_19210,0.0496787
test_19211,0.0075598
test_19212,0.9982245
test_19213,0.9788554
test_19214,0.0127779
test_19215,0.0143826
test_19216,0.0902832
test_19217,0.9667882
test_19218,0.0155665
test_19219,0.3691857
test_19220,0.3540564
test_19221,0.7660850
test_19222,0.7304108
test_19223,0.9216266
test_19224,0.0114977
test_19225,0.0588489
test_19226,0.9499984
test_19227,0.4382641
test_19228,0.9986829
test_19229,0.0006839
test_19230,0.0581244
test_19231,0.4279364
test_19232,0.9234796
test_19233,0.9920067
test_19234,0.0039343
test_19235,0.0251059
test_19236,0.1382896
test_19237,0.0016776
test_19238,0.0318020
test_19239,0.2161032
test_19240,0.9359393
test_19241,0.8856268
test_19242,0.6150666
test_19243,0.0920845
test_19244,0.9793269
test_19245,0.9872115
test_19246,0.7932087
test_19247,0.1225389
test_19248,0.9856589
test_19249,0.1073580
test_19250,0.9625818
test_19251,0.9813526
test_19252,0.0022181
test_19253,0.0055090
test_19254,0.9745696
test_19255,0.5429115
test_19256,0.9036303
test_19257,0.0024183
test_19258,0.0339362
test_19259,0.0386373
test_19260,0.1567196
test_19261,0.8096998
test_19262,0.8907357
test_19263,0.0205872
test_19264,0.0188697
test_19265,0.9119235
test_19266,0.0458114
test_19267,0.9805427
test_19268,0.8521839
test_19269,0.5110148
test_19270,0.0286403
test_19271,0.0079981
test_19272,0.9825448
test_19273,0.9856005
test_19274,0.0044661
test_19275,0.0726213
test_19276,0.9222949
test_19277,0.1736295
test_19278,0.0106102
test_19279,0.6652107
test_19280,0.5119232
test_19281,0.8535700
test_19282,0.2401210
test_19283,0.2175284
test_19284,0.6219676
test_19285,0.1041577
test_19286,0.0084322
test_19287,0.4750142
test_19288,0.0748286
test_19289,0.0008368
test_19290,0.9457679
test_19291,0.3689584
test_19292,0.0416050
test_19293,0.0051669
test_19294,0.9790944
test_19295,0.9394889
test_19296,0.9665137
test_19297,0.0032126
test_19298,0.9797522
test_19299,0.0500472
test_19300,0.0828137
test_19301,0.9457570
test_19302,0.9875860
test_19303,0.9946600
test_19304,0.9967166
test_19305,0.0588263
test_19306,0.9925874
test_19307,0.9798349
test_19308,0.9086953
test_19309,0.2861045
test_19310,0.3458553
test_19311,0.0067886
test_19312,0.2753043
test_19313,0.0916725
test_19314,0.0081587
test_19315,0.9942021
test_19316,0.9308801
test_19317,0.0154502
test_19318,0.7866986
test_19319,0.0328798
test_19320,0.9626366
test_19321,0.0989975
test_19322,0.0465730
test_19323,0.9832512
test_19324,0.0058958
test_19325,0.0152709
test_19326,0.0047259
test_19327,0.9634399
test_19328,0.0019552
test_19329,0.1492260
test_19330,0.2908147
test_19331,0.0126248
test_19332,0.9782152
test_19333,0.0093152
test_19334,0.0048009
test_19335,0.0167786
test_19336,0.0288747
test_19337,0.0607922
test_19338,0.9422099
test_19339,0.0443319
test_19340,0.9980231
test_19341,0.0134957
test_19342,0.9554043
test_19343,0.9955644
test_19344,0.0064957
test_19345,0.9963932
test_19346,0.1070783
test_19347,0.0903586
test_19348,0.0448561
test_19349,0.0145245
test_19350,0.0530510
test_19351,0.0068886
test_19352,0.9830743
test_19353,0.0332706
test_19354,0.9960837
test_19355,0.0494854
test_19356,0.1648173
test_19357,0.6753653
test_19358,0.9772465
test_19359,0.9645538
test_19360,0.0230343
test_19361,0.0121742
test_19362,0.0085048
test_19363,0.0120298
test_19364,0.9906825
test_19365,0.0230888
test_19366,0.1668020
test_19367,0.9176822
test_19368,0.9873883
test_19369,0.4917986
test_19370,0.1587292
test_19371,0.0384069
test_19372,0.0376916
test_19373,0.7302351
test_19374,0.9935295
test_19375,0.6146770
test_19376,0.9758103
test_19377,0.9947542
test_19378,0.9688500
test_19379,0.0092395
test_19380,0.9894946
test_19381,0.9767874
test_19382,0.0039624
test_19383,0.9081309
test_19384,0.9981070
test_19385,0.9944184
test_19386,0.1629343
test_19387,0.3296908
test_19388,0.9392411
test_19389,0.4645166
test_19390,0.9708099
test_19391,0.9712074
test_19392,0.0086544
test_19393,0.9448367
test_19394,0.9634727
test_19395,0.3925111
test_19396,0.9402997
test_19397,0.3073281
test_19398,0.4118562
test_19399,0.4947416
test_19400,0.0077031
test_19401,0.9757290
test_19402,0.1201221
test_19403,0.0248123
test_19404,0.0024102
test_19405,0.7028127
test_19406,0.9638963
test_19407,0.0168670
test_19408,0.8068814
test_19409,0.0129627
test_19410,0.0312323
test_19411,0.0017335
test_19412,0.0169226
test_19413,0.9124711
test_19414,0.0060997
test_19415,0.2911625
test_19416,0.9818814
test_19417,0.1552615
test_19418,0.0042203
test_19419,0.6978968
test_19420,0.0229526
test_19421,0.9830427
test_19422,0.9967059
test_19423,0.7856594
test_19424,0.1249764
test_19425,0.0167569
test_19426,0.0076321
test_19427,0.0111690
test_19428,0.9862940
test_19429,0.9199365
test_19430,0.4067847
test_19431,0.9975225
test_19432,0.4944256
test_19433,0.0036321
test_19434,0.9706345
test_19435,0.9976239
test_19436,0.9888820
test_19437,0.9758734
test_19438,0.3129778
test_19439,0.2409475
test_19440,0.4467151
test_19441,0.9942378
test_19442,0.5424773
test_19443,0.0126763
test_19444,0.0034117
test_19445,0.0055237
test_19446,0.9904355
test_19447,0.0068746
test_19448,0.9435397
test_19449,0.9410750
test_19450,0.9908888
test_19451,0.9838242
test_19452,0.9964247
test_19453,0.9508660
test_19454,0.9144094
test_19455,0.0269903
test_19456,0.0430859
test_19457,0.9973590
test_19458,0.9442343
test_19459,0.9898515
test_19460,0.0357106
test_19461,0.0059470
test_19462,0.9182798
test_19463,0.0306635
test_19464,0.0406648
test_19465,0.0128315
test_19466,0.7013777
test_19467,0.6497524
test_19468,0.9852268
test_19469,0.9957763
test_19470,0.0102706
test_19471,0.0043091
test_19472,0.9706067
test_19473,0.9977683
test_19474,0.6632431
test_19475,0.9925113
test_19476,0.9785020
test_19477,0.0278537
test_19478,0.3737977
test_19479,0.9928991
test_19480,0.8572998
test_19481,0.9814834
test_19482,0.0347394
test_19483,0.9948459
test_19484,0.9714315
test_19485,0.9680555
test_19486,0.0056937
test_19487,0.7401662
test_19488,0.9555542
test_19489,0.6178935
test_19490,0.0219761
test_19491,0.9211398
test_19492,0.1498193
test_19493,0.9980982
test_19494,0.1291173
test_19495,0.9713459
test_19496,0.9491335
test_19497,0.0105057
test_19498,0.9078928
test_19499,0.9916850
test_19500,0.0051978
test_19501,0.8403419
test_19502,0.0101800
test_19503,0.4449599
test_19504,0.1305023
test_19505,0.9947402
test_19506,0.9102033
test_19507,0.9288236
test_19508,0.9726791
test_19509,0.6965596
test_19510,0.9846023
test_19511,0.7746205
test_19512,0.9932100
test_19513,0.7603179
test_19514,0.9795261
test_19515,0.0362937
test_19516,0.9746122
test_19517,0.0424619
test_19518,0.9396774
test_19519,0.6777717
test_19520,0.4381430
test_19521,0.9871445
test_19522,0.0436053
test_19523,0.0507772
test_19524,0.2334557
test_19525,0.0404229
test_19526,0.0171942
test_19527,0.9104300
test_19528,0.4089760
test_19529,0.4483857
test_19530,0.0208438
test_19531,0.0280615
test_19532,0.9885465
test_19533,0.0805381
test_19534,0.9563423
test_19535,0.0102229
test_19536,0.7092501
test_19537,0.0071743
test_19538,0.5793079
test_19539,0.9869601
test_19540,0.0395153
test_19541,0.9687435
test_19542,0.7714629
test_19543,0.0135812
test_19544,0.9959934
test_19545,0.9202124
test_19546,0.9979675
test_19547,0.0453714
test_19548,0.9957274
test_19549,0.0141473
test_19550,0.0015903
test_19551,0.6930293
test_19552,0.9868932
test_19553,0.0131906
test_19554,0.0349296
test_19555,0.5728490
test_19556,0.0693997
test_19557,0.1102490
test_19558,0.1005232
test_19559,0.0242930
test_19560,0.9991103
test_19561,0.9982251
test_19562,0.9828200
test_19563,0.9522419
test_19564,0.0033534
test_19565,0.8474171
test_19566,0.1934745
test_19567,0.8429237
test_19568,0.1999123
test_19569,0.2490716
test_19570,0.9492802
test_19571,0.9212900
test_19572,0.8691406
test_19573,0.5568739
test_19574,0.0233589
test_19575,0.0218431
test_19576,0.9634259
test_19577,0.9408044
test_19578,0.9846399
test_19579,0.0178346
test_19580,0.0067775
test_19581,0.6307778
test_19582,0.9601020
test_19583,0.0031599
test_19584,0.0051350
test_19585,0.8571269
test_19586,0.9738549
test_19587,0.0384688
test_19588,0.8980467
test_19589,0.0012960
test_19590,0.9902794
test_19591,0.9760443
test_19592,0.9587609
test_19593,0.8049768
test_19594,0.4464775
test_19595,0.0147014
test_19596,0.8471284
test_19597,0.1353754
test_19598,0.0561631
test_19599,0.9965343
test_19600,0.0195018
test_19601,0.0022555
test_19602,0.0208641
test_19603,0.9876815
test_19604,0.9880381
test_19605,0.0148073
test_19606,0.9726700
test_19607,0.0788354
test_19608,0.0202489
test_19609,0.0277024
test_19610,0.9839526
test_19611,0.9968090
test_19612,0.1783022
test_19613,0.9554549
test_19614,0.0249896
test_19615,0.7851464
test_19616,0.4210085
test_19617,0.2499622
test_19618,0.9115676
test_19619,0.9904474
test_19620,0.0883561
test_19621,0.0500735
test_19622,0.0048528
test_19623,0.0419514
test_19624,0.2790921
test_19625,0.9811640
test_19626,0.0019034
test_19627,0.0493562
test_19628,0.9985072
test_19629,0.0086455
test_19630,0.6059756
test_19631,0.8305330
test_19632,0.9878379
test_19633,0.5238467
test_19634,0.9426081
test_19635,0.9794712
test_19636,0.9571184
test_19637,0.6316679
test_19638,0.9179226
test_19639,0.8752623
test_19640,0.0043567
test_19641,0.2353849
test_19642,0.0139157
test_19643,0.0009145
test_19644,0.0040300
test_19645,0.3335738
test_19646,0.0415229
test_19647,0.9983364
test_19648,0.0383499
test_19649,0.8799232
test_19650,0.0025693
test_19651,0.0082391
test_19652,0.0244348
test_19653,0.3726343
test_19654,0.0086414
test_19655,0.0164992
test_19656,0.2884285
test_19657,0.0865166
test_19658,0.0114241
test_19659,0.9610874
test_19660,0.4903328
test_19661,0.0190956
test_19662,0.8290867
test_19663,0.2190400
test_19664,0.5874718
test_19665,0.8961586
test_19666,0.9980745
test_19667,0.9829528
test_19668,0.0072922
test_19669,0.0076671
test_19670,0.9936236
test_19671,0.4203960
test_19672,0.9968423
test_19673,0.0321036
test_19674,0.0093160
test_19675,0.9688471
test_19676,0.9669047
test_19677,0.9820936
test_19678,0.0231673
test_19679,0.9788645
test_19680,0.7643692
test_19681,0.6875383
test_19682,0.0106463
test_19683,0.9796343
test_19684,0.0383102
test_19685,0.9983859
test_19686,0.9922644
test_19687,0.0030622
test_19688,0.9864852
test_19689,0.9979312
test_19690,0.0607042
test_19691,0.9725170
test_19692,0.5849534
test_19693,0.8672919
test_19694,0.9879607
test_19695,0.8587438
test_19696,0.9906723
test_19697,0.0249887
test_19698,0.7053100
test_19699,0.9810397
test_19700,0.1907742
test_19701,0.0256533
test_19702,0.0391385
test_19703,0.0063223
test_19704,0.9735176
test_19705,0.0073748
test_19706,0.0102386
test_19707,0.9873084
test_19708,0.9405671
test_19709,0.0015280
test_19710,0.9976658
test_19711,0.0229588
test_19712,0.9236590
test_19713,0.9787919
test_19714,0.0084833
test_19715,0.0211352
test_19716,0.0050932
test_19717,0.9814392
test_19718,0.9682629
test_19719,0.9444858
test_19720,0.6409550
test_19721,0.6063708
test_19722,0.0021704
test_19723,0.9362761
test_19724,0.0608456
test_19725,0.9550099
test_19726,0.9749030
test_19727,0.3527764
test_19728,0.8993109
test_19729,0.0270844
test_19730,0.3773444
test_19731,0.0261223
test_19732,0.9950966
test_19733,0.2016687
test_19734,0.9828312
test_19735,0.9549558
test_19736,0.9888281
test_19737,0.4925906
test_19738,0.8721801
test_19739,0.1034875
test_19740,0.9639156
test_19741,0.9957851
test_19742,0.0263424
test_19743,0.0046605
test_19744,0.9948643
test_19745,0.9889807
test_19746,0.0154302
test_19747,0.7563653
test_19748,0.0055386
test_19749,0.4494910
test_19750,0.9932191
test_19751,0.0380848
test_19752,0.9866535
test_19753,0.0447485
test_19754,0.1559131
test_19755,0.8559518
test_19756,0.9745597
test_19757,0.9886143
test_19758,0.0343764
test_19759,0.9757428
test_19760,0.5615236
test_19761,0.0064971
test_19762,0.0933825
test_19763,0.2371939
test_19764,0.4947734
test_19765,0.9931824
test_19766,0.0020677
test_19767,0.1271190
test_19768,0.0528970
test_19769,0.0317971
test_19770,0.0065061
test_19771,0.9517621
test_19772,0.9748478
test_19773,0.0026126
test_19774,0.0125872
test_19775,0.0239129
test_19776,0.9856199
test_19777,0.0033951
test_19778,0.9781852
test_19779,0.8934718
test_19780,0.9606490
test_19781,0.0087565
test_19782,0.6080735
test_19783,0.0908928
test_19784,0.9973289
test_19785,0.9886436
test_19786,0.9766315
test_19787,0.0013779
test_19788,0.9878330
test_19789,0.9328505
test_19790,0.9361327
test_19791,0.3015611
test_19792,0.9924790
test_19793,0.2498501
test_19794,0.0007368
test_19795,0.2563455
test_19796,0.0326315
test_19797,0.9910504
test_19798,0.0330454
test_19799,0.9394602
test_19800,0.0049756
test_19801,0.1324872
test_19802,0.0144748
test_19803,0.9876068
test_19804,0.9230394
test_19805,0.0110239
test_19806,0.2749096
test_19807,0.7522205
test_19808,0.0350620
test_19809,0.1675018
test_19810,0.9837400
test_19811,0.9806054
test_19812,0.0334021
test_19813,0.1279680
test_19814,0.9976147
test_19815,0.0032063
test_19816,0.0223454
test_19817,0.9953949
test_19818,0.0250605
test_19819,0.9913028
test_19820,0.0146365
test_19821,0.9634507
test_19822,0.9816312
test_19823,0.9447196
test_19824,0.9965144
test_19825,0.7818632
test_19826,0.0058249
test_19827,0.9757054
test_19828,0.0284315
test_19829,0.0344681
test_19830,0.9903485
test_19831,0.0441820
test_19832,0.9802149
test_19833,0.0649324
test_19834,0.0426511
test_19835,0.1617724
test_19836,0.0038249
test_19837,0.8656736
test_19838,0.9986566
test_19839,0.0433420
test_19840,0.5676136
test_19841,0.1167934
test_19842,0.0085188
test_19843,0.0029248
test_19844,0.0178946
test_19845,0.2064649
test_19846,0.9929632
test_19847,0.9807385
test_19848,0.0309507
test_19849,0.0413190
test_19850,0.9874528
test_19851,0.0687456
test_19852,0.3963455
test_19853,0.0036608
test_19854,0.9925019
test_19855,0.5035638
test_19856,0.9692476
test_19857,0.1194072
test_19858,0.8334056
test_19859,0.6190093
test_19860,0.0190366
test_19861,0.1506968
test_19862,0.0065605
test_19863,0.8203250
test_19864,0.0045566
test_19865,0.9262690
test_19866,0.0091718
test_19867,0.9789117
test_19868,0.9251743
test_19869,0.0165884
test_19870,0.0019667
test_19871,0.9932698
test_19872,0.7942456
test_19873,0.8501603
test_19874,0.0007387
test_19875,0.0246759
test_19876,0.1906416
test_19877,0.7946593
test_19878,0.9793469
test_19879,0.9821625
test_19880,0.3258536
test_19881,0.0044858
test_19882,0.9821315
test_19883,0.5540905
test_19884,0.0218752
test_19885,0.9321296
test_19886,0.9838455
test_19887,0.9834458
test_19888,0.4376597
test_19889,0.9943877
test_19890,0.9936267
test_19891,0.0238620
test_19892,0.9575318
test_19893,0.9794880
test_19894,0.0063458
test_19895,0.9829549
test_19896,0.0360853
test_19897,0.3536673
test_19898,0.0043490
test_19899,0.0056305
test_19900,0.9573484
test_19901,0.0241182
test_19902,0.9111708
test_19903,0.8451129
test_19904,0.9911884
test_19905,0.0777002
test_19906,0.4864803
test_19907,0.2999961
test_19908,0.0110458
test_19909,0.0124043
test_19910,0.0057113
test_19911,0.1206334
test_19912,0.3557030
test_19913,0.8906548
test_19914,0.0359995
test_19915,0.0453597
test_19916,0.0240817
test_19917,0.0058663
test_19918,0.0261670
test_19919,0.0180857
test_19920,0.0154242
test_19921,0.9842194
test_19922,0.9281471
test_19923,0.9966519
test_19924,0.1638846
test_19925,0.9701817
test_19926,0.0115315
test_19927,0.5306785
test_19928,0.0078884
test_19929,0.9837261
test_19930,0.5828550
test_19931,0.9845453
test_19932,0.9646999
test_19933,0.3710132
test_19934,0.9685969
test_19935,0.0792705
test_19936,0.8035180
test_19937,0.9747096
test_19938,0.9923516
test_19939,0.0484946
test_19940,0.0025869
test_19941,0.1303253
test_19942,0.0576264
test_19943,0.7821342
test_19944,0.9923441
test_19945,0.0051851
test_19946,0.0059094
test_19947,0.0081467
test_19948,0.9310120
test_19949,0.0037139
test_19950,0.1023899
test_19951,0.9997272
test_19952,0.9818993
test_19953,0.0008666
test_19954,0.0301944
test_19955,0.0110150
test_19956,0.0017735
test_19957,0.1166513
test_19958,0.3762839
test_19959,0.9750056
test_19960,0.1121021
test_19961,0.9960880
test_19962,0.0527030
test_19963,0.0194516
test_19964,0.6950032
test_19965,0.0067665
test_19966,0.9987172
test_19967,0.4950240
test_19968,0.8632166
test_19969,0.1510507
test_19970,0.0175241
test_19971,0.0836739
test_19972,0.0776877
test_19973,0.6420971
test_19974,0.9026697
test_19975,0.1768579
test_19976,0.7264541
test_19977,0.0165704
test_19978,0.0064001
test_19979,0.0277402
test_19980,0.9607930
test_19981,0.9907377
test_19982,0.9850398
test_19983,0.8349240
test_19984,0.2924176
test_19985,0.1490909
test_19986,0.1183109
test_19987,0.9302638
test_19988,0.9630255
test_19989,0.0065922
test_19990,0.1684254
test_19991,0.9905322
test_19992,0.0625582
test_19993,0.5068573
test_19994,0.0914871
test_19995,0.3284105
test_19996,0.0038719
test_19997,0.0424882
test_19998,0.0072912
test_19999,0.2744020
